/*
Navicat MySQL Data Transfer

Source Server         : localhost
Source Server Version : 50133
Source Host           : localhost:3306
Source Database       : attendance

Target Server Type    : MYSQL
Target Server Version : 50133
File Encoding         : 65001

Date: 2017-05-20 15:39:11
*/

SET FOREIGN_KEY_CHECKS=0;

-- ----------------------------
-- Table structure for activity
-- ----------------------------
DROP TABLE IF EXISTS `activity`;
CREATE TABLE `activity` (
  `id` bigint(20) NOT NULL AUTO_INCREMENT,
  `description` varchar(255) DEFAULT NULL,
  `name` varchar(255) DEFAULT NULL,
  `name_complement` varchar(255) DEFAULT NULL,
  `center_id` bigint(20) DEFAULT NULL,
  PRIMARY KEY (`id`),
  KEY `FKr758s90bud7kocnwq4eeq6r57` (`center_id`) USING BTREE,
  CONSTRAINT `activity_ibfk_1` FOREIGN KEY (`center_id`) REFERENCES `center` (`id`)
) ENGINE=InnoDB AUTO_INCREMENT=12 DEFAULT CHARSET=latin1;

-- ----------------------------
-- Records of activity
-- ----------------------------
INSERT INTO `activity` VALUES ('1', null, 'Direção espiritual', 'sr', '1');
INSERT INTO `activity` VALUES ('2', null, 'Meditação', 'sr', '1');
INSERT INTO `activity` VALUES ('3', null, 'Recolhimento', 'sr', '1');
INSERT INTO `activity` VALUES ('4', null, 'Curso Básico de Doutrina', null, '1');
INSERT INTO `activity` VALUES ('5', null, 'Catequese', null, '1');
INSERT INTO `activity` VALUES ('6', null, 'Círculo', 'sr', '1');
INSERT INTO `activity` VALUES ('7', null, 'Retiro', 'sr', '1');
INSERT INTO `activity` VALUES ('8', null, 'Convívio', 'sr', '1');
INSERT INTO `activity` VALUES ('9', null, 'vpv', null, '1');

-- ----------------------------
-- Table structure for attendance
-- ----------------------------
DROP TABLE IF EXISTS `attendance`;
CREATE TABLE `attendance` (
  `id` bigint(20) NOT NULL AUTO_INCREMENT,
  `date` date DEFAULT NULL,
  `activity_id` bigint(20) DEFAULT NULL,
  `person_id` bigint(20) DEFAULT NULL,
  PRIMARY KEY (`id`),
  UNIQUE KEY `UC_Attendance` (`date`,`activity_id`,`person_id`),
  KEY `FKey1f232tapbr4hrd90blf6ga6` (`activity_id`) USING BTREE,
  KEY `FKd5wmpdsbs8oyb3b2amd78lfev` (`person_id`) USING BTREE,
  CONSTRAINT `attendance_ibfk_1` FOREIGN KEY (`person_id`) REFERENCES `person` (`id`),
  CONSTRAINT `attendance_ibfk_2` FOREIGN KEY (`activity_id`) REFERENCES `activity` (`id`)
) ENGINE=InnoDB AUTO_INCREMENT=4944 DEFAULT CHARSET=latin1;

-- ----------------------------
-- Records of attendance
-- ----------------------------
INSERT INTO `attendance` VALUES ('93', '2015-01-01', '1', '10');
INSERT INTO `attendance` VALUES ('138', '2015-01-01', '1', '19');
INSERT INTO `attendance` VALUES ('149', '2015-01-01', '1', '34');
INSERT INTO `attendance` VALUES ('199', '2015-01-01', '1', '40');
INSERT INTO `attendance` VALUES ('206', '2015-01-01', '1', '43');
INSERT INTO `attendance` VALUES ('212', '2015-01-01', '1', '46');
INSERT INTO `attendance` VALUES ('233', '2015-01-01', '1', '50');
INSERT INTO `attendance` VALUES ('252', '2015-01-01', '1', '69');
INSERT INTO `attendance` VALUES ('255', '2015-01-01', '1', '76');
INSERT INTO `attendance` VALUES ('274', '2015-01-01', '1', '78');
INSERT INTO `attendance` VALUES ('289', '2015-01-01', '1', '102');
INSERT INTO `attendance` VALUES ('310', '2015-01-01', '1', '109');
INSERT INTO `attendance` VALUES ('312', '2015-01-01', '1', '112');
INSERT INTO `attendance` VALUES ('341', '2015-01-01', '1', '123');
INSERT INTO `attendance` VALUES ('406', '2015-01-01', '1', '143');
INSERT INTO `attendance` VALUES ('421', '2015-01-01', '1', '147');
INSERT INTO `attendance` VALUES ('437', '2015-01-01', '1', '168');
INSERT INTO `attendance` VALUES ('448', '2015-01-01', '1', '179');
INSERT INTO `attendance` VALUES ('468', '2015-01-01', '1', '185');
INSERT INTO `attendance` VALUES ('503', '2015-01-01', '1', '208');
INSERT INTO `attendance` VALUES ('536', '2015-01-01', '1', '227');
INSERT INTO `attendance` VALUES ('603', '2015-01-01', '1', '245');
INSERT INTO `attendance` VALUES ('604', '2015-01-01', '1', '246');
INSERT INTO `attendance` VALUES ('618', '2015-01-01', '1', '255');
INSERT INTO `attendance` VALUES ('645', '2015-01-01', '1', '261');
INSERT INTO `attendance` VALUES ('647', '2015-01-01', '1', '267');
INSERT INTO `attendance` VALUES ('727', '2015-01-01', '2', '34');
INSERT INTO `attendance` VALUES ('779', '2015-01-01', '2', '41');
INSERT INTO `attendance` VALUES ('849', '2015-01-01', '2', '59');
INSERT INTO `attendance` VALUES ('899', '2015-01-01', '2', '82');
INSERT INTO `attendance` VALUES ('1265', '2015-01-01', '2', '227');
INSERT INTO `attendance` VALUES ('1281', '2015-01-01', '2', '233');
INSERT INTO `attendance` VALUES ('1488', '2015-01-01', '3', '233');
INSERT INTO `attendance` VALUES ('1921', '2015-01-01', '8', '82');
INSERT INTO `attendance` VALUES ('1924', '2015-01-02', '8', '171');
INSERT INTO `attendance` VALUES ('1923', '2015-01-02', '8', '234');
INSERT INTO `attendance` VALUES ('150', '2015-01-08', '1', '34');
INSERT INTO `attendance` VALUES ('213', '2015-01-08', '1', '46');
INSERT INTO `attendance` VALUES ('256', '2015-01-08', '1', '76');
INSERT INTO `attendance` VALUES ('313', '2015-01-08', '1', '112');
INSERT INTO `attendance` VALUES ('342', '2015-01-08', '1', '123');
INSERT INTO `attendance` VALUES ('449', '2015-01-08', '1', '179');
INSERT INTO `attendance` VALUES ('469', '2015-01-08', '1', '185');
INSERT INTO `attendance` VALUES ('605', '2015-01-08', '1', '246');
INSERT INTO `attendance` VALUES ('704', '2015-01-08', '2', '16');
INSERT INTO `attendance` VALUES ('1048', '2015-01-08', '2', '138');
INSERT INTO `attendance` VALUES ('1160', '2015-01-08', '2', '185');
INSERT INTO `attendance` VALUES ('1273', '2015-01-08', '2', '229');
INSERT INTO `attendance` VALUES ('1282', '2015-01-08', '2', '233');
INSERT INTO `attendance` VALUES ('1423', '2015-01-08', '2', '268');
INSERT INTO `attendance` VALUES ('151', '2015-01-15', '1', '34');
INSERT INTO `attendance` VALUES ('214', '2015-01-15', '1', '46');
INSERT INTO `attendance` VALUES ('257', '2015-01-15', '1', '76');
INSERT INTO `attendance` VALUES ('292', '2015-01-15', '1', '104');
INSERT INTO `attendance` VALUES ('450', '2015-01-15', '1', '179');
INSERT INTO `attendance` VALUES ('728', '2015-01-15', '2', '34');
INSERT INTO `attendance` VALUES ('900', '2015-01-15', '2', '82');
INSERT INTO `attendance` VALUES ('1049', '2015-01-15', '2', '138');
INSERT INTO `attendance` VALUES ('1283', '2015-01-15', '2', '233');
INSERT INTO `attendance` VALUES ('152', '2015-01-22', '1', '34');
INSERT INTO `attendance` VALUES ('279', '2015-01-22', '1', '88');
INSERT INTO `attendance` VALUES ('958', '2015-01-22', '2', '104');
INSERT INTO `attendance` VALUES ('1128', '2015-01-22', '2', '171');
INSERT INTO `attendance` VALUES ('1284', '2015-01-22', '2', '233');
INSERT INTO `attendance` VALUES ('1324', '2015-01-22', '2', '234');
INSERT INTO `attendance` VALUES ('153', '2015-01-29', '1', '34');
INSERT INTO `attendance` VALUES ('215', '2015-01-29', '1', '46');
INSERT INTO `attendance` VALUES ('311', '2015-01-29', '1', '110');
INSERT INTO `attendance` VALUES ('499', '2015-01-29', '1', '193');
INSERT INTO `attendance` VALUES ('537', '2015-01-29', '1', '227');
INSERT INTO `attendance` VALUES ('729', '2015-01-29', '2', '34');
INSERT INTO `attendance` VALUES ('817', '2015-01-29', '2', '46');
INSERT INTO `attendance` VALUES ('860', '2015-01-29', '2', '70');
INSERT INTO `attendance` VALUES ('1129', '2015-01-29', '2', '171');
INSERT INTO `attendance` VALUES ('1207', '2015-01-29', '2', '198');
INSERT INTO `attendance` VALUES ('1285', '2015-01-29', '2', '233');
INSERT INTO `attendance` VALUES ('1433', '2015-02-01', '3', '14');
INSERT INTO `attendance` VALUES ('1434', '2015-02-01', '3', '16');
INSERT INTO `attendance` VALUES ('1456', '2015-02-01', '3', '76');
INSERT INTO `attendance` VALUES ('1457', '2015-02-01', '3', '80');
INSERT INTO `attendance` VALUES ('1460', '2015-02-01', '3', '112');
INSERT INTO `attendance` VALUES ('1464', '2015-02-01', '3', '116');
INSERT INTO `attendance` VALUES ('1470', '2015-02-01', '3', '138');
INSERT INTO `attendance` VALUES ('1475', '2015-02-01', '3', '166');
INSERT INTO `attendance` VALUES ('1477', '2015-02-01', '3', '177');
INSERT INTO `attendance` VALUES ('1478', '2015-02-01', '3', '185');
INSERT INTO `attendance` VALUES ('1489', '2015-02-01', '3', '233');
INSERT INTO `attendance` VALUES ('1928', '2015-02-01', '8', '34');
INSERT INTO `attendance` VALUES ('216', '2015-02-05', '1', '46');
INSERT INTO `attendance` VALUES ('253', '2015-02-05', '1', '70');
INSERT INTO `attendance` VALUES ('470', '2015-02-05', '1', '185');
INSERT INTO `attendance` VALUES ('483', '2015-02-05', '1', '186');
INSERT INTO `attendance` VALUES ('504', '2015-02-05', '1', '208');
INSERT INTO `attendance` VALUES ('818', '2015-02-05', '2', '46');
INSERT INTO `attendance` VALUES ('861', '2015-02-05', '2', '70');
INSERT INTO `attendance` VALUES ('1050', '2015-02-05', '2', '138');
INSERT INTO `attendance` VALUES ('1286', '2015-02-05', '2', '233');
INSERT INTO `attendance` VALUES ('1394', '2015-02-05', '2', '255');
INSERT INTO `attendance` VALUES ('154', '2015-02-12', '1', '34');
INSERT INTO `attendance` VALUES ('217', '2015-02-12', '1', '46');
INSERT INTO `attendance` VALUES ('258', '2015-02-12', '1', '76');
INSERT INTO `attendance` VALUES ('314', '2015-02-12', '1', '112');
INSERT INTO `attendance` VALUES ('407', '2015-02-12', '1', '143');
INSERT INTO `attendance` VALUES ('422', '2015-02-12', '1', '147');
INSERT INTO `attendance` VALUES ('451', '2015-02-12', '1', '179');
INSERT INTO `attendance` VALUES ('484', '2015-02-12', '1', '186');
INSERT INTO `attendance` VALUES ('619', '2015-02-12', '1', '255');
INSERT INTO `attendance` VALUES ('705', '2015-02-12', '2', '16');
INSERT INTO `attendance` VALUES ('730', '2015-02-12', '2', '34');
INSERT INTO `attendance` VALUES ('819', '2015-02-12', '2', '46');
INSERT INTO `attendance` VALUES ('968', '2015-02-12', '2', '112');
INSERT INTO `attendance` VALUES ('1161', '2015-02-12', '2', '185');
INSERT INTO `attendance` VALUES ('1169', '2015-02-12', '2', '186');
INSERT INTO `attendance` VALUES ('1287', '2015-02-12', '2', '233');
INSERT INTO `attendance` VALUES ('1395', '2015-02-12', '2', '255');
INSERT INTO `attendance` VALUES ('1424', '2015-02-12', '2', '268');
INSERT INTO `attendance` VALUES ('1886', '2015-02-15', '5', '86');
INSERT INTO `attendance` VALUES ('229', '2015-02-19', '1', '47');
INSERT INTO `attendance` VALUES ('372', '2015-02-19', '1', '129');
INSERT INTO `attendance` VALUES ('452', '2015-02-19', '1', '179');
INSERT INTO `attendance` VALUES ('500', '2015-02-19', '1', '201');
INSERT INTO `attendance` VALUES ('538', '2015-02-19', '1', '227');
INSERT INTO `attendance` VALUES ('620', '2015-02-19', '1', '255');
INSERT INTO `attendance` VALUES ('731', '2015-02-19', '2', '34');
INSERT INTO `attendance` VALUES ('862', '2015-02-19', '2', '70');
INSERT INTO `attendance` VALUES ('1042', '2015-02-19', '2', '137');
INSERT INTO `attendance` VALUES ('1051', '2015-02-19', '2', '138');
INSERT INTO `attendance` VALUES ('1097', '2015-02-19', '2', '158');
INSERT INTO `attendance` VALUES ('1135', '2015-02-19', '2', '183');
INSERT INTO `attendance` VALUES ('1162', '2015-02-19', '2', '185');
INSERT INTO `attendance` VALUES ('1205', '2015-02-19', '2', '196');
INSERT INTO `attendance` VALUES ('1266', '2015-02-19', '2', '227');
INSERT INTO `attendance` VALUES ('1288', '2015-02-19', '2', '233');
INSERT INTO `attendance` VALUES ('1396', '2015-02-19', '2', '255');
INSERT INTO `attendance` VALUES ('1425', '2015-02-19', '2', '268');
INSERT INTO `attendance` VALUES ('218', '2015-02-26', '1', '46');
INSERT INTO `attendance` VALUES ('259', '2015-02-26', '1', '76');
INSERT INTO `attendance` VALUES ('343', '2015-02-26', '1', '123');
INSERT INTO `attendance` VALUES ('485', '2015-02-26', '1', '186');
INSERT INTO `attendance` VALUES ('621', '2015-02-26', '1', '255');
INSERT INTO `attendance` VALUES ('680', '2015-02-26', '2', '14');
INSERT INTO `attendance` VALUES ('706', '2015-02-26', '2', '16');
INSERT INTO `attendance` VALUES ('820', '2015-02-26', '2', '46');
INSERT INTO `attendance` VALUES ('893', '2015-02-26', '2', '76');
INSERT INTO `attendance` VALUES ('898', '2015-02-26', '2', '80');
INSERT INTO `attendance` VALUES ('969', '2015-02-26', '2', '112');
INSERT INTO `attendance` VALUES ('998', '2015-02-26', '2', '116');
INSERT INTO `attendance` VALUES ('1052', '2015-02-26', '2', '138');
INSERT INTO `attendance` VALUES ('1115', '2015-02-26', '2', '166');
INSERT INTO `attendance` VALUES ('1133', '2015-02-26', '2', '177');
INSERT INTO `attendance` VALUES ('1163', '2015-02-26', '2', '185');
INSERT INTO `attendance` VALUES ('1289', '2015-02-26', '2', '233');
INSERT INTO `attendance` VALUES ('1397', '2015-02-26', '2', '255');
INSERT INTO `attendance` VALUES ('1458', '2015-03-01', '3', '107');
INSERT INTO `attendance` VALUES ('1471', '2015-03-01', '3', '138');
INSERT INTO `attendance` VALUES ('1473', '2015-03-01', '3', '147');
INSERT INTO `attendance` VALUES ('1479', '2015-03-01', '3', '185');
INSERT INTO `attendance` VALUES ('1481', '2015-03-01', '3', '208');
INSERT INTO `attendance` VALUES ('1482', '2015-03-01', '3', '214');
INSERT INTO `attendance` VALUES ('1490', '2015-03-01', '3', '233');
INSERT INTO `attendance` VALUES ('1497', '2015-03-01', '3', '234');
INSERT INTO `attendance` VALUES ('1499', '2015-03-01', '3', '247');
INSERT INTO `attendance` VALUES ('1502', '2015-03-01', '3', '255');
INSERT INTO `attendance` VALUES ('1507', '2015-03-01', '3', '268');
INSERT INTO `attendance` VALUES ('1922', '2015-03-01', '7', '137');
INSERT INTO `attendance` VALUES ('94', '2015-03-05', '1', '10');
INSERT INTO `attendance` VALUES ('126', '2015-03-05', '1', '14');
INSERT INTO `attendance` VALUES ('155', '2015-03-05', '1', '34');
INSERT INTO `attendance` VALUES ('293', '2015-03-05', '1', '106');
INSERT INTO `attendance` VALUES ('315', '2015-03-05', '1', '112');
INSERT INTO `attendance` VALUES ('344', '2015-03-05', '1', '123');
INSERT INTO `attendance` VALUES ('408', '2015-03-05', '1', '143');
INSERT INTO `attendance` VALUES ('457', '2015-03-05', '1', '183');
INSERT INTO `attendance` VALUES ('471', '2015-03-05', '1', '185');
INSERT INTO `attendance` VALUES ('622', '2015-03-05', '1', '255');
INSERT INTO `attendance` VALUES ('649', '2015-03-05', '2', '2');
INSERT INTO `attendance` VALUES ('660', '2015-03-05', '2', '10');
INSERT INTO `attendance` VALUES ('732', '2015-03-05', '2', '34');
INSERT INTO `attendance` VALUES ('782', '2015-03-05', '2', '42');
INSERT INTO `attendance` VALUES ('870', '2015-03-05', '2', '74');
INSERT INTO `attendance` VALUES ('948', '2015-03-05', '2', '102');
INSERT INTO `attendance` VALUES ('1000', '2015-03-05', '2', '123');
INSERT INTO `attendance` VALUES ('1053', '2015-03-05', '2', '138');
INSERT INTO `attendance` VALUES ('1098', '2015-03-05', '2', '158');
INSERT INTO `attendance` VALUES ('1209', '2015-03-05', '2', '199');
INSERT INTO `attendance` VALUES ('1221', '2015-03-05', '2', '213');
INSERT INTO `attendance` VALUES ('1231', '2015-03-05', '2', '214');
INSERT INTO `attendance` VALUES ('1267', '2015-03-05', '2', '227');
INSERT INTO `attendance` VALUES ('1290', '2015-03-05', '2', '233');
INSERT INTO `attendance` VALUES ('1325', '2015-03-05', '2', '234');
INSERT INTO `attendance` VALUES ('1398', '2015-03-05', '2', '255');
INSERT INTO `attendance` VALUES ('1887', '2015-03-08', '5', '86');
INSERT INTO `attendance` VALUES ('1905', '2015-03-08', '5', '185');
INSERT INTO `attendance` VALUES ('156', '2015-03-12', '1', '34');
INSERT INTO `attendance` VALUES ('219', '2015-03-12', '1', '46');
INSERT INTO `attendance` VALUES ('254', '2015-03-12', '1', '70');
INSERT INTO `attendance` VALUES ('260', '2015-03-12', '1', '76');
INSERT INTO `attendance` VALUES ('316', '2015-03-12', '1', '112');
INSERT INTO `attendance` VALUES ('345', '2015-03-12', '1', '123');
INSERT INTO `attendance` VALUES ('510', '2015-03-12', '1', '214');
INSERT INTO `attendance` VALUES ('539', '2015-03-12', '1', '227');
INSERT INTO `attendance` VALUES ('562', '2015-03-12', '1', '228');
INSERT INTO `attendance` VALUES ('650', '2015-03-12', '2', '2');
INSERT INTO `attendance` VALUES ('783', '2015-03-12', '2', '42');
INSERT INTO `attendance` VALUES ('821', '2015-03-12', '2', '46');
INSERT INTO `attendance` VALUES ('851', '2015-03-12', '2', '62');
INSERT INTO `attendance` VALUES ('863', '2015-03-12', '2', '70');
INSERT INTO `attendance` VALUES ('871', '2015-03-12', '2', '74');
INSERT INTO `attendance` VALUES ('913', '2015-03-12', '2', '90');
INSERT INTO `attendance` VALUES ('1043', '2015-03-12', '2', '137');
INSERT INTO `attendance` VALUES ('1136', '2015-03-12', '2', '183');
INSERT INTO `attendance` VALUES ('1164', '2015-03-12', '2', '185');
INSERT INTO `attendance` VALUES ('1172', '2015-03-12', '2', '188');
INSERT INTO `attendance` VALUES ('1210', '2015-03-12', '2', '199');
INSERT INTO `attendance` VALUES ('1232', '2015-03-12', '2', '214');
INSERT INTO `attendance` VALUES ('1291', '2015-03-12', '2', '233');
INSERT INTO `attendance` VALUES ('1326', '2015-03-12', '2', '234');
INSERT INTO `attendance` VALUES ('1387', '2015-03-12', '2', '251');
INSERT INTO `attendance` VALUES ('1399', '2015-03-12', '2', '255');
INSERT INTO `attendance` VALUES ('1684', '2015-03-12', '4', '14');
INSERT INTO `attendance` VALUES ('1752', '2015-03-12', '4', '71');
INSERT INTO `attendance` VALUES ('1737', '2015-03-12', '4', '152');
INSERT INTO `attendance` VALUES ('1704', '2015-03-12', '4', '183');
INSERT INTO `attendance` VALUES ('95', '2015-03-19', '1', '10');
INSERT INTO `attendance` VALUES ('132', '2015-03-19', '1', '16');
INSERT INTO `attendance` VALUES ('157', '2015-03-19', '1', '34');
INSERT INTO `attendance` VALUES ('200', '2015-03-19', '1', '40');
INSERT INTO `attendance` VALUES ('261', '2015-03-19', '1', '76');
INSERT INTO `attendance` VALUES ('275', '2015-03-19', '1', '83');
INSERT INTO `attendance` VALUES ('346', '2015-03-19', '1', '123');
INSERT INTO `attendance` VALUES ('430', '2015-03-19', '1', '151');
INSERT INTO `attendance` VALUES ('458', '2015-03-19', '1', '183');
INSERT INTO `attendance` VALUES ('563', '2015-03-19', '1', '228');
INSERT INTO `attendance` VALUES ('607', '2015-03-19', '1', '247');
INSERT INTO `attendance` VALUES ('613', '2015-03-19', '1', '248');
INSERT INTO `attendance` VALUES ('623', '2015-03-19', '1', '255');
INSERT INTO `attendance` VALUES ('682', '2015-03-19', '2', '15');
INSERT INTO `attendance` VALUES ('707', '2015-03-19', '2', '16');
INSERT INTO `attendance` VALUES ('776', '2015-03-19', '2', '40');
INSERT INTO `attendance` VALUES ('784', '2015-03-19', '2', '42');
INSERT INTO `attendance` VALUES ('822', '2015-03-19', '2', '46');
INSERT INTO `attendance` VALUES ('872', '2015-03-19', '2', '74');
INSERT INTO `attendance` VALUES ('914', '2015-03-19', '2', '90');
INSERT INTO `attendance` VALUES ('934', '2015-03-19', '2', '93');
INSERT INTO `attendance` VALUES ('949', '2015-03-19', '2', '102');
INSERT INTO `attendance` VALUES ('959', '2015-03-19', '2', '107');
INSERT INTO `attendance` VALUES ('1001', '2015-03-19', '2', '123');
INSERT INTO `attendance` VALUES ('1072', '2015-03-19', '2', '151');
INSERT INTO `attendance` VALUES ('1137', '2015-03-19', '2', '183');
INSERT INTO `attendance` VALUES ('1222', '2015-03-19', '2', '213');
INSERT INTO `attendance` VALUES ('1233', '2015-03-19', '2', '214');
INSERT INTO `attendance` VALUES ('1268', '2015-03-19', '2', '227');
INSERT INTO `attendance` VALUES ('1292', '2015-03-19', '2', '233');
INSERT INTO `attendance` VALUES ('1349', '2015-03-19', '2', '247');
INSERT INTO `attendance` VALUES ('1375', '2015-03-19', '2', '248');
INSERT INTO `attendance` VALUES ('1685', '2015-03-19', '4', '14');
INSERT INTO `attendance` VALUES ('1753', '2015-03-19', '4', '71');
INSERT INTO `attendance` VALUES ('1738', '2015-03-19', '4', '152');
INSERT INTO `attendance` VALUES ('1705', '2015-03-19', '4', '183');
INSERT INTO `attendance` VALUES ('1906', '2015-03-22', '5', '185');
INSERT INTO `attendance` VALUES ('1909', '2015-03-22', '5', '234');
INSERT INTO `attendance` VALUES ('96', '2015-03-26', '1', '10');
INSERT INTO `attendance` VALUES ('158', '2015-03-26', '1', '34');
INSERT INTO `attendance` VALUES ('220', '2015-03-26', '1', '46');
INSERT INTO `attendance` VALUES ('262', '2015-03-26', '1', '76');
INSERT INTO `attendance` VALUES ('294', '2015-03-26', '1', '106');
INSERT INTO `attendance` VALUES ('347', '2015-03-26', '1', '123');
INSERT INTO `attendance` VALUES ('423', '2015-03-26', '1', '147');
INSERT INTO `attendance` VALUES ('465', '2015-03-26', '1', '184');
INSERT INTO `attendance` VALUES ('486', '2015-03-26', '1', '186');
INSERT INTO `attendance` VALUES ('511', '2015-03-26', '1', '214');
INSERT INTO `attendance` VALUES ('540', '2015-03-26', '1', '227');
INSERT INTO `attendance` VALUES ('564', '2015-03-26', '1', '228');
INSERT INTO `attendance` VALUES ('575', '2015-03-26', '1', '229');
INSERT INTO `attendance` VALUES ('584', '2015-03-26', '1', '234');
INSERT INTO `attendance` VALUES ('608', '2015-03-26', '1', '247');
INSERT INTO `attendance` VALUES ('624', '2015-03-26', '1', '255');
INSERT INTO `attendance` VALUES ('785', '2015-03-26', '2', '42');
INSERT INTO `attendance` VALUES ('823', '2015-03-26', '2', '46');
INSERT INTO `attendance` VALUES ('852', '2015-03-26', '2', '62');
INSERT INTO `attendance` VALUES ('873', '2015-03-26', '2', '74');
INSERT INTO `attendance` VALUES ('915', '2015-03-26', '2', '90');
INSERT INTO `attendance` VALUES ('950', '2015-03-26', '2', '102');
INSERT INTO `attendance` VALUES ('960', '2015-03-26', '2', '107');
INSERT INTO `attendance` VALUES ('1002', '2015-03-26', '2', '123');
INSERT INTO `attendance` VALUES ('1044', '2015-03-26', '2', '137');
INSERT INTO `attendance` VALUES ('1054', '2015-03-26', '2', '138');
INSERT INTO `attendance` VALUES ('1070', '2015-03-26', '2', '147');
INSERT INTO `attendance` VALUES ('1118', '2015-03-26', '2', '169');
INSERT INTO `attendance` VALUES ('1138', '2015-03-26', '2', '183');
INSERT INTO `attendance` VALUES ('1173', '2015-03-26', '2', '188');
INSERT INTO `attendance` VALUES ('1217', '2015-03-26', '2', '208');
INSERT INTO `attendance` VALUES ('1223', '2015-03-26', '2', '213');
INSERT INTO `attendance` VALUES ('1234', '2015-03-26', '2', '214');
INSERT INTO `attendance` VALUES ('1293', '2015-03-26', '2', '233');
INSERT INTO `attendance` VALUES ('1327', '2015-03-26', '2', '234');
INSERT INTO `attendance` VALUES ('1350', '2015-03-26', '2', '247');
INSERT INTO `attendance` VALUES ('1376', '2015-03-26', '2', '248');
INSERT INTO `attendance` VALUES ('1379', '2015-03-26', '2', '249');
INSERT INTO `attendance` VALUES ('1400', '2015-03-26', '2', '255');
INSERT INTO `attendance` VALUES ('1426', '2015-03-26', '2', '268');
INSERT INTO `attendance` VALUES ('1706', '2015-03-26', '4', '183');
INSERT INTO `attendance` VALUES ('1916', '2015-04-01', '9', '234');
INSERT INTO `attendance` VALUES ('159', '2015-04-02', '1', '34');
INSERT INTO `attendance` VALUES ('202', '2015-04-02', '1', '42');
INSERT INTO `attendance` VALUES ('317', '2015-04-02', '1', '112');
INSERT INTO `attendance` VALUES ('348', '2015-04-02', '1', '123');
INSERT INTO `attendance` VALUES ('405', '2015-04-02', '1', '142');
INSERT INTO `attendance` VALUES ('409', '2015-04-02', '1', '143');
INSERT INTO `attendance` VALUES ('498', '2015-04-02', '1', '191');
INSERT INTO `attendance` VALUES ('609', '2015-04-02', '1', '247');
INSERT INTO `attendance` VALUES ('651', '2015-04-02', '2', '2');
INSERT INTO `attendance` VALUES ('659', '2015-04-02', '2', '9');
INSERT INTO `attendance` VALUES ('683', '2015-04-02', '2', '15');
INSERT INTO `attendance` VALUES ('721', '2015-04-02', '2', '20');
INSERT INTO `attendance` VALUES ('733', '2015-04-02', '2', '34');
INSERT INTO `attendance` VALUES ('786', '2015-04-02', '2', '42');
INSERT INTO `attendance` VALUES ('853', '2015-04-02', '2', '62');
INSERT INTO `attendance` VALUES ('874', '2015-04-02', '2', '74');
INSERT INTO `attendance` VALUES ('902', '2015-04-02', '2', '83');
INSERT INTO `attendance` VALUES ('916', '2015-04-02', '2', '90');
INSERT INTO `attendance` VALUES ('935', '2015-04-02', '2', '93');
INSERT INTO `attendance` VALUES ('951', '2015-04-02', '2', '102');
INSERT INTO `attendance` VALUES ('961', '2015-04-02', '2', '107');
INSERT INTO `attendance` VALUES ('1003', '2015-04-02', '2', '123');
INSERT INTO `attendance` VALUES ('1060', '2015-04-02', '2', '139');
INSERT INTO `attendance` VALUES ('1090', '2015-04-02', '2', '157');
INSERT INTO `attendance` VALUES ('1099', '2015-04-02', '2', '158');
INSERT INTO `attendance` VALUES ('1119', '2015-04-02', '2', '169');
INSERT INTO `attendance` VALUES ('1174', '2015-04-02', '2', '188');
INSERT INTO `attendance` VALUES ('1224', '2015-04-02', '2', '213');
INSERT INTO `attendance` VALUES ('1235', '2015-04-02', '2', '214');
INSERT INTO `attendance` VALUES ('1294', '2015-04-02', '2', '233');
INSERT INTO `attendance` VALUES ('1328', '2015-04-02', '2', '234');
INSERT INTO `attendance` VALUES ('1339', '2015-04-02', '2', '237');
INSERT INTO `attendance` VALUES ('1351', '2015-04-02', '2', '247');
INSERT INTO `attendance` VALUES ('1380', '2015-04-02', '2', '249');
INSERT INTO `attendance` VALUES ('1416', '2015-04-02', '2', '258');
INSERT INTO `attendance` VALUES ('1754', '2015-04-02', '4', '71');
INSERT INTO `attendance` VALUES ('1739', '2015-04-02', '4', '152');
INSERT INTO `attendance` VALUES ('1907', '2015-04-08', '5', '185');
INSERT INTO `attendance` VALUES ('1910', '2015-04-08', '5', '234');
INSERT INTO `attendance` VALUES ('97', '2015-04-09', '1', '10');
INSERT INTO `attendance` VALUES ('160', '2015-04-09', '1', '34');
INSERT INTO `attendance` VALUES ('287', '2015-04-09', '1', '96');
INSERT INTO `attendance` VALUES ('290', '2015-04-09', '1', '102');
INSERT INTO `attendance` VALUES ('306', '2015-04-09', '1', '107');
INSERT INTO `attendance` VALUES ('349', '2015-04-09', '1', '123');
INSERT INTO `attendance` VALUES ('401', '2015-04-09', '1', '141');
INSERT INTO `attendance` VALUES ('410', '2015-04-09', '1', '143');
INSERT INTO `attendance` VALUES ('438', '2015-04-09', '1', '169');
INSERT INTO `attendance` VALUES ('472', '2015-04-09', '1', '185');
INSERT INTO `attendance` VALUES ('512', '2015-04-09', '1', '214');
INSERT INTO `attendance` VALUES ('565', '2015-04-09', '1', '228');
INSERT INTO `attendance` VALUES ('585', '2015-04-09', '1', '234');
INSERT INTO `attendance` VALUES ('610', '2015-04-09', '1', '247');
INSERT INTO `attendance` VALUES ('625', '2015-04-09', '1', '255');
INSERT INTO `attendance` VALUES ('661', '2015-04-09', '2', '10');
INSERT INTO `attendance` VALUES ('722', '2015-04-09', '2', '20');
INSERT INTO `attendance` VALUES ('734', '2015-04-09', '2', '34');
INSERT INTO `attendance` VALUES ('777', '2015-04-09', '2', '40');
INSERT INTO `attendance` VALUES ('787', '2015-04-09', '2', '42');
INSERT INTO `attendance` VALUES ('854', '2015-04-09', '2', '62');
INSERT INTO `attendance` VALUES ('875', '2015-04-09', '2', '74');
INSERT INTO `attendance` VALUES ('903', '2015-04-09', '2', '83');
INSERT INTO `attendance` VALUES ('917', '2015-04-09', '2', '90');
INSERT INTO `attendance` VALUES ('991', '2015-04-09', '2', '115');
INSERT INTO `attendance` VALUES ('1004', '2015-04-09', '2', '123');
INSERT INTO `attendance` VALUES ('1055', '2015-04-09', '2', '138');
INSERT INTO `attendance` VALUES ('1091', '2015-04-09', '2', '157');
INSERT INTO `attendance` VALUES ('1120', '2015-04-09', '2', '169');
INSERT INTO `attendance` VALUES ('1175', '2015-04-09', '2', '188');
INSERT INTO `attendance` VALUES ('1225', '2015-04-09', '2', '213');
INSERT INTO `attendance` VALUES ('1236', '2015-04-09', '2', '214');
INSERT INTO `attendance` VALUES ('1295', '2015-04-09', '2', '233');
INSERT INTO `attendance` VALUES ('1329', '2015-04-09', '2', '234');
INSERT INTO `attendance` VALUES ('1340', '2015-04-09', '2', '237');
INSERT INTO `attendance` VALUES ('1381', '2015-04-09', '2', '249');
INSERT INTO `attendance` VALUES ('1755', '2015-04-09', '4', '71');
INSERT INTO `attendance` VALUES ('1740', '2015-04-09', '4', '152');
INSERT INTO `attendance` VALUES ('1707', '2015-04-09', '4', '183');
INSERT INTO `attendance` VALUES ('1911', '2015-04-15', '5', '234');
INSERT INTO `attendance` VALUES ('98', '2015-04-16', '1', '10');
INSERT INTO `attendance` VALUES ('161', '2015-04-16', '1', '34');
INSERT INTO `attendance` VALUES ('283', '2015-04-16', '1', '92');
INSERT INTO `attendance` VALUES ('350', '2015-04-16', '1', '123');
INSERT INTO `attendance` VALUES ('411', '2015-04-16', '1', '143');
INSERT INTO `attendance` VALUES ('473', '2015-04-16', '1', '185');
INSERT INTO `attendance` VALUES ('513', '2015-04-16', '1', '214');
INSERT INTO `attendance` VALUES ('541', '2015-04-16', '1', '227');
INSERT INTO `attendance` VALUES ('566', '2015-04-16', '1', '228');
INSERT INTO `attendance` VALUES ('586', '2015-04-16', '1', '234');
INSERT INTO `attendance` VALUES ('611', '2015-04-16', '1', '247');
INSERT INTO `attendance` VALUES ('652', '2015-04-16', '2', '2');
INSERT INTO `attendance` VALUES ('684', '2015-04-16', '2', '15');
INSERT INTO `attendance` VALUES ('708', '2015-04-16', '2', '16');
INSERT INTO `attendance` VALUES ('735', '2015-04-16', '2', '34');
INSERT INTO `attendance` VALUES ('824', '2015-04-16', '2', '46');
INSERT INTO `attendance` VALUES ('876', '2015-04-16', '2', '74');
INSERT INTO `attendance` VALUES ('904', '2015-04-16', '2', '83');
INSERT INTO `attendance` VALUES ('918', '2015-04-16', '2', '90');
INSERT INTO `attendance` VALUES ('952', '2015-04-16', '2', '102');
INSERT INTO `attendance` VALUES ('970', '2015-04-16', '2', '112');
INSERT INTO `attendance` VALUES ('1032', '2015-04-16', '2', '132');
INSERT INTO `attendance` VALUES ('1092', '2015-04-16', '2', '157');
INSERT INTO `attendance` VALUES ('1100', '2015-04-16', '2', '158');
INSERT INTO `attendance` VALUES ('1121', '2015-04-16', '2', '169');
INSERT INTO `attendance` VALUES ('1176', '2015-04-16', '2', '188');
INSERT INTO `attendance` VALUES ('1226', '2015-04-16', '2', '213');
INSERT INTO `attendance` VALUES ('1237', '2015-04-16', '2', '214');
INSERT INTO `attendance` VALUES ('1296', '2015-04-16', '2', '233');
INSERT INTO `attendance` VALUES ('1330', '2015-04-16', '2', '234');
INSERT INTO `attendance` VALUES ('1382', '2015-04-16', '2', '249');
INSERT INTO `attendance` VALUES ('1388', '2015-04-16', '2', '251');
INSERT INTO `attendance` VALUES ('1401', '2015-04-16', '2', '255');
INSERT INTO `attendance` VALUES ('1756', '2015-04-16', '4', '71');
INSERT INTO `attendance` VALUES ('1741', '2015-04-16', '4', '152');
INSERT INTO `attendance` VALUES ('1912', '2015-04-22', '5', '234');
INSERT INTO `attendance` VALUES ('142', '2015-04-23', '1', '25');
INSERT INTO `attendance` VALUES ('145', '2015-04-23', '1', '32');
INSERT INTO `attendance` VALUES ('263', '2015-04-23', '1', '76');
INSERT INTO `attendance` VALUES ('318', '2015-04-23', '1', '112');
INSERT INTO `attendance` VALUES ('412', '2015-04-23', '1', '143');
INSERT INTO `attendance` VALUES ('424', '2015-04-23', '1', '147');
INSERT INTO `attendance` VALUES ('439', '2015-04-23', '1', '169');
INSERT INTO `attendance` VALUES ('459', '2015-04-23', '1', '183');
INSERT INTO `attendance` VALUES ('542', '2015-04-23', '1', '227');
INSERT INTO `attendance` VALUES ('567', '2015-04-23', '1', '228');
INSERT INTO `attendance` VALUES ('614', '2015-04-23', '1', '251');
INSERT INTO `attendance` VALUES ('626', '2015-04-23', '1', '255');
INSERT INTO `attendance` VALUES ('685', '2015-04-23', '2', '15');
INSERT INTO `attendance` VALUES ('736', '2015-04-23', '2', '34');
INSERT INTO `attendance` VALUES ('793', '2015-04-23', '2', '44');
INSERT INTO `attendance` VALUES ('877', '2015-04-23', '2', '74');
INSERT INTO `attendance` VALUES ('905', '2015-04-23', '2', '83');
INSERT INTO `attendance` VALUES ('971', '2015-04-23', '2', '112');
INSERT INTO `attendance` VALUES ('1073', '2015-04-23', '2', '151');
INSERT INTO `attendance` VALUES ('1139', '2015-04-23', '2', '183');
INSERT INTO `attendance` VALUES ('1258', '2015-04-23', '2', '220');
INSERT INTO `attendance` VALUES ('1274', '2015-04-23', '2', '229');
INSERT INTO `attendance` VALUES ('1297', '2015-04-23', '2', '233');
INSERT INTO `attendance` VALUES ('1352', '2015-04-23', '2', '247');
INSERT INTO `attendance` VALUES ('1708', '2015-04-23', '4', '183');
INSERT INTO `attendance` VALUES ('1437', '2015-05-01', '3', '34');
INSERT INTO `attendance` VALUES ('1443', '2015-05-01', '3', '44');
INSERT INTO `attendance` VALUES ('1449', '2015-05-01', '3', '46');
INSERT INTO `attendance` VALUES ('1455', '2015-05-01', '3', '57');
INSERT INTO `attendance` VALUES ('1459', '2015-05-01', '3', '107');
INSERT INTO `attendance` VALUES ('1483', '2015-05-01', '3', '219');
INSERT INTO `attendance` VALUES ('1491', '2015-05-01', '3', '233');
INSERT INTO `attendance` VALUES ('1500', '2015-05-01', '3', '247');
INSERT INTO `attendance` VALUES ('1503', '2015-05-01', '3', '255');
INSERT INTO `attendance` VALUES ('1506', '2015-05-01', '3', '260');
INSERT INTO `attendance` VALUES ('1508', '2015-05-01', '3', '268');
INSERT INTO `attendance` VALUES ('1884', '2015-05-01', '5', '46');
INSERT INTO `attendance` VALUES ('1888', '2015-05-01', '5', '112');
INSERT INTO `attendance` VALUES ('1926', '2015-05-01', '7', '169');
INSERT INTO `attendance` VALUES ('1927', '2015-05-01', '7', '214');
INSERT INTO `attendance` VALUES ('1925', '2015-05-01', '7', '234');
INSERT INTO `attendance` VALUES ('133', '2015-05-07', '1', '16');
INSERT INTO `attendance` VALUES ('162', '2015-05-07', '1', '34');
INSERT INTO `attendance` VALUES ('201', '2015-05-07', '1', '40');
INSERT INTO `attendance` VALUES ('207', '2015-05-07', '1', '44');
INSERT INTO `attendance` VALUES ('221', '2015-05-07', '1', '46');
INSERT INTO `attendance` VALUES ('264', '2015-05-07', '1', '76');
INSERT INTO `attendance` VALUES ('280', '2015-05-07', '1', '88');
INSERT INTO `attendance` VALUES ('284', '2015-05-07', '1', '92');
INSERT INTO `attendance` VALUES ('295', '2015-05-07', '1', '106');
INSERT INTO `attendance` VALUES ('319', '2015-05-07', '1', '112');
INSERT INTO `attendance` VALUES ('351', '2015-05-07', '1', '123');
INSERT INTO `attendance` VALUES ('425', '2015-05-07', '1', '147');
INSERT INTO `attendance` VALUES ('440', '2015-05-07', '1', '169');
INSERT INTO `attendance` VALUES ('474', '2015-05-07', '1', '185');
INSERT INTO `attendance` VALUES ('514', '2015-05-07', '1', '214');
INSERT INTO `attendance` VALUES ('576', '2015-05-07', '1', '230');
INSERT INTO `attendance` VALUES ('627', '2015-05-07', '1', '255');
INSERT INTO `attendance` VALUES ('686', '2015-05-07', '2', '15');
INSERT INTO `attendance` VALUES ('709', '2015-05-07', '2', '16');
INSERT INTO `attendance` VALUES ('788', '2015-05-07', '2', '42');
INSERT INTO `attendance` VALUES ('825', '2015-05-07', '2', '46');
INSERT INTO `attendance` VALUES ('878', '2015-05-07', '2', '74');
INSERT INTO `attendance` VALUES ('919', '2015-05-07', '2', '90');
INSERT INTO `attendance` VALUES ('936', '2015-05-07', '2', '93');
INSERT INTO `attendance` VALUES ('946', '2015-05-07', '2', '101');
INSERT INTO `attendance` VALUES ('972', '2015-05-07', '2', '112');
INSERT INTO `attendance` VALUES ('992', '2015-05-07', '2', '115');
INSERT INTO `attendance` VALUES ('1056', '2015-05-07', '2', '138');
INSERT INTO `attendance` VALUES ('1093', '2015-05-07', '2', '157');
INSERT INTO `attendance` VALUES ('1101', '2015-05-07', '2', '158');
INSERT INTO `attendance` VALUES ('1122', '2015-05-07', '2', '169');
INSERT INTO `attendance` VALUES ('1140', '2015-05-07', '2', '183');
INSERT INTO `attendance` VALUES ('1177', '2015-05-07', '2', '188');
INSERT INTO `attendance` VALUES ('1211', '2015-05-07', '2', '199');
INSERT INTO `attendance` VALUES ('1238', '2015-05-07', '2', '214');
INSERT INTO `attendance` VALUES ('1298', '2015-05-07', '2', '233');
INSERT INTO `attendance` VALUES ('1353', '2015-05-07', '2', '247');
INSERT INTO `attendance` VALUES ('1402', '2015-05-07', '2', '255');
INSERT INTO `attendance` VALUES ('1757', '2015-05-07', '4', '71');
INSERT INTO `attendance` VALUES ('1742', '2015-05-07', '4', '152');
INSERT INTO `attendance` VALUES ('1709', '2015-05-07', '4', '183');
INSERT INTO `attendance` VALUES ('1885', '2015-05-08', '5', '46');
INSERT INTO `attendance` VALUES ('1889', '2015-05-08', '5', '112');
INSERT INTO `attendance` VALUES ('99', '2015-05-14', '1', '10');
INSERT INTO `attendance` VALUES ('130', '2015-05-14', '1', '15');
INSERT INTO `attendance` VALUES ('163', '2015-05-14', '1', '34');
INSERT INTO `attendance` VALUES ('203', '2015-05-14', '1', '42');
INSERT INTO `attendance` VALUES ('251', '2015-05-14', '1', '67');
INSERT INTO `attendance` VALUES ('352', '2015-05-14', '1', '123');
INSERT INTO `attendance` VALUES ('413', '2015-05-14', '1', '143');
INSERT INTO `attendance` VALUES ('441', '2015-05-14', '1', '169');
INSERT INTO `attendance` VALUES ('460', '2015-05-14', '1', '183');
INSERT INTO `attendance` VALUES ('475', '2015-05-14', '1', '185');
INSERT INTO `attendance` VALUES ('529', '2015-05-14', '1', '222');
INSERT INTO `attendance` VALUES ('543', '2015-05-14', '1', '227');
INSERT INTO `attendance` VALUES ('653', '2015-05-14', '2', '2');
INSERT INTO `attendance` VALUES ('687', '2015-05-14', '2', '15');
INSERT INTO `attendance` VALUES ('737', '2015-05-14', '2', '34');
INSERT INTO `attendance` VALUES ('789', '2015-05-14', '2', '42');
INSERT INTO `attendance` VALUES ('794', '2015-05-14', '2', '44');
INSERT INTO `attendance` VALUES ('855', '2015-05-14', '2', '62');
INSERT INTO `attendance` VALUES ('879', '2015-05-14', '2', '74');
INSERT INTO `attendance` VALUES ('906', '2015-05-14', '2', '83');
INSERT INTO `attendance` VALUES ('920', '2015-05-14', '2', '90');
INSERT INTO `attendance` VALUES ('953', '2015-05-14', '2', '102');
INSERT INTO `attendance` VALUES ('973', '2015-05-14', '2', '112');
INSERT INTO `attendance` VALUES ('1123', '2015-05-14', '2', '169');
INSERT INTO `attendance` VALUES ('1141', '2015-05-14', '2', '183');
INSERT INTO `attendance` VALUES ('1178', '2015-05-14', '2', '188');
INSERT INTO `attendance` VALUES ('1212', '2015-05-14', '2', '199');
INSERT INTO `attendance` VALUES ('1227', '2015-05-14', '2', '213');
INSERT INTO `attendance` VALUES ('1239', '2015-05-14', '2', '214');
INSERT INTO `attendance` VALUES ('1259', '2015-05-14', '2', '220');
INSERT INTO `attendance` VALUES ('1299', '2015-05-14', '2', '233');
INSERT INTO `attendance` VALUES ('1331', '2015-05-14', '2', '234');
INSERT INTO `attendance` VALUES ('1354', '2015-05-14', '2', '247');
INSERT INTO `attendance` VALUES ('1383', '2015-05-14', '2', '249');
INSERT INTO `attendance` VALUES ('1389', '2015-05-14', '2', '251');
INSERT INTO `attendance` VALUES ('1427', '2015-05-14', '2', '268');
INSERT INTO `attendance` VALUES ('1686', '2015-05-14', '4', '14');
INSERT INTO `attendance` VALUES ('1758', '2015-05-14', '4', '71');
INSERT INTO `attendance` VALUES ('1743', '2015-05-14', '4', '152');
INSERT INTO `attendance` VALUES ('1710', '2015-05-14', '4', '183');
INSERT INTO `attendance` VALUES ('1890', '2015-05-15', '5', '112');
INSERT INTO `attendance` VALUES ('1913', '2015-05-15', '5', '234');
INSERT INTO `attendance` VALUES ('100', '2015-05-21', '1', '10');
INSERT INTO `attendance` VALUES ('204', '2015-05-21', '1', '42');
INSERT INTO `attendance` VALUES ('222', '2015-05-21', '1', '46');
INSERT INTO `attendance` VALUES ('265', '2015-05-21', '1', '76');
INSERT INTO `attendance` VALUES ('281', '2015-05-21', '1', '88');
INSERT INTO `attendance` VALUES ('320', '2015-05-21', '1', '112');
INSERT INTO `attendance` VALUES ('353', '2015-05-21', '1', '123');
INSERT INTO `attendance` VALUES ('383', '2015-05-21', '1', '135');
INSERT INTO `attendance` VALUES ('414', '2015-05-21', '1', '143');
INSERT INTO `attendance` VALUES ('442', '2015-05-21', '1', '169');
INSERT INTO `attendance` VALUES ('476', '2015-05-21', '1', '185');
INSERT INTO `attendance` VALUES ('515', '2015-05-21', '1', '214');
INSERT INTO `attendance` VALUES ('530', '2015-05-21', '1', '222');
INSERT INTO `attendance` VALUES ('544', '2015-05-21', '1', '227');
INSERT INTO `attendance` VALUES ('568', '2015-05-21', '1', '228');
INSERT INTO `attendance` VALUES ('587', '2015-05-21', '1', '234');
INSERT INTO `attendance` VALUES ('628', '2015-05-21', '1', '255');
INSERT INTO `attendance` VALUES ('688', '2015-05-21', '2', '15');
INSERT INTO `attendance` VALUES ('738', '2015-05-21', '2', '34');
INSERT INTO `attendance` VALUES ('795', '2015-05-21', '2', '44');
INSERT INTO `attendance` VALUES ('826', '2015-05-21', '2', '46');
INSERT INTO `attendance` VALUES ('848', '2015-05-21', '2', '57');
INSERT INTO `attendance` VALUES ('880', '2015-05-21', '2', '74');
INSERT INTO `attendance` VALUES ('907', '2015-05-21', '2', '83');
INSERT INTO `attendance` VALUES ('921', '2015-05-21', '2', '90');
INSERT INTO `attendance` VALUES ('937', '2015-05-21', '2', '93');
INSERT INTO `attendance` VALUES ('962', '2015-05-21', '2', '107');
INSERT INTO `attendance` VALUES ('1005', '2015-05-21', '2', '123');
INSERT INTO `attendance` VALUES ('1045', '2015-05-21', '2', '137');
INSERT INTO `attendance` VALUES ('1102', '2015-05-21', '2', '158');
INSERT INTO `attendance` VALUES ('1109', '2015-05-21', '2', '159');
INSERT INTO `attendance` VALUES ('1124', '2015-05-21', '2', '169');
INSERT INTO `attendance` VALUES ('1142', '2015-05-21', '2', '183');
INSERT INTO `attendance` VALUES ('1165', '2015-05-21', '2', '185');
INSERT INTO `attendance` VALUES ('1179', '2015-05-21', '2', '188');
INSERT INTO `attendance` VALUES ('1228', '2015-05-21', '2', '213');
INSERT INTO `attendance` VALUES ('1240', '2015-05-21', '2', '214');
INSERT INTO `attendance` VALUES ('1257', '2015-05-21', '2', '219');
INSERT INTO `attendance` VALUES ('1260', '2015-05-21', '2', '220');
INSERT INTO `attendance` VALUES ('1300', '2015-05-21', '2', '233');
INSERT INTO `attendance` VALUES ('1332', '2015-05-21', '2', '234');
INSERT INTO `attendance` VALUES ('1355', '2015-05-21', '2', '247');
INSERT INTO `attendance` VALUES ('1377', '2015-05-21', '2', '248');
INSERT INTO `attendance` VALUES ('1384', '2015-05-21', '2', '249');
INSERT INTO `attendance` VALUES ('1418', '2015-05-21', '2', '260');
INSERT INTO `attendance` VALUES ('1428', '2015-05-21', '2', '268');
INSERT INTO `attendance` VALUES ('1687', '2015-05-21', '4', '14');
INSERT INTO `attendance` VALUES ('1759', '2015-05-21', '4', '71');
INSERT INTO `attendance` VALUES ('1744', '2015-05-21', '4', '152');
INSERT INTO `attendance` VALUES ('1711', '2015-05-21', '4', '183');
INSERT INTO `attendance` VALUES ('1891', '2015-05-22', '5', '112');
INSERT INTO `attendance` VALUES ('101', '2015-05-28', '1', '10');
INSERT INTO `attendance` VALUES ('164', '2015-05-28', '1', '34');
INSERT INTO `attendance` VALUES ('208', '2015-05-28', '1', '44');
INSERT INTO `attendance` VALUES ('354', '2015-05-28', '1', '123');
INSERT INTO `attendance` VALUES ('384', '2015-05-28', '1', '135');
INSERT INTO `attendance` VALUES ('477', '2015-05-28', '1', '185');
INSERT INTO `attendance` VALUES ('590', '2015-05-28', '1', '237');
INSERT INTO `attendance` VALUES ('612', '2015-05-28', '1', '247');
INSERT INTO `attendance` VALUES ('629', '2015-05-28', '1', '255');
INSERT INTO `attendance` VALUES ('689', '2015-05-28', '2', '15');
INSERT INTO `attendance` VALUES ('710', '2015-05-28', '2', '16');
INSERT INTO `attendance` VALUES ('739', '2015-05-28', '2', '34');
INSERT INTO `attendance` VALUES ('796', '2015-05-28', '2', '44');
INSERT INTO `attendance` VALUES ('856', '2015-05-28', '2', '62');
INSERT INTO `attendance` VALUES ('881', '2015-05-28', '2', '74');
INSERT INTO `attendance` VALUES ('922', '2015-05-28', '2', '90');
INSERT INTO `attendance` VALUES ('954', '2015-05-28', '2', '102');
INSERT INTO `attendance` VALUES ('963', '2015-05-28', '2', '107');
INSERT INTO `attendance` VALUES ('1012', '2015-05-28', '2', '131');
INSERT INTO `attendance` VALUES ('1103', '2015-05-28', '2', '158');
INSERT INTO `attendance` VALUES ('1143', '2015-05-28', '2', '183');
INSERT INTO `attendance` VALUES ('1166', '2015-05-28', '2', '185');
INSERT INTO `attendance` VALUES ('1180', '2015-05-28', '2', '188');
INSERT INTO `attendance` VALUES ('1301', '2015-05-28', '2', '233');
INSERT INTO `attendance` VALUES ('1333', '2015-05-28', '2', '234');
INSERT INTO `attendance` VALUES ('1356', '2015-05-28', '2', '247');
INSERT INTO `attendance` VALUES ('1390', '2015-05-28', '2', '251');
INSERT INTO `attendance` VALUES ('1403', '2015-05-28', '2', '255');
INSERT INTO `attendance` VALUES ('1760', '2015-05-28', '4', '71');
INSERT INTO `attendance` VALUES ('1745', '2015-05-28', '4', '152');
INSERT INTO `attendance` VALUES ('1712', '2015-05-28', '4', '183');
INSERT INTO `attendance` VALUES ('1908', '2015-05-29', '5', '185');
INSERT INTO `attendance` VALUES ('1914', '2015-05-29', '5', '234');
INSERT INTO `attendance` VALUES ('1430', '2015-06-01', '3', '3');
INSERT INTO `attendance` VALUES ('1435', '2015-06-01', '3', '19');
INSERT INTO `attendance` VALUES ('1444', '2015-06-01', '3', '44');
INSERT INTO `attendance` VALUES ('1454', '2015-06-01', '3', '56');
INSERT INTO `attendance` VALUES ('1461', '2015-06-01', '3', '112');
INSERT INTO `attendance` VALUES ('1466', '2015-06-01', '3', '131');
INSERT INTO `attendance` VALUES ('1484', '2015-06-01', '3', '222');
INSERT INTO `attendance` VALUES ('1485', '2015-06-01', '3', '227');
INSERT INTO `attendance` VALUES ('102', '2015-06-04', '1', '10');
INSERT INTO `attendance` VALUES ('223', '2015-06-04', '1', '46');
INSERT INTO `attendance` VALUES ('266', '2015-06-04', '1', '76');
INSERT INTO `attendance` VALUES ('355', '2015-06-04', '1', '123');
INSERT INTO `attendance` VALUES ('373', '2015-06-04', '1', '131');
INSERT INTO `attendance` VALUES ('402', '2015-06-04', '1', '141');
INSERT INTO `attendance` VALUES ('443', '2015-06-04', '1', '169');
INSERT INTO `attendance` VALUES ('453', '2015-06-04', '1', '179');
INSERT INTO `attendance` VALUES ('478', '2015-06-04', '1', '185');
INSERT INTO `attendance` VALUES ('516', '2015-06-04', '1', '214');
INSERT INTO `attendance` VALUES ('534', '2015-06-04', '1', '224');
INSERT INTO `attendance` VALUES ('545', '2015-06-04', '1', '227');
INSERT INTO `attendance` VALUES ('577', '2015-06-04', '1', '230');
INSERT INTO `attendance` VALUES ('630', '2015-06-04', '1', '255');
INSERT INTO `attendance` VALUES ('654', '2015-06-04', '2', '2');
INSERT INTO `attendance` VALUES ('662', '2015-06-04', '2', '10');
INSERT INTO `attendance` VALUES ('711', '2015-06-04', '2', '16');
INSERT INTO `attendance` VALUES ('740', '2015-06-04', '2', '34');
INSERT INTO `attendance` VALUES ('780', '2015-06-04', '2', '41');
INSERT INTO `attendance` VALUES ('790', '2015-06-04', '2', '42');
INSERT INTO `attendance` VALUES ('866', '2015-06-04', '2', '71');
INSERT INTO `attendance` VALUES ('955', '2015-06-04', '2', '102');
INSERT INTO `attendance` VALUES ('990', '2015-06-04', '2', '114');
INSERT INTO `attendance` VALUES ('1013', '2015-06-04', '2', '131');
INSERT INTO `attendance` VALUES ('1033', '2015-06-04', '2', '135');
INSERT INTO `attendance` VALUES ('1046', '2015-06-04', '2', '137');
INSERT INTO `attendance` VALUES ('1074', '2015-06-04', '2', '151');
INSERT INTO `attendance` VALUES ('1094', '2015-06-04', '2', '157');
INSERT INTO `attendance` VALUES ('1104', '2015-06-04', '2', '158');
INSERT INTO `attendance` VALUES ('1167', '2015-06-04', '2', '185');
INSERT INTO `attendance` VALUES ('1241', '2015-06-04', '2', '214');
INSERT INTO `attendance` VALUES ('1302', '2015-06-04', '2', '233');
INSERT INTO `attendance` VALUES ('1334', '2015-06-04', '2', '234');
INSERT INTO `attendance` VALUES ('1341', '2015-06-04', '2', '237');
INSERT INTO `attendance` VALUES ('1357', '2015-06-04', '2', '247');
INSERT INTO `attendance` VALUES ('1404', '2015-06-04', '2', '255');
INSERT INTO `attendance` VALUES ('1761', '2015-06-04', '4', '71');
INSERT INTO `attendance` VALUES ('1746', '2015-06-04', '4', '152');
INSERT INTO `attendance` VALUES ('1713', '2015-06-04', '4', '183');
INSERT INTO `attendance` VALUES ('103', '2015-06-11', '1', '10');
INSERT INTO `attendance` VALUES ('165', '2015-06-11', '1', '34');
INSERT INTO `attendance` VALUES ('187', '2015-06-11', '1', '37');
INSERT INTO `attendance` VALUES ('224', '2015-06-11', '1', '46');
INSERT INTO `attendance` VALUES ('285', '2015-06-11', '1', '92');
INSERT INTO `attendance` VALUES ('296', '2015-06-11', '1', '106');
INSERT INTO `attendance` VALUES ('356', '2015-06-11', '1', '123');
INSERT INTO `attendance` VALUES ('374', '2015-06-11', '1', '131');
INSERT INTO `attendance` VALUES ('385', '2015-06-11', '1', '135');
INSERT INTO `attendance` VALUES ('415', '2015-06-11', '1', '143');
INSERT INTO `attendance` VALUES ('454', '2015-06-11', '1', '179');
INSERT INTO `attendance` VALUES ('546', '2015-06-11', '1', '227');
INSERT INTO `attendance` VALUES ('578', '2015-06-11', '1', '230');
INSERT INTO `attendance` VALUES ('591', '2015-06-11', '1', '237');
INSERT INTO `attendance` VALUES ('631', '2015-06-11', '1', '255');
INSERT INTO `attendance` VALUES ('663', '2015-06-11', '2', '10');
INSERT INTO `attendance` VALUES ('690', '2015-06-11', '2', '15');
INSERT INTO `attendance` VALUES ('741', '2015-06-11', '2', '34');
INSERT INTO `attendance` VALUES ('791', '2015-06-11', '2', '42');
INSERT INTO `attendance` VALUES ('882', '2015-06-11', '2', '74');
INSERT INTO `attendance` VALUES ('901', '2015-06-11', '2', '82');
INSERT INTO `attendance` VALUES ('923', '2015-06-11', '2', '90');
INSERT INTO `attendance` VALUES ('1014', '2015-06-11', '2', '131');
INSERT INTO `attendance` VALUES ('1034', '2015-06-11', '2', '135');
INSERT INTO `attendance` VALUES ('1095', '2015-06-11', '2', '157');
INSERT INTO `attendance` VALUES ('1105', '2015-06-11', '2', '158');
INSERT INTO `attendance` VALUES ('1125', '2015-06-11', '2', '169');
INSERT INTO `attendance` VALUES ('1181', '2015-06-11', '2', '188');
INSERT INTO `attendance` VALUES ('1242', '2015-06-11', '2', '214');
INSERT INTO `attendance` VALUES ('1303', '2015-06-11', '2', '233');
INSERT INTO `attendance` VALUES ('1335', '2015-06-11', '2', '234');
INSERT INTO `attendance` VALUES ('1342', '2015-06-11', '2', '237');
INSERT INTO `attendance` VALUES ('1358', '2015-06-11', '2', '247');
INSERT INTO `attendance` VALUES ('1386', '2015-06-11', '2', '250');
INSERT INTO `attendance` VALUES ('1688', '2015-06-11', '4', '14');
INSERT INTO `attendance` VALUES ('1762', '2015-06-11', '4', '71');
INSERT INTO `attendance` VALUES ('1734', '2015-06-11', '4', '140');
INSERT INTO `attendance` VALUES ('1747', '2015-06-11', '4', '152');
INSERT INTO `attendance` VALUES ('1714', '2015-06-11', '4', '183');
INSERT INTO `attendance` VALUES ('1892', '2015-06-15', '5', '112');
INSERT INTO `attendance` VALUES ('1915', '2015-06-15', '5', '234');
INSERT INTO `attendance` VALUES ('104', '2015-06-18', '1', '10');
INSERT INTO `attendance` VALUES ('139', '2015-06-18', '1', '19');
INSERT INTO `attendance` VALUES ('166', '2015-06-18', '1', '34');
INSERT INTO `attendance` VALUES ('188', '2015-06-18', '1', '37');
INSERT INTO `attendance` VALUES ('198', '2015-06-18', '1', '39');
INSERT INTO `attendance` VALUES ('225', '2015-06-18', '1', '46');
INSERT INTO `attendance` VALUES ('230', '2015-06-18', '1', '49');
INSERT INTO `attendance` VALUES ('286', '2015-06-18', '1', '92');
INSERT INTO `attendance` VALUES ('321', '2015-06-18', '1', '112');
INSERT INTO `attendance` VALUES ('357', '2015-06-18', '1', '123');
INSERT INTO `attendance` VALUES ('386', '2015-06-18', '1', '135');
INSERT INTO `attendance` VALUES ('444', '2015-06-18', '1', '169');
INSERT INTO `attendance` VALUES ('455', '2015-06-18', '1', '179');
INSERT INTO `attendance` VALUES ('487', '2015-06-18', '1', '186');
INSERT INTO `attendance` VALUES ('531', '2015-06-18', '1', '222');
INSERT INTO `attendance` VALUES ('547', '2015-06-18', '1', '227');
INSERT INTO `attendance` VALUES ('569', '2015-06-18', '1', '228');
INSERT INTO `attendance` VALUES ('600', '2015-06-18', '1', '242');
INSERT INTO `attendance` VALUES ('657', '2015-06-18', '2', '5');
INSERT INTO `attendance` VALUES ('679', '2015-06-18', '2', '13');
INSERT INTO `attendance` VALUES ('691', '2015-06-18', '2', '15');
INSERT INTO `attendance` VALUES ('742', '2015-06-18', '2', '34');
INSERT INTO `attendance` VALUES ('764', '2015-06-18', '2', '36');
INSERT INTO `attendance` VALUES ('792', '2015-06-18', '2', '42');
INSERT INTO `attendance` VALUES ('797', '2015-06-18', '2', '44');
INSERT INTO `attendance` VALUES ('857', '2015-06-18', '2', '62');
INSERT INTO `attendance` VALUES ('867', '2015-06-18', '2', '71');
INSERT INTO `attendance` VALUES ('883', '2015-06-18', '2', '74');
INSERT INTO `attendance` VALUES ('908', '2015-06-18', '2', '83');
INSERT INTO `attendance` VALUES ('924', '2015-06-18', '2', '90');
INSERT INTO `attendance` VALUES ('938', '2015-06-18', '2', '93');
INSERT INTO `attendance` VALUES ('964', '2015-06-18', '2', '107');
INSERT INTO `attendance` VALUES ('974', '2015-06-18', '2', '112');
INSERT INTO `attendance` VALUES ('1011', '2015-06-18', '2', '130');
INSERT INTO `attendance` VALUES ('1015', '2015-06-18', '2', '131');
INSERT INTO `attendance` VALUES ('1061', '2015-06-18', '2', '140');
INSERT INTO `attendance` VALUES ('1083', '2015-06-18', '2', '152');
INSERT INTO `attendance` VALUES ('1096', '2015-06-18', '2', '157');
INSERT INTO `attendance` VALUES ('1106', '2015-06-18', '2', '158');
INSERT INTO `attendance` VALUES ('1126', '2015-06-18', '2', '169');
INSERT INTO `attendance` VALUES ('1144', '2015-06-18', '2', '183');
INSERT INTO `attendance` VALUES ('1170', '2015-06-18', '2', '186');
INSERT INTO `attendance` VALUES ('1182', '2015-06-18', '2', '188');
INSERT INTO `attendance` VALUES ('1215', '2015-06-18', '2', '203');
INSERT INTO `attendance` VALUES ('1243', '2015-06-18', '2', '214');
INSERT INTO `attendance` VALUES ('1261', '2015-06-18', '2', '220');
INSERT INTO `attendance` VALUES ('1336', '2015-06-18', '2', '234');
INSERT INTO `attendance` VALUES ('1343', '2015-06-18', '2', '237');
INSERT INTO `attendance` VALUES ('1359', '2015-06-18', '2', '247');
INSERT INTO `attendance` VALUES ('1378', '2015-06-18', '2', '248');
INSERT INTO `attendance` VALUES ('1391', '2015-06-18', '2', '251');
INSERT INTO `attendance` VALUES ('1405', '2015-06-18', '2', '255');
INSERT INTO `attendance` VALUES ('1763', '2015-06-18', '4', '71');
INSERT INTO `attendance` VALUES ('1748', '2015-06-18', '4', '152');
INSERT INTO `attendance` VALUES ('1893', '2015-06-22', '5', '112');
INSERT INTO `attendance` VALUES ('105', '2015-06-25', '1', '10');
INSERT INTO `attendance` VALUES ('167', '2015-06-25', '1', '34');
INSERT INTO `attendance` VALUES ('205', '2015-06-25', '1', '42');
INSERT INTO `attendance` VALUES ('267', '2015-06-25', '1', '76');
INSERT INTO `attendance` VALUES ('322', '2015-06-25', '1', '112');
INSERT INTO `attendance` VALUES ('358', '2015-06-25', '1', '123');
INSERT INTO `attendance` VALUES ('387', '2015-06-25', '1', '135');
INSERT INTO `attendance` VALUES ('416', '2015-06-25', '1', '143');
INSERT INTO `attendance` VALUES ('579', '2015-06-25', '1', '230');
INSERT INTO `attendance` VALUES ('583', '2015-06-25', '1', '232');
INSERT INTO `attendance` VALUES ('588', '2015-06-25', '1', '234');
INSERT INTO `attendance` VALUES ('592', '2015-06-25', '1', '237');
INSERT INTO `attendance` VALUES ('632', '2015-06-25', '1', '255');
INSERT INTO `attendance` VALUES ('656', '2015-06-25', '2', '3');
INSERT INTO `attendance` VALUES ('712', '2015-06-25', '2', '16');
INSERT INTO `attendance` VALUES ('720', '2015-06-25', '2', '19');
INSERT INTO `attendance` VALUES ('743', '2015-06-25', '2', '34');
INSERT INTO `attendance` VALUES ('798', '2015-06-25', '2', '44');
INSERT INTO `attendance` VALUES ('847', '2015-06-25', '2', '56');
INSERT INTO `attendance` VALUES ('993', '2015-06-25', '2', '115');
INSERT INTO `attendance` VALUES ('1016', '2015-06-25', '2', '131');
INSERT INTO `attendance` VALUES ('1075', '2015-06-25', '2', '151');
INSERT INTO `attendance` VALUES ('1183', '2015-06-25', '2', '188');
INSERT INTO `attendance` VALUES ('1304', '2015-06-25', '2', '233');
INSERT INTO `attendance` VALUES ('1337', '2015-06-25', '2', '234');
INSERT INTO `attendance` VALUES ('1360', '2015-06-25', '2', '247');
INSERT INTO `attendance` VALUES ('1406', '2015-06-25', '2', '255');
INSERT INTO `attendance` VALUES ('1764', '2015-06-25', '4', '71');
INSERT INTO `attendance` VALUES ('1749', '2015-06-25', '4', '152');
INSERT INTO `attendance` VALUES ('1438', '2015-07-01', '3', '34');
INSERT INTO `attendance` VALUES ('1445', '2015-07-01', '3', '44');
INSERT INTO `attendance` VALUES ('1467', '2015-07-01', '3', '131');
INSERT INTO `attendance` VALUES ('1486', '2015-07-01', '3', '231');
INSERT INTO `attendance` VALUES ('1492', '2015-07-01', '3', '233');
INSERT INTO `attendance` VALUES ('1498', '2015-07-01', '3', '245');
INSERT INTO `attendance` VALUES ('1501', '2015-07-01', '3', '247');
INSERT INTO `attendance` VALUES ('1939', '2015-07-01', '8', '2');
INSERT INTO `attendance` VALUES ('1935', '2015-07-01', '8', '28');
INSERT INTO `attendance` VALUES ('1933', '2015-07-01', '8', '41');
INSERT INTO `attendance` VALUES ('1938', '2015-07-01', '8', '55');
INSERT INTO `attendance` VALUES ('1929', '2015-07-01', '8', '74');
INSERT INTO `attendance` VALUES ('1930', '2015-07-01', '8', '90');
INSERT INTO `attendance` VALUES ('1932', '2015-07-01', '8', '97');
INSERT INTO `attendance` VALUES ('1934', '2015-07-01', '8', '102');
INSERT INTO `attendance` VALUES ('1937', '2015-07-01', '8', '131');
INSERT INTO `attendance` VALUES ('1940', '2015-07-01', '8', '188');
INSERT INTO `attendance` VALUES ('1931', '2015-07-01', '8', '209');
INSERT INTO `attendance` VALUES ('1941', '2015-07-01', '8', '213');
INSERT INTO `attendance` VALUES ('1936', '2015-07-01', '8', '247');
INSERT INTO `attendance` VALUES ('146', '2015-07-02', '1', '33');
INSERT INTO `attendance` VALUES ('168', '2015-07-02', '1', '34');
INSERT INTO `attendance` VALUES ('241', '2015-07-02', '1', '53');
INSERT INTO `attendance` VALUES ('297', '2015-07-02', '1', '106');
INSERT INTO `attendance` VALUES ('323', '2015-07-02', '1', '112');
INSERT INTO `attendance` VALUES ('359', '2015-07-02', '1', '123');
INSERT INTO `attendance` VALUES ('375', '2015-07-02', '1', '131');
INSERT INTO `attendance` VALUES ('388', '2015-07-02', '1', '135');
INSERT INTO `attendance` VALUES ('479', '2015-07-02', '1', '185');
INSERT INTO `attendance` VALUES ('488', '2015-07-02', '1', '186');
INSERT INTO `attendance` VALUES ('517', '2015-07-02', '1', '214');
INSERT INTO `attendance` VALUES ('528', '2015-07-02', '1', '217');
INSERT INTO `attendance` VALUES ('548', '2015-07-02', '1', '227');
INSERT INTO `attendance` VALUES ('570', '2015-07-02', '1', '228');
INSERT INTO `attendance` VALUES ('593', '2015-07-02', '1', '237');
INSERT INTO `attendance` VALUES ('633', '2015-07-02', '1', '255');
INSERT INTO `attendance` VALUES ('664', '2015-07-02', '2', '10');
INSERT INTO `attendance` VALUES ('692', '2015-07-02', '2', '15');
INSERT INTO `attendance` VALUES ('713', '2015-07-02', '2', '16');
INSERT INTO `attendance` VALUES ('725', '2015-07-02', '2', '33');
INSERT INTO `attendance` VALUES ('744', '2015-07-02', '2', '34');
INSERT INTO `attendance` VALUES ('799', '2015-07-02', '2', '44');
INSERT INTO `attendance` VALUES ('842', '2015-07-02', '2', '53');
INSERT INTO `attendance` VALUES ('868', '2015-07-02', '2', '71');
INSERT INTO `attendance` VALUES ('897', '2015-07-02', '2', '77');
INSERT INTO `attendance` VALUES ('909', '2015-07-02', '2', '83');
INSERT INTO `attendance` VALUES ('939', '2015-07-02', '2', '97');
INSERT INTO `attendance` VALUES ('956', '2015-07-02', '2', '102');
INSERT INTO `attendance` VALUES ('975', '2015-07-02', '2', '112');
INSERT INTO `attendance` VALUES ('1017', '2015-07-02', '2', '131');
INSERT INTO `attendance` VALUES ('1035', '2015-07-02', '2', '135');
INSERT INTO `attendance` VALUES ('1062', '2015-07-02', '2', '140');
INSERT INTO `attendance` VALUES ('1145', '2015-07-02', '2', '183');
INSERT INTO `attendance` VALUES ('1168', '2015-07-02', '2', '185');
INSERT INTO `attendance` VALUES ('1184', '2015-07-02', '2', '188');
INSERT INTO `attendance` VALUES ('1219', '2015-07-02', '2', '209');
INSERT INTO `attendance` VALUES ('1256', '2015-07-02', '2', '217');
INSERT INTO `attendance` VALUES ('1262', '2015-07-02', '2', '220');
INSERT INTO `attendance` VALUES ('1305', '2015-07-02', '2', '233');
INSERT INTO `attendance` VALUES ('1338', '2015-07-02', '2', '234');
INSERT INTO `attendance` VALUES ('1344', '2015-07-02', '2', '237');
INSERT INTO `attendance` VALUES ('1361', '2015-07-02', '2', '247');
INSERT INTO `attendance` VALUES ('1689', '2015-07-02', '4', '14');
INSERT INTO `attendance` VALUES ('1765', '2015-07-02', '4', '71');
INSERT INTO `attendance` VALUES ('1735', '2015-07-02', '4', '140');
INSERT INTO `attendance` VALUES ('1750', '2015-07-02', '4', '152');
INSERT INTO `attendance` VALUES ('1715', '2015-07-02', '4', '183');
INSERT INTO `attendance` VALUES ('106', '2015-07-09', '1', '10');
INSERT INTO `attendance` VALUES ('389', '2015-07-09', '1', '135');
INSERT INTO `attendance` VALUES ('445', '2015-07-09', '1', '169');
INSERT INTO `attendance` VALUES ('505', '2015-07-09', '1', '208');
INSERT INTO `attendance` VALUES ('594', '2015-07-09', '1', '237');
INSERT INTO `attendance` VALUES ('655', '2015-07-09', '2', '2');
INSERT INTO `attendance` VALUES ('724', '2015-07-09', '2', '28');
INSERT INTO `attendance` VALUES ('745', '2015-07-09', '2', '34');
INSERT INTO `attendance` VALUES ('781', '2015-07-09', '2', '41');
INSERT INTO `attendance` VALUES ('800', '2015-07-09', '2', '44');
INSERT INTO `attendance` VALUES ('846', '2015-07-09', '2', '55');
INSERT INTO `attendance` VALUES ('884', '2015-07-09', '2', '74');
INSERT INTO `attendance` VALUES ('925', '2015-07-09', '2', '90');
INSERT INTO `attendance` VALUES ('940', '2015-07-09', '2', '97');
INSERT INTO `attendance` VALUES ('957', '2015-07-09', '2', '102');
INSERT INTO `attendance` VALUES ('1018', '2015-07-09', '2', '131');
INSERT INTO `attendance` VALUES ('1076', '2015-07-09', '2', '151');
INSERT INTO `attendance` VALUES ('1185', '2015-07-09', '2', '188');
INSERT INTO `attendance` VALUES ('1220', '2015-07-09', '2', '209');
INSERT INTO `attendance` VALUES ('1229', '2015-07-09', '2', '213');
INSERT INTO `attendance` VALUES ('1306', '2015-07-09', '2', '233');
INSERT INTO `attendance` VALUES ('1362', '2015-07-09', '2', '247');
INSERT INTO `attendance` VALUES ('1429', '2015-07-09', '2', '268');
INSERT INTO `attendance` VALUES ('1716', '2015-07-09', '4', '183');
INSERT INTO `attendance` VALUES ('169', '2015-07-16', '1', '34');
INSERT INTO `attendance` VALUES ('189', '2015-07-16', '1', '37');
INSERT INTO `attendance` VALUES ('298', '2015-07-16', '1', '106');
INSERT INTO `attendance` VALUES ('307', '2015-07-16', '1', '108');
INSERT INTO `attendance` VALUES ('324', '2015-07-16', '1', '112');
INSERT INTO `attendance` VALUES ('447', '2015-07-16', '1', '176');
INSERT INTO `attendance` VALUES ('461', '2015-07-16', '1', '183');
INSERT INTO `attendance` VALUES ('480', '2015-07-16', '1', '185');
INSERT INTO `attendance` VALUES ('532', '2015-07-16', '1', '222');
INSERT INTO `attendance` VALUES ('549', '2015-07-16', '1', '227');
INSERT INTO `attendance` VALUES ('634', '2015-07-16', '1', '255');
INSERT INTO `attendance` VALUES ('648', '2015-07-16', '1', '268');
INSERT INTO `attendance` VALUES ('746', '2015-07-16', '2', '34');
INSERT INTO `attendance` VALUES ('976', '2015-07-16', '2', '112');
INSERT INTO `attendance` VALUES ('1009', '2015-07-16', '2', '124');
INSERT INTO `attendance` VALUES ('1010', '2015-07-16', '2', '126');
INSERT INTO `attendance` VALUES ('1077', '2015-07-16', '2', '151');
INSERT INTO `attendance` VALUES ('1130', '2015-07-16', '2', '171');
INSERT INTO `attendance` VALUES ('1132', '2015-07-16', '2', '176');
INSERT INTO `attendance` VALUES ('1269', '2015-07-16', '2', '227');
INSERT INTO `attendance` VALUES ('1307', '2015-07-16', '2', '233');
INSERT INTO `attendance` VALUES ('1363', '2015-07-16', '2', '247');
INSERT INTO `attendance` VALUES ('1407', '2015-07-16', '2', '255');
INSERT INTO `attendance` VALUES ('1417', '2015-07-16', '2', '259');
INSERT INTO `attendance` VALUES ('1419', '2015-07-16', '2', '262');
INSERT INTO `attendance` VALUES ('1690', '2015-07-16', '4', '14');
INSERT INTO `attendance` VALUES ('1717', '2015-07-16', '4', '183');
INSERT INTO `attendance` VALUES ('282', '2015-07-23', '1', '88');
INSERT INTO `attendance` VALUES ('299', '2015-07-23', '1', '106');
INSERT INTO `attendance` VALUES ('376', '2015-07-23', '1', '131');
INSERT INTO `attendance` VALUES ('426', '2015-07-23', '1', '147');
INSERT INTO `attendance` VALUES ('506', '2015-07-23', '1', '208');
INSERT INTO `attendance` VALUES ('533', '2015-07-23', '1', '222');
INSERT INTO `attendance` VALUES ('550', '2015-07-23', '1', '227');
INSERT INTO `attendance` VALUES ('589', '2015-07-23', '1', '234');
INSERT INTO `attendance` VALUES ('747', '2015-07-23', '2', '34');
INSERT INTO `attendance` VALUES ('801', '2015-07-23', '2', '44');
INSERT INTO `attendance` VALUES ('1019', '2015-07-23', '2', '131');
INSERT INTO `attendance` VALUES ('1131', '2015-07-23', '2', '171');
INSERT INTO `attendance` VALUES ('1278', '2015-07-23', '2', '231');
INSERT INTO `attendance` VALUES ('1308', '2015-07-23', '2', '233');
INSERT INTO `attendance` VALUES ('1348', '2015-07-23', '2', '245');
INSERT INTO `attendance` VALUES ('1364', '2015-07-23', '2', '247');
INSERT INTO `attendance` VALUES ('1736', '2015-07-23', '4', '140');
INSERT INTO `attendance` VALUES ('1718', '2015-07-23', '4', '183');
INSERT INTO `attendance` VALUES ('226', '2015-07-30', '1', '46');
INSERT INTO `attendance` VALUES ('300', '2015-07-30', '1', '106');
INSERT INTO `attendance` VALUES ('325', '2015-07-30', '1', '112');
INSERT INTO `attendance` VALUES ('481', '2015-07-30', '1', '185');
INSERT INTO `attendance` VALUES ('489', '2015-07-30', '1', '186');
INSERT INTO `attendance` VALUES ('551', '2015-07-30', '1', '227');
INSERT INTO `attendance` VALUES ('606', '2015-07-30', '1', '246');
INSERT INTO `attendance` VALUES ('748', '2015-07-30', '2', '34');
INSERT INTO `attendance` VALUES ('802', '2015-07-30', '2', '44');
INSERT INTO `attendance` VALUES ('977', '2015-07-30', '2', '112');
INSERT INTO `attendance` VALUES ('1020', '2015-07-30', '2', '131');
INSERT INTO `attendance` VALUES ('1107', '2015-07-30', '2', '158');
INSERT INTO `attendance` VALUES ('1270', '2015-07-30', '2', '227');
INSERT INTO `attendance` VALUES ('1309', '2015-07-30', '2', '233');
INSERT INTO `attendance` VALUES ('1365', '2015-07-30', '2', '247');
INSERT INTO `attendance` VALUES ('1691', '2015-08-01', '4', '14');
INSERT INTO `attendance` VALUES ('1719', '2015-08-01', '4', '183');
INSERT INTO `attendance` VALUES ('1894', '2015-08-01', '5', '112');
INSERT INTO `attendance` VALUES ('1944', '2015-08-01', '7', '14');
INSERT INTO `attendance` VALUES ('1942', '2015-08-01', '7', '34');
INSERT INTO `attendance` VALUES ('1946', '2015-08-01', '7', '46');
INSERT INTO `attendance` VALUES ('1948', '2015-08-01', '7', '61');
INSERT INTO `attendance` VALUES ('1947', '2015-08-01', '7', '112');
INSERT INTO `attendance` VALUES ('1945', '2015-08-01', '7', '183');
INSERT INTO `attendance` VALUES ('1943', '2015-08-01', '7', '227');
INSERT INTO `attendance` VALUES ('107', '2015-08-06', '1', '10');
INSERT INTO `attendance` VALUES ('170', '2015-08-06', '1', '34');
INSERT INTO `attendance` VALUES ('242', '2015-08-06', '1', '53');
INSERT INTO `attendance` VALUES ('377', '2015-08-06', '1', '131');
INSERT INTO `attendance` VALUES ('446', '2015-08-06', '1', '169');
INSERT INTO `attendance` VALUES ('580', '2015-08-06', '1', '230');
INSERT INTO `attendance` VALUES ('693', '2015-08-06', '2', '15');
INSERT INTO `attendance` VALUES ('726', '2015-08-06', '2', '33');
INSERT INTO `attendance` VALUES ('749', '2015-08-06', '2', '34');
INSERT INTO `attendance` VALUES ('774', '2015-08-06', '2', '39');
INSERT INTO `attendance` VALUES ('864', '2015-08-06', '2', '70');
INSERT INTO `attendance` VALUES ('885', '2015-08-06', '2', '74');
INSERT INTO `attendance` VALUES ('947', '2015-08-06', '2', '101');
INSERT INTO `attendance` VALUES ('978', '2015-08-06', '2', '112');
INSERT INTO `attendance` VALUES ('1021', '2015-08-06', '2', '131');
INSERT INTO `attendance` VALUES ('1127', '2015-08-06', '2', '169');
INSERT INTO `attendance` VALUES ('1186', '2015-08-06', '2', '188');
INSERT INTO `attendance` VALUES ('1244', '2015-08-06', '2', '214');
INSERT INTO `attendance` VALUES ('1347', '2015-08-06', '2', '241');
INSERT INTO `attendance` VALUES ('1366', '2015-08-06', '2', '247');
INSERT INTO `attendance` VALUES ('1408', '2015-08-06', '2', '255');
INSERT INTO `attendance` VALUES ('1692', '2015-08-08', '4', '14');
INSERT INTO `attendance` VALUES ('1720', '2015-08-08', '4', '183');
INSERT INTO `attendance` VALUES ('1895', '2015-08-08', '5', '112');
INSERT INTO `attendance` VALUES ('108', '2015-08-13', '1', '10');
INSERT INTO `attendance` VALUES ('137', '2015-08-13', '1', '18');
INSERT INTO `attendance` VALUES ('171', '2015-08-13', '1', '34');
INSERT INTO `attendance` VALUES ('243', '2015-08-13', '1', '53');
INSERT INTO `attendance` VALUES ('276', '2015-08-13', '1', '83');
INSERT INTO `attendance` VALUES ('308', '2015-08-13', '1', '108');
INSERT INTO `attendance` VALUES ('360', '2015-08-13', '1', '123');
INSERT INTO `attendance` VALUES ('390', '2015-08-13', '1', '135');
INSERT INTO `attendance` VALUES ('482', '2015-08-13', '1', '185');
INSERT INTO `attendance` VALUES ('490', '2015-08-13', '1', '186');
INSERT INTO `attendance` VALUES ('518', '2015-08-13', '1', '214');
INSERT INTO `attendance` VALUES ('552', '2015-08-13', '1', '227');
INSERT INTO `attendance` VALUES ('615', '2015-08-13', '1', '251');
INSERT INTO `attendance` VALUES ('665', '2015-08-13', '2', '10');
INSERT INTO `attendance` VALUES ('694', '2015-08-13', '2', '15');
INSERT INTO `attendance` VALUES ('750', '2015-08-13', '2', '34');
INSERT INTO `attendance` VALUES ('803', '2015-08-13', '2', '44');
INSERT INTO `attendance` VALUES ('829', '2015-08-13', '2', '52');
INSERT INTO `attendance` VALUES ('843', '2015-08-13', '2', '53');
INSERT INTO `attendance` VALUES ('886', '2015-08-13', '2', '74');
INSERT INTO `attendance` VALUES ('910', '2015-08-13', '2', '83');
INSERT INTO `attendance` VALUES ('926', '2015-08-13', '2', '90');
INSERT INTO `attendance` VALUES ('965', '2015-08-13', '2', '108');
INSERT INTO `attendance` VALUES ('967', '2015-08-13', '2', '109');
INSERT INTO `attendance` VALUES ('979', '2015-08-13', '2', '112');
INSERT INTO `attendance` VALUES ('1022', '2015-08-13', '2', '131');
INSERT INTO `attendance` VALUES ('1047', '2015-08-13', '2', '137');
INSERT INTO `attendance` VALUES ('1063', '2015-08-13', '2', '141');
INSERT INTO `attendance` VALUES ('1078', '2015-08-13', '2', '151');
INSERT INTO `attendance` VALUES ('1146', '2015-08-13', '2', '183');
INSERT INTO `attendance` VALUES ('1187', '2015-08-13', '2', '188');
INSERT INTO `attendance` VALUES ('1245', '2015-08-13', '2', '214');
INSERT INTO `attendance` VALUES ('1263', '2015-08-13', '2', '220');
INSERT INTO `attendance` VALUES ('1310', '2015-08-13', '2', '233');
INSERT INTO `attendance` VALUES ('1367', '2015-08-13', '2', '247');
INSERT INTO `attendance` VALUES ('1693', '2015-08-15', '4', '14');
INSERT INTO `attendance` VALUES ('1721', '2015-08-15', '4', '183');
INSERT INTO `attendance` VALUES ('1896', '2015-08-15', '5', '112');
INSERT INTO `attendance` VALUES ('127', '2015-08-20', '1', '14');
INSERT INTO `attendance` VALUES ('172', '2015-08-20', '1', '34');
INSERT INTO `attendance` VALUES ('361', '2015-08-20', '1', '123');
INSERT INTO `attendance` VALUES ('456', '2015-08-20', '1', '179');
INSERT INTO `attendance` VALUES ('714', '2015-08-20', '2', '16');
INSERT INTO `attendance` VALUES ('804', '2015-08-20', '2', '44');
INSERT INTO `attendance` VALUES ('932', '2015-08-20', '2', '91');
INSERT INTO `attendance` VALUES ('1023', '2015-08-20', '2', '131');
INSERT INTO `attendance` VALUES ('1188', '2015-08-20', '2', '188');
INSERT INTO `attendance` VALUES ('1275', '2015-08-20', '2', '229');
INSERT INTO `attendance` VALUES ('1311', '2015-08-20', '2', '233');
INSERT INTO `attendance` VALUES ('1368', '2015-08-20', '2', '247');
INSERT INTO `attendance` VALUES ('1409', '2015-08-20', '2', '255');
INSERT INTO `attendance` VALUES ('1694', '2015-08-22', '4', '14');
INSERT INTO `attendance` VALUES ('109', '2015-08-27', '1', '10');
INSERT INTO `attendance` VALUES ('128', '2015-08-27', '1', '14');
INSERT INTO `attendance` VALUES ('147', '2015-08-27', '1', '33');
INSERT INTO `attendance` VALUES ('173', '2015-08-27', '1', '34');
INSERT INTO `attendance` VALUES ('190', '2015-08-27', '1', '37');
INSERT INTO `attendance` VALUES ('227', '2015-08-27', '1', '46');
INSERT INTO `attendance` VALUES ('268', '2015-08-27', '1', '76');
INSERT INTO `attendance` VALUES ('291', '2015-08-27', '1', '103');
INSERT INTO `attendance` VALUES ('326', '2015-08-27', '1', '112');
INSERT INTO `attendance` VALUES ('378', '2015-08-27', '1', '131');
INSERT INTO `attendance` VALUES ('391', '2015-08-27', '1', '135');
INSERT INTO `attendance` VALUES ('431', '2015-08-27', '1', '151');
INSERT INTO `attendance` VALUES ('462', '2015-08-27', '1', '183');
INSERT INTO `attendance` VALUES ('519', '2015-08-27', '1', '214');
INSERT INTO `attendance` VALUES ('553', '2015-08-27', '1', '227');
INSERT INTO `attendance` VALUES ('571', '2015-08-27', '1', '228');
INSERT INTO `attendance` VALUES ('581', '2015-08-27', '1', '230');
INSERT INTO `attendance` VALUES ('635', '2015-08-27', '1', '255');
INSERT INTO `attendance` VALUES ('666', '2015-08-27', '2', '10');
INSERT INTO `attendance` VALUES ('681', '2015-08-27', '2', '14');
INSERT INTO `attendance` VALUES ('695', '2015-08-27', '2', '15');
INSERT INTO `attendance` VALUES ('715', '2015-08-27', '2', '16');
INSERT INTO `attendance` VALUES ('751', '2015-08-27', '2', '34');
INSERT INTO `attendance` VALUES ('805', '2015-08-27', '2', '44');
INSERT INTO `attendance` VALUES ('827', '2015-08-27', '2', '46');
INSERT INTO `attendance` VALUES ('850', '2015-08-27', '2', '61');
INSERT INTO `attendance` VALUES ('980', '2015-08-27', '2', '112');
INSERT INTO `attendance` VALUES ('1036', '2015-08-27', '2', '135');
INSERT INTO `attendance` VALUES ('1079', '2015-08-27', '2', '151');
INSERT INTO `attendance` VALUES ('1147', '2015-08-27', '2', '183');
INSERT INTO `attendance` VALUES ('1189', '2015-08-27', '2', '188');
INSERT INTO `attendance` VALUES ('1246', '2015-08-27', '2', '214');
INSERT INTO `attendance` VALUES ('1271', '2015-08-27', '2', '227');
INSERT INTO `attendance` VALUES ('1312', '2015-08-27', '2', '233');
INSERT INTO `attendance` VALUES ('110', '2015-09-01', '1', '10');
INSERT INTO `attendance` VALUES ('174', '2015-09-01', '1', '34');
INSERT INTO `attendance` VALUES ('235', '2015-09-01', '1', '52');
INSERT INTO `attendance` VALUES ('301', '2015-09-01', '1', '106');
INSERT INTO `attendance` VALUES ('362', '2015-09-01', '1', '123');
INSERT INTO `attendance` VALUES ('392', '2015-09-01', '1', '135');
INSERT INTO `attendance` VALUES ('466', '2015-09-01', '1', '184');
INSERT INTO `attendance` VALUES ('491', '2015-09-01', '1', '186');
INSERT INTO `attendance` VALUES ('636', '2015-09-01', '1', '255');
INSERT INTO `attendance` VALUES ('673', '2015-09-01', '2', '11');
INSERT INTO `attendance` VALUES ('716', '2015-09-01', '2', '16');
INSERT INTO `attendance` VALUES ('752', '2015-09-01', '2', '34');
INSERT INTO `attendance` VALUES ('806', '2015-09-01', '2', '44');
INSERT INTO `attendance` VALUES ('830', '2015-09-01', '2', '52');
INSERT INTO `attendance` VALUES ('911', '2015-09-01', '2', '83');
INSERT INTO `attendance` VALUES ('981', '2015-09-01', '2', '112');
INSERT INTO `attendance` VALUES ('1024', '2015-09-01', '2', '131');
INSERT INTO `attendance` VALUES ('1084', '2015-09-01', '2', '155');
INSERT INTO `attendance` VALUES ('1148', '2015-09-01', '2', '183');
INSERT INTO `attendance` VALUES ('1190', '2015-09-01', '2', '188');
INSERT INTO `attendance` VALUES ('1247', '2015-09-01', '2', '214');
INSERT INTO `attendance` VALUES ('1264', '2015-09-01', '2', '220');
INSERT INTO `attendance` VALUES ('1313', '2015-09-01', '2', '233');
INSERT INTO `attendance` VALUES ('1369', '2015-09-01', '2', '247');
INSERT INTO `attendance` VALUES ('1410', '2015-09-01', '2', '255');
INSERT INTO `attendance` VALUES ('1439', '2015-09-01', '3', '34');
INSERT INTO `attendance` VALUES ('1442', '2015-09-01', '3', '39');
INSERT INTO `attendance` VALUES ('1446', '2015-09-01', '3', '44');
INSERT INTO `attendance` VALUES ('1450', '2015-09-01', '3', '52');
INSERT INTO `attendance` VALUES ('1462', '2015-09-01', '3', '112');
INSERT INTO `attendance` VALUES ('1465', '2015-09-01', '3', '123');
INSERT INTO `attendance` VALUES ('1468', '2015-09-01', '3', '131');
INSERT INTO `attendance` VALUES ('1472', '2015-09-01', '3', '143');
INSERT INTO `attendance` VALUES ('1474', '2015-09-01', '3', '163');
INSERT INTO `attendance` VALUES ('1487', '2015-09-01', '3', '231');
INSERT INTO `attendance` VALUES ('1493', '2015-09-01', '3', '233');
INSERT INTO `attendance` VALUES ('1504', '2015-09-01', '3', '255');
INSERT INTO `attendance` VALUES ('1767', '2015-09-01', '4', '11');
INSERT INTO `attendance` VALUES ('1695', '2015-09-01', '4', '14');
INSERT INTO `attendance` VALUES ('1766', '2015-09-01', '4', '71');
INSERT INTO `attendance` VALUES ('1751', '2015-09-01', '4', '152');
INSERT INTO `attendance` VALUES ('1722', '2015-09-01', '4', '183');
INSERT INTO `attendance` VALUES ('1897', '2015-09-01', '5', '112');
INSERT INTO `attendance` VALUES ('111', '2015-09-08', '1', '10');
INSERT INTO `attendance` VALUES ('175', '2015-09-08', '1', '34');
INSERT INTO `attendance` VALUES ('363', '2015-09-08', '1', '123');
INSERT INTO `attendance` VALUES ('393', '2015-09-08', '1', '135');
INSERT INTO `attendance` VALUES ('417', '2015-09-08', '1', '143');
INSERT INTO `attendance` VALUES ('520', '2015-09-08', '1', '214');
INSERT INTO `attendance` VALUES ('554', '2015-09-08', '1', '227');
INSERT INTO `attendance` VALUES ('667', '2015-09-08', '2', '10');
INSERT INTO `attendance` VALUES ('696', '2015-09-08', '2', '15');
INSERT INTO `attendance` VALUES ('753', '2015-09-08', '2', '34');
INSERT INTO `attendance` VALUES ('807', '2015-09-08', '2', '44');
INSERT INTO `attendance` VALUES ('859', '2015-09-08', '2', '67');
INSERT INTO `attendance` VALUES ('894', '2015-09-08', '2', '76');
INSERT INTO `attendance` VALUES ('933', '2015-09-08', '2', '91');
INSERT INTO `attendance` VALUES ('994', '2015-09-08', '2', '115');
INSERT INTO `attendance` VALUES ('1037', '2015-09-08', '2', '135');
INSERT INTO `attendance` VALUES ('1068', '2015-09-08', '2', '143');
INSERT INTO `attendance` VALUES ('1114', '2015-09-08', '2', '164');
INSERT INTO `attendance` VALUES ('1149', '2015-09-08', '2', '183');
INSERT INTO `attendance` VALUES ('1191', '2015-09-08', '2', '188');
INSERT INTO `attendance` VALUES ('1248', '2015-09-08', '2', '214');
INSERT INTO `attendance` VALUES ('1314', '2015-09-08', '2', '233');
INSERT INTO `attendance` VALUES ('1696', '2015-09-08', '4', '14');
INSERT INTO `attendance` VALUES ('1723', '2015-09-08', '4', '183');
INSERT INTO `attendance` VALUES ('1898', '2015-09-08', '5', '112');
INSERT INTO `attendance` VALUES ('112', '2015-09-15', '1', '10');
INSERT INTO `attendance` VALUES ('120', '2015-09-15', '1', '11');
INSERT INTO `attendance` VALUES ('131', '2015-09-15', '1', '15');
INSERT INTO `attendance` VALUES ('176', '2015-09-15', '1', '34');
INSERT INTO `attendance` VALUES ('236', '2015-09-15', '1', '52');
INSERT INTO `attendance` VALUES ('269', '2015-09-15', '1', '76');
INSERT INTO `attendance` VALUES ('302', '2015-09-15', '1', '106');
INSERT INTO `attendance` VALUES ('333', '2015-09-15', '1', '119');
INSERT INTO `attendance` VALUES ('382', '2015-09-15', '1', '133');
INSERT INTO `attendance` VALUES ('394', '2015-09-15', '1', '135');
INSERT INTO `attendance` VALUES ('492', '2015-09-15', '1', '186');
INSERT INTO `attendance` VALUES ('521', '2015-09-15', '1', '214');
INSERT INTO `attendance` VALUES ('616', '2015-09-15', '1', '251');
INSERT INTO `attendance` VALUES ('637', '2015-09-15', '1', '255');
INSERT INTO `attendance` VALUES ('697', '2015-09-15', '2', '15');
INSERT INTO `attendance` VALUES ('754', '2015-09-15', '2', '34');
INSERT INTO `attendance` VALUES ('808', '2015-09-15', '2', '44');
INSERT INTO `attendance` VALUES ('831', '2015-09-15', '2', '52');
INSERT INTO `attendance` VALUES ('912', '2015-09-15', '2', '83');
INSERT INTO `attendance` VALUES ('982', '2015-09-15', '2', '112');
INSERT INTO `attendance` VALUES ('995', '2015-09-15', '2', '115');
INSERT INTO `attendance` VALUES ('1171', '2015-09-15', '2', '186');
INSERT INTO `attendance` VALUES ('1192', '2015-09-15', '2', '188');
INSERT INTO `attendance` VALUES ('1230', '2015-09-15', '2', '213');
INSERT INTO `attendance` VALUES ('1276', '2015-09-15', '2', '229');
INSERT INTO `attendance` VALUES ('1315', '2015-09-15', '2', '233');
INSERT INTO `attendance` VALUES ('1385', '2015-09-15', '2', '249');
INSERT INTO `attendance` VALUES ('1392', '2015-09-15', '2', '251');
INSERT INTO `attendance` VALUES ('1697', '2015-09-15', '4', '14');
INSERT INTO `attendance` VALUES ('1724', '2015-09-15', '4', '183');
INSERT INTO `attendance` VALUES ('1899', '2015-09-15', '5', '112');
INSERT INTO `attendance` VALUES ('191', '2015-09-22', '1', '37');
INSERT INTO `attendance` VALUES ('209', '2015-09-22', '1', '44');
INSERT INTO `attendance` VALUES ('237', '2015-09-22', '1', '52');
INSERT INTO `attendance` VALUES ('244', '2015-09-22', '1', '53');
INSERT INTO `attendance` VALUES ('247', '2015-09-22', '1', '60');
INSERT INTO `attendance` VALUES ('270', '2015-09-22', '1', '76');
INSERT INTO `attendance` VALUES ('278', '2015-09-22', '1', '84');
INSERT INTO `attendance` VALUES ('327', '2015-09-22', '1', '112');
INSERT INTO `attendance` VALUES ('364', '2015-09-22', '1', '123');
INSERT INTO `attendance` VALUES ('371', '2015-09-22', '1', '125');
INSERT INTO `attendance` VALUES ('395', '2015-09-22', '1', '135');
INSERT INTO `attendance` VALUES ('418', '2015-09-22', '1', '143');
INSERT INTO `attendance` VALUES ('427', '2015-09-22', '1', '148');
INSERT INTO `attendance` VALUES ('467', '2015-09-22', '1', '184');
INSERT INTO `attendance` VALUES ('522', '2015-09-22', '1', '214');
INSERT INTO `attendance` VALUES ('555', '2015-09-22', '1', '227');
INSERT INTO `attendance` VALUES ('572', '2015-09-22', '1', '228');
INSERT INTO `attendance` VALUES ('638', '2015-09-22', '1', '255');
INSERT INTO `attendance` VALUES ('755', '2015-09-22', '2', '34');
INSERT INTO `attendance` VALUES ('775', '2015-09-22', '2', '39');
INSERT INTO `attendance` VALUES ('809', '2015-09-22', '2', '44');
INSERT INTO `attendance` VALUES ('832', '2015-09-22', '2', '52');
INSERT INTO `attendance` VALUES ('887', '2015-09-22', '2', '74');
INSERT INTO `attendance` VALUES ('895', '2015-09-22', '2', '76');
INSERT INTO `attendance` VALUES ('927', '2015-09-22', '2', '90');
INSERT INTO `attendance` VALUES ('983', '2015-09-22', '2', '112');
INSERT INTO `attendance` VALUES ('1025', '2015-09-22', '2', '131');
INSERT INTO `attendance` VALUES ('1110', '2015-09-22', '2', '163');
INSERT INTO `attendance` VALUES ('1150', '2015-09-22', '2', '183');
INSERT INTO `attendance` VALUES ('1193', '2015-09-22', '2', '188');
INSERT INTO `attendance` VALUES ('1249', '2015-09-22', '2', '214');
INSERT INTO `attendance` VALUES ('1316', '2015-09-22', '2', '233');
INSERT INTO `attendance` VALUES ('1393', '2015-09-22', '2', '251');
INSERT INTO `attendance` VALUES ('1411', '2015-09-22', '2', '255');
INSERT INTO `attendance` VALUES ('1420', '2015-09-22', '2', '264');
INSERT INTO `attendance` VALUES ('113', '2015-09-29', '1', '10');
INSERT INTO `attendance` VALUES ('177', '2015-09-29', '1', '34');
INSERT INTO `attendance` VALUES ('193', '2015-09-29', '1', '38');
INSERT INTO `attendance` VALUES ('334', '2015-09-29', '1', '119');
INSERT INTO `attendance` VALUES ('379', '2015-09-29', '1', '131');
INSERT INTO `attendance` VALUES ('535', '2015-09-29', '1', '225');
INSERT INTO `attendance` VALUES ('639', '2015-09-29', '1', '255');
INSERT INTO `attendance` VALUES ('121', '2015-10-01', '1', '11');
INSERT INTO `attendance` VALUES ('210', '2015-10-01', '1', '44');
INSERT INTO `attendance` VALUES ('328', '2015-10-01', '1', '112');
INSERT INTO `attendance` VALUES ('463', '2015-10-01', '1', '183');
INSERT INTO `attendance` VALUES ('495', '2015-10-01', '1', '189');
INSERT INTO `attendance` VALUES ('668', '2015-10-01', '2', '10');
INSERT INTO `attendance` VALUES ('698', '2015-10-01', '2', '15');
INSERT INTO `attendance` VALUES ('717', '2015-10-01', '2', '16');
INSERT INTO `attendance` VALUES ('810', '2015-10-01', '2', '44');
INSERT INTO `attendance` VALUES ('833', '2015-10-01', '2', '52');
INSERT INTO `attendance` VALUES ('896', '2015-10-01', '2', '76');
INSERT INTO `attendance` VALUES ('1026', '2015-10-01', '2', '131');
INSERT INTO `attendance` VALUES ('1064', '2015-10-01', '2', '141');
INSERT INTO `attendance` VALUES ('1080', '2015-10-01', '2', '151');
INSERT INTO `attendance` VALUES ('1085', '2015-10-01', '2', '155');
INSERT INTO `attendance` VALUES ('1117', '2015-10-01', '2', '168');
INSERT INTO `attendance` VALUES ('1151', '2015-10-01', '2', '183');
INSERT INTO `attendance` VALUES ('1194', '2015-10-01', '2', '188');
INSERT INTO `attendance` VALUES ('1216', '2015-10-01', '2', '206');
INSERT INTO `attendance` VALUES ('1317', '2015-10-01', '2', '233');
INSERT INTO `attendance` VALUES ('1370', '2015-10-01', '2', '247');
INSERT INTO `attendance` VALUES ('1412', '2015-10-01', '2', '255');
INSERT INTO `attendance` VALUES ('1431', '2015-10-01', '3', '11');
INSERT INTO `attendance` VALUES ('1451', '2015-10-01', '3', '52');
INSERT INTO `attendance` VALUES ('1453', '2015-10-01', '3', '54');
INSERT INTO `attendance` VALUES ('1463', '2015-10-01', '3', '112');
INSERT INTO `attendance` VALUES ('1494', '2015-10-01', '3', '233');
INSERT INTO `attendance` VALUES ('1698', '2015-10-01', '4', '14');
INSERT INTO `attendance` VALUES ('1725', '2015-10-01', '4', '183');
INSERT INTO `attendance` VALUES ('1900', '2015-10-01', '5', '112');
INSERT INTO `attendance` VALUES ('92', '2015-10-08', '1', '6');
INSERT INTO `attendance` VALUES ('114', '2015-10-08', '1', '10');
INSERT INTO `attendance` VALUES ('122', '2015-10-08', '1', '11');
INSERT INTO `attendance` VALUES ('178', '2015-10-08', '1', '34');
INSERT INTO `attendance` VALUES ('288', '2015-10-08', '1', '98');
INSERT INTO `attendance` VALUES ('365', '2015-10-08', '1', '123');
INSERT INTO `attendance` VALUES ('396', '2015-10-08', '1', '135');
INSERT INTO `attendance` VALUES ('523', '2015-10-08', '1', '214');
INSERT INTO `attendance` VALUES ('556', '2015-10-08', '1', '227');
INSERT INTO `attendance` VALUES ('595', '2015-10-08', '1', '238');
INSERT INTO `attendance` VALUES ('640', '2015-10-08', '1', '255');
INSERT INTO `attendance` VALUES ('674', '2015-10-08', '2', '11');
INSERT INTO `attendance` VALUES ('756', '2015-10-08', '2', '34');
INSERT INTO `attendance` VALUES ('811', '2015-10-08', '2', '44');
INSERT INTO `attendance` VALUES ('869', '2015-10-08', '2', '71');
INSERT INTO `attendance` VALUES ('888', '2015-10-08', '2', '74');
INSERT INTO `attendance` VALUES ('928', '2015-10-08', '2', '90');
INSERT INTO `attendance` VALUES ('941', '2015-10-08', '2', '98');
INSERT INTO `attendance` VALUES ('984', '2015-10-08', '2', '112');
INSERT INTO `attendance` VALUES ('1027', '2015-10-08', '2', '131');
INSERT INTO `attendance` VALUES ('1086', '2015-10-08', '2', '155');
INSERT INTO `attendance` VALUES ('1152', '2015-10-08', '2', '183');
INSERT INTO `attendance` VALUES ('1195', '2015-10-08', '2', '188');
INSERT INTO `attendance` VALUES ('1318', '2015-10-08', '2', '233');
INSERT INTO `attendance` VALUES ('1371', '2015-10-08', '2', '247');
INSERT INTO `attendance` VALUES ('1415', '2015-10-08', '2', '256');
INSERT INTO `attendance` VALUES ('1421', '2015-10-08', '2', '264');
INSERT INTO `attendance` VALUES ('1768', '2015-10-08', '4', '115');
INSERT INTO `attendance` VALUES ('1797', '2015-10-08', '4', '118');
INSERT INTO `attendance` VALUES ('1791', '2015-10-08', '4', '120');
INSERT INTO `attendance` VALUES ('1781', '2015-10-08', '4', '153');
INSERT INTO `attendance` VALUES ('1787', '2015-10-08', '4', '161');
INSERT INTO `attendance` VALUES ('1726', '2015-10-08', '4', '183');
INSERT INTO `attendance` VALUES ('1775', '2015-10-08', '4', '216');
INSERT INTO `attendance` VALUES ('1901', '2015-10-08', '5', '112');
INSERT INTO `attendance` VALUES ('88', '2015-10-15', '1', '4');
INSERT INTO `attendance` VALUES ('194', '2015-10-15', '1', '38');
INSERT INTO `attendance` VALUES ('228', '2015-10-15', '1', '46');
INSERT INTO `attendance` VALUES ('231', '2015-10-15', '1', '49');
INSERT INTO `attendance` VALUES ('249', '2015-10-15', '1', '65');
INSERT INTO `attendance` VALUES ('271', '2015-10-15', '1', '76');
INSERT INTO `attendance` VALUES ('309', '2015-10-15', '1', '108');
INSERT INTO `attendance` VALUES ('335', '2015-10-15', '1', '119');
INSERT INTO `attendance` VALUES ('496', '2015-10-15', '1', '189');
INSERT INTO `attendance` VALUES ('524', '2015-10-15', '1', '214');
INSERT INTO `attendance` VALUES ('596', '2015-10-15', '1', '238');
INSERT INTO `attendance` VALUES ('669', '2015-10-15', '2', '10');
INSERT INTO `attendance` VALUES ('675', '2015-10-15', '2', '11');
INSERT INTO `attendance` VALUES ('699', '2015-10-15', '2', '15');
INSERT INTO `attendance` VALUES ('757', '2015-10-15', '2', '34');
INSERT INTO `attendance` VALUES ('765', '2015-10-15', '2', '36');
INSERT INTO `attendance` VALUES ('828', '2015-10-15', '2', '46');
INSERT INTO `attendance` VALUES ('865', '2015-10-15', '2', '70');
INSERT INTO `attendance` VALUES ('942', '2015-10-15', '2', '98');
INSERT INTO `attendance` VALUES ('945', '2015-10-15', '2', '99');
INSERT INTO `attendance` VALUES ('966', '2015-10-15', '2', '108');
INSERT INTO `attendance` VALUES ('985', '2015-10-15', '2', '112');
INSERT INTO `attendance` VALUES ('1028', '2015-10-15', '2', '131');
INSERT INTO `attendance` VALUES ('1038', '2015-10-15', '2', '135');
INSERT INTO `attendance` VALUES ('1057', '2015-10-15', '2', '138');
INSERT INTO `attendance` VALUES ('1065', '2015-10-15', '2', '141');
INSERT INTO `attendance` VALUES ('1087', '2015-10-15', '2', '155');
INSERT INTO `attendance` VALUES ('1134', '2015-10-15', '2', '182');
INSERT INTO `attendance` VALUES ('1196', '2015-10-15', '2', '188');
INSERT INTO `attendance` VALUES ('1213', '2015-10-15', '2', '200');
INSERT INTO `attendance` VALUES ('1250', '2015-10-15', '2', '214');
INSERT INTO `attendance` VALUES ('1277', '2015-10-15', '2', '230');
INSERT INTO `attendance` VALUES ('1319', '2015-10-15', '2', '233');
INSERT INTO `attendance` VALUES ('1800', '2015-10-15', '4', '7');
INSERT INTO `attendance` VALUES ('1699', '2015-10-15', '4', '14');
INSERT INTO `attendance` VALUES ('1814', '2015-10-15', '4', '23');
INSERT INTO `attendance` VALUES ('1816', '2015-10-15', '4', '34');
INSERT INTO `attendance` VALUES ('1825', '2015-10-15', '4', '46');
INSERT INTO `attendance` VALUES ('1834', '2015-10-15', '4', '57');
INSERT INTO `attendance` VALUES ('1843', '2015-10-15', '4', '64');
INSERT INTO `attendance` VALUES ('1807', '2015-10-15', '4', '85');
INSERT INTO `attendance` VALUES ('1851', '2015-10-15', '4', '112');
INSERT INTO `attendance` VALUES ('1769', '2015-10-15', '4', '115');
INSERT INTO `attendance` VALUES ('1798', '2015-10-15', '4', '118');
INSERT INTO `attendance` VALUES ('1792', '2015-10-15', '4', '120');
INSERT INTO `attendance` VALUES ('1782', '2015-10-15', '4', '153');
INSERT INTO `attendance` VALUES ('1860', '2015-10-15', '4', '158');
INSERT INTO `attendance` VALUES ('1788', '2015-10-15', '4', '161');
INSERT INTO `attendance` VALUES ('1864', '2015-10-15', '4', '163');
INSERT INTO `attendance` VALUES ('1805', '2015-10-15', '4', '210');
INSERT INTO `attendance` VALUES ('1776', '2015-10-15', '4', '216');
INSERT INTO `attendance` VALUES ('1872', '2015-10-15', '4', '219');
INSERT INTO `attendance` VALUES ('1876', '2015-10-15', '4', '229');
INSERT INTO `attendance` VALUES ('1806', '2015-10-15', '4', '243');
INSERT INTO `attendance` VALUES ('1902', '2015-10-15', '5', '112');
INSERT INTO `attendance` VALUES ('115', '2015-10-22', '1', '10');
INSERT INTO `attendance` VALUES ('179', '2015-10-22', '1', '34');
INSERT INTO `attendance` VALUES ('186', '2015-10-22', '1', '36');
INSERT INTO `attendance` VALUES ('238', '2015-10-22', '1', '52');
INSERT INTO `attendance` VALUES ('329', '2015-10-22', '1', '112');
INSERT INTO `attendance` VALUES ('336', '2015-10-22', '1', '119');
INSERT INTO `attendance` VALUES ('366', '2015-10-22', '1', '123');
INSERT INTO `attendance` VALUES ('380', '2015-10-22', '1', '131');
INSERT INTO `attendance` VALUES ('397', '2015-10-22', '1', '135');
INSERT INTO `attendance` VALUES ('403', '2015-10-22', '1', '141');
INSERT INTO `attendance` VALUES ('419', '2015-10-22', '1', '143');
INSERT INTO `attendance` VALUES ('428', '2015-10-22', '1', '148');
INSERT INTO `attendance` VALUES ('525', '2015-10-22', '1', '214');
INSERT INTO `attendance` VALUES ('557', '2015-10-22', '1', '227');
INSERT INTO `attendance` VALUES ('573', '2015-10-22', '1', '228');
INSERT INTO `attendance` VALUES ('597', '2015-10-22', '1', '238');
INSERT INTO `attendance` VALUES ('646', '2015-10-22', '1', '265');
INSERT INTO `attendance` VALUES ('670', '2015-10-22', '2', '10');
INSERT INTO `attendance` VALUES ('676', '2015-10-22', '2', '11');
INSERT INTO `attendance` VALUES ('766', '2015-10-22', '2', '36');
INSERT INTO `attendance` VALUES ('834', '2015-10-22', '2', '52');
INSERT INTO `attendance` VALUES ('844', '2015-10-22', '2', '54');
INSERT INTO `attendance` VALUES ('889', '2015-10-22', '2', '74');
INSERT INTO `attendance` VALUES ('929', '2015-10-22', '2', '90');
INSERT INTO `attendance` VALUES ('943', '2015-10-22', '2', '98');
INSERT INTO `attendance` VALUES ('986', '2015-10-22', '2', '112');
INSERT INTO `attendance` VALUES ('996', '2015-10-22', '2', '115');
INSERT INTO `attendance` VALUES ('1029', '2015-10-22', '2', '131');
INSERT INTO `attendance` VALUES ('1039', '2015-10-22', '2', '135');
INSERT INTO `attendance` VALUES ('1066', '2015-10-22', '2', '141');
INSERT INTO `attendance` VALUES ('1088', '2015-10-22', '2', '155');
INSERT INTO `attendance` VALUES ('1153', '2015-10-22', '2', '183');
INSERT INTO `attendance` VALUES ('1197', '2015-10-22', '2', '188');
INSERT INTO `attendance` VALUES ('1214', '2015-10-22', '2', '200');
INSERT INTO `attendance` VALUES ('1251', '2015-10-22', '2', '214');
INSERT INTO `attendance` VALUES ('1320', '2015-10-22', '2', '233');
INSERT INTO `attendance` VALUES ('1372', '2015-10-22', '2', '247');
INSERT INTO `attendance` VALUES ('1808', '2015-10-22', '4', '4');
INSERT INTO `attendance` VALUES ('1801', '2015-10-22', '4', '7');
INSERT INTO `attendance` VALUES ('1700', '2015-10-22', '4', '14');
INSERT INTO `attendance` VALUES ('1817', '2015-10-22', '4', '34');
INSERT INTO `attendance` VALUES ('1826', '2015-10-22', '4', '52');
INSERT INTO `attendance` VALUES ('1835', '2015-10-22', '4', '57');
INSERT INTO `attendance` VALUES ('1844', '2015-10-22', '4', '64');
INSERT INTO `attendance` VALUES ('1852', '2015-10-22', '4', '112');
INSERT INTO `attendance` VALUES ('1770', '2015-10-22', '4', '115');
INSERT INTO `attendance` VALUES ('1793', '2015-10-22', '4', '120');
INSERT INTO `attendance` VALUES ('1789', '2015-10-22', '4', '161');
INSERT INTO `attendance` VALUES ('1727', '2015-10-22', '4', '183');
INSERT INTO `attendance` VALUES ('1777', '2015-10-22', '4', '216');
INSERT INTO `attendance` VALUES ('1879', '2015-10-22', '4', '255');
INSERT INTO `attendance` VALUES ('1903', '2015-10-22', '5', '112');
INSERT INTO `attendance` VALUES ('89', '2015-10-29', '1', '4');
INSERT INTO `attendance` VALUES ('140', '2015-10-29', '1', '22');
INSERT INTO `attendance` VALUES ('180', '2015-10-29', '1', '34');
INSERT INTO `attendance` VALUES ('195', '2015-10-29', '1', '38');
INSERT INTO `attendance` VALUES ('250', '2015-10-29', '1', '65');
INSERT INTO `attendance` VALUES ('277', '2015-10-29', '1', '83');
INSERT INTO `attendance` VALUES ('303', '2015-10-29', '1', '106');
INSERT INTO `attendance` VALUES ('433', '2015-10-29', '1', '156');
INSERT INTO `attendance` VALUES ('464', '2015-10-29', '1', '183');
INSERT INTO `attendance` VALUES ('558', '2015-10-29', '1', '227');
INSERT INTO `attendance` VALUES ('598', '2015-10-29', '1', '239');
INSERT INTO `attendance` VALUES ('700', '2015-10-29', '2', '15');
INSERT INTO `attendance` VALUES ('718', '2015-10-29', '2', '16');
INSERT INTO `attendance` VALUES ('723', '2015-10-29', '2', '22');
INSERT INTO `attendance` VALUES ('758', '2015-10-29', '2', '34');
INSERT INTO `attendance` VALUES ('767', '2015-10-29', '2', '36');
INSERT INTO `attendance` VALUES ('772', '2015-10-29', '2', '38');
INSERT INTO `attendance` VALUES ('835', '2015-10-29', '2', '52');
INSERT INTO `attendance` VALUES ('845', '2015-10-29', '2', '54');
INSERT INTO `attendance` VALUES ('858', '2015-10-29', '2', '65');
INSERT INTO `attendance` VALUES ('987', '2015-10-29', '2', '112');
INSERT INTO `attendance` VALUES ('1006', '2015-10-29', '2', '123');
INSERT INTO `attendance` VALUES ('1030', '2015-10-29', '2', '131');
INSERT INTO `attendance` VALUES ('1041', '2015-10-29', '2', '136');
INSERT INTO `attendance` VALUES ('1089', '2015-10-29', '2', '156');
INSERT INTO `attendance` VALUES ('1111', '2015-10-29', '2', '163');
INSERT INTO `attendance` VALUES ('1154', '2015-10-29', '2', '183');
INSERT INTO `attendance` VALUES ('1198', '2015-10-29', '2', '188');
INSERT INTO `attendance` VALUES ('1345', '2015-10-29', '2', '239');
INSERT INTO `attendance` VALUES ('1373', '2015-10-29', '2', '247');
INSERT INTO `attendance` VALUES ('1809', '2015-10-29', '4', '4');
INSERT INTO `attendance` VALUES ('1701', '2015-10-29', '4', '14');
INSERT INTO `attendance` VALUES ('1818', '2015-10-29', '4', '34');
INSERT INTO `attendance` VALUES ('1827', '2015-10-29', '4', '52');
INSERT INTO `attendance` VALUES ('1836', '2015-10-29', '4', '57');
INSERT INTO `attendance` VALUES ('1845', '2015-10-29', '4', '64');
INSERT INTO `attendance` VALUES ('1853', '2015-10-29', '4', '112');
INSERT INTO `attendance` VALUES ('1861', '2015-10-29', '4', '158');
INSERT INTO `attendance` VALUES ('1865', '2015-10-29', '4', '163');
INSERT INTO `attendance` VALUES ('1728', '2015-10-29', '4', '183');
INSERT INTO `attendance` VALUES ('1877', '2015-10-29', '4', '229');
INSERT INTO `attendance` VALUES ('116', '2015-11-01', '1', '10');
INSERT INTO `attendance` VALUES ('123', '2015-11-01', '1', '11');
INSERT INTO `attendance` VALUES ('148', '2015-11-01', '1', '33');
INSERT INTO `attendance` VALUES ('239', '2015-11-01', '1', '52');
INSERT INTO `attendance` VALUES ('245', '2015-11-01', '1', '57');
INSERT INTO `attendance` VALUES ('367', '2015-11-01', '1', '123');
INSERT INTO `attendance` VALUES ('381', '2015-11-01', '1', '131');
INSERT INTO `attendance` VALUES ('398', '2015-11-01', '1', '135');
INSERT INTO `attendance` VALUES ('404', '2015-11-01', '1', '141');
INSERT INTO `attendance` VALUES ('432', '2015-11-01', '1', '151');
INSERT INTO `attendance` VALUES ('507', '2015-11-01', '1', '208');
INSERT INTO `attendance` VALUES ('526', '2015-11-01', '1', '214');
INSERT INTO `attendance` VALUES ('617', '2015-11-01', '1', '252');
INSERT INTO `attendance` VALUES ('641', '2015-11-01', '1', '255');
INSERT INTO `attendance` VALUES ('671', '2015-11-01', '2', '10');
INSERT INTO `attendance` VALUES ('677', '2015-11-01', '2', '11');
INSERT INTO `attendance` VALUES ('768', '2015-11-01', '2', '36');
INSERT INTO `attendance` VALUES ('812', '2015-11-01', '2', '44');
INSERT INTO `attendance` VALUES ('836', '2015-11-01', '2', '52');
INSERT INTO `attendance` VALUES ('890', '2015-11-01', '2', '74');
INSERT INTO `attendance` VALUES ('930', '2015-11-01', '2', '90');
INSERT INTO `attendance` VALUES ('944', '2015-11-01', '2', '98');
INSERT INTO `attendance` VALUES ('1031', '2015-11-01', '2', '131');
INSERT INTO `attendance` VALUES ('1040', '2015-11-01', '2', '135');
INSERT INTO `attendance` VALUES ('1067', '2015-11-01', '2', '141');
INSERT INTO `attendance` VALUES ('1112', '2015-11-01', '2', '163');
INSERT INTO `attendance` VALUES ('1155', '2015-11-01', '2', '183');
INSERT INTO `attendance` VALUES ('1199', '2015-11-01', '2', '188');
INSERT INTO `attendance` VALUES ('1218', '2015-11-01', '2', '208');
INSERT INTO `attendance` VALUES ('1252', '2015-11-01', '2', '214');
INSERT INTO `attendance` VALUES ('1321', '2015-11-01', '2', '233');
INSERT INTO `attendance` VALUES ('1413', '2015-11-01', '2', '255');
INSERT INTO `attendance` VALUES ('1440', '2015-11-01', '3', '34');
INSERT INTO `attendance` VALUES ('1447', '2015-11-01', '3', '44');
INSERT INTO `attendance` VALUES ('1452', '2015-11-01', '3', '52');
INSERT INTO `attendance` VALUES ('1469', '2015-11-01', '3', '135');
INSERT INTO `attendance` VALUES ('1476', '2015-11-01', '3', '171');
INSERT INTO `attendance` VALUES ('1495', '2015-11-01', '3', '233');
INSERT INTO `attendance` VALUES ('1505', '2015-11-01', '3', '255');
INSERT INTO `attendance` VALUES ('1802', '2015-11-01', '4', '7');
INSERT INTO `attendance` VALUES ('1702', '2015-11-01', '4', '14');
INSERT INTO `attendance` VALUES ('1819', '2015-11-01', '4', '34');
INSERT INTO `attendance` VALUES ('1828', '2015-11-01', '4', '52');
INSERT INTO `attendance` VALUES ('1837', '2015-11-01', '4', '57');
INSERT INTO `attendance` VALUES ('1846', '2015-11-01', '4', '64');
INSERT INTO `attendance` VALUES ('1854', '2015-11-01', '4', '112');
INSERT INTO `attendance` VALUES ('1771', '2015-11-01', '4', '115');
INSERT INTO `attendance` VALUES ('1799', '2015-11-01', '4', '118');
INSERT INTO `attendance` VALUES ('1783', '2015-11-01', '4', '153');
INSERT INTO `attendance` VALUES ('1862', '2015-11-01', '4', '158');
INSERT INTO `attendance` VALUES ('1790', '2015-11-01', '4', '161');
INSERT INTO `attendance` VALUES ('1866', '2015-11-01', '4', '163');
INSERT INTO `attendance` VALUES ('1729', '2015-11-01', '4', '183');
INSERT INTO `attendance` VALUES ('1778', '2015-11-01', '4', '216');
INSERT INTO `attendance` VALUES ('1873', '2015-11-01', '4', '219');
INSERT INTO `attendance` VALUES ('1880', '2015-11-01', '4', '255');
INSERT INTO `attendance` VALUES ('1904', '2015-11-01', '5', '112');
INSERT INTO `attendance` VALUES ('117', '2015-11-08', '1', '10');
INSERT INTO `attendance` VALUES ('211', '2015-11-08', '1', '44');
INSERT INTO `attendance` VALUES ('232', '2015-11-08', '1', '49');
INSERT INTO `attendance` VALUES ('304', '2015-11-08', '1', '106');
INSERT INTO `attendance` VALUES ('337', '2015-11-08', '1', '119');
INSERT INTO `attendance` VALUES ('508', '2015-11-08', '1', '208');
INSERT INTO `attendance` VALUES ('601', '2015-11-08', '1', '244');
INSERT INTO `attendance` VALUES ('658', '2015-11-08', '2', '5');
INSERT INTO `attendance` VALUES ('701', '2015-11-08', '2', '15');
INSERT INTO `attendance` VALUES ('759', '2015-11-08', '2', '34');
INSERT INTO `attendance` VALUES ('813', '2015-11-08', '2', '44');
INSERT INTO `attendance` VALUES ('837', '2015-11-08', '2', '52');
INSERT INTO `attendance` VALUES ('988', '2015-11-08', '2', '112');
INSERT INTO `attendance` VALUES ('997', '2015-11-08', '2', '115');
INSERT INTO `attendance` VALUES ('999', '2015-11-08', '2', '121');
INSERT INTO `attendance` VALUES ('1007', '2015-11-08', '2', '123');
INSERT INTO `attendance` VALUES ('1081', '2015-11-08', '2', '151');
INSERT INTO `attendance` VALUES ('1113', '2015-11-08', '2', '163');
INSERT INTO `attendance` VALUES ('1156', '2015-11-08', '2', '183');
INSERT INTO `attendance` VALUES ('1200', '2015-11-08', '2', '188');
INSERT INTO `attendance` VALUES ('1204', '2015-11-08', '2', '194');
INSERT INTO `attendance` VALUES ('1206', '2015-11-08', '2', '197');
INSERT INTO `attendance` VALUES ('1253', '2015-11-08', '2', '214');
INSERT INTO `attendance` VALUES ('1279', '2015-11-08', '2', '231');
INSERT INTO `attendance` VALUES ('1322', '2015-11-08', '2', '233');
INSERT INTO `attendance` VALUES ('1414', '2015-11-08', '2', '255');
INSERT INTO `attendance` VALUES ('1810', '2015-11-08', '4', '4');
INSERT INTO `attendance` VALUES ('1703', '2015-11-08', '4', '14');
INSERT INTO `attendance` VALUES ('1820', '2015-11-08', '4', '34');
INSERT INTO `attendance` VALUES ('1829', '2015-11-08', '4', '52');
INSERT INTO `attendance` VALUES ('1838', '2015-11-08', '4', '57');
INSERT INTO `attendance` VALUES ('1847', '2015-11-08', '4', '64');
INSERT INTO `attendance` VALUES ('1855', '2015-11-08', '4', '112');
INSERT INTO `attendance` VALUES ('1772', '2015-11-08', '4', '115');
INSERT INTO `attendance` VALUES ('1794', '2015-11-08', '4', '120');
INSERT INTO `attendance` VALUES ('1784', '2015-11-08', '4', '153');
INSERT INTO `attendance` VALUES ('1863', '2015-11-08', '4', '158');
INSERT INTO `attendance` VALUES ('1867', '2015-11-08', '4', '163');
INSERT INTO `attendance` VALUES ('1730', '2015-11-08', '4', '183');
INSERT INTO `attendance` VALUES ('1881', '2015-11-08', '4', '255');
INSERT INTO `attendance` VALUES ('118', '2015-11-15', '1', '10');
INSERT INTO `attendance` VALUES ('129', '2015-11-15', '1', '14');
INSERT INTO `attendance` VALUES ('134', '2015-11-15', '1', '16');
INSERT INTO `attendance` VALUES ('141', '2015-11-15', '1', '22');
INSERT INTO `attendance` VALUES ('181', '2015-11-15', '1', '34');
INSERT INTO `attendance` VALUES ('196', '2015-11-15', '1', '38');
INSERT INTO `attendance` VALUES ('234', '2015-11-15', '1', '50');
INSERT INTO `attendance` VALUES ('338', '2015-11-15', '1', '119');
INSERT INTO `attendance` VALUES ('368', '2015-11-15', '1', '123');
INSERT INTO `attendance` VALUES ('399', '2015-11-15', '1', '135');
INSERT INTO `attendance` VALUES ('435', '2015-11-15', '1', '167');
INSERT INTO `attendance` VALUES ('509', '2015-11-15', '1', '208');
INSERT INTO `attendance` VALUES ('559', '2015-11-15', '1', '227');
INSERT INTO `attendance` VALUES ('642', '2015-11-15', '1', '255');
INSERT INTO `attendance` VALUES ('760', '2015-11-15', '2', '34');
INSERT INTO `attendance` VALUES ('814', '2015-11-15', '2', '44');
INSERT INTO `attendance` VALUES ('838', '2015-11-15', '2', '52');
INSERT INTO `attendance` VALUES ('1058', '2015-11-15', '2', '138');
INSERT INTO `attendance` VALUES ('1069', '2015-11-15', '2', '143');
INSERT INTO `attendance` VALUES ('1157', '2015-11-15', '2', '183');
INSERT INTO `attendance` VALUES ('1201', '2015-11-15', '2', '188');
INSERT INTO `attendance` VALUES ('1323', '2015-11-15', '2', '233');
INSERT INTO `attendance` VALUES ('1374', '2015-11-15', '2', '247');
INSERT INTO `attendance` VALUES ('1811', '2015-11-15', '4', '4');
INSERT INTO `attendance` VALUES ('1803', '2015-11-15', '4', '7');
INSERT INTO `attendance` VALUES ('1815', '2015-11-15', '4', '23');
INSERT INTO `attendance` VALUES ('1821', '2015-11-15', '4', '34');
INSERT INTO `attendance` VALUES ('1830', '2015-11-15', '4', '52');
INSERT INTO `attendance` VALUES ('1839', '2015-11-15', '4', '57');
INSERT INTO `attendance` VALUES ('1848', '2015-11-15', '4', '64');
INSERT INTO `attendance` VALUES ('1856', '2015-11-15', '4', '112');
INSERT INTO `attendance` VALUES ('1773', '2015-11-15', '4', '115');
INSERT INTO `attendance` VALUES ('1795', '2015-11-15', '4', '120');
INSERT INTO `attendance` VALUES ('1785', '2015-11-15', '4', '153');
INSERT INTO `attendance` VALUES ('1868', '2015-11-15', '4', '163');
INSERT INTO `attendance` VALUES ('1731', '2015-11-15', '4', '183');
INSERT INTO `attendance` VALUES ('1874', '2015-11-15', '4', '219');
INSERT INTO `attendance` VALUES ('1878', '2015-11-15', '4', '229');
INSERT INTO `attendance` VALUES ('1882', '2015-11-15', '4', '255');
INSERT INTO `attendance` VALUES ('90', '2015-11-22', '1', '4');
INSERT INTO `attendance` VALUES ('119', '2015-11-22', '1', '10');
INSERT INTO `attendance` VALUES ('182', '2015-11-22', '1', '34');
INSERT INTO `attendance` VALUES ('192', '2015-11-22', '1', '37');
INSERT INTO `attendance` VALUES ('272', '2015-11-22', '1', '76');
INSERT INTO `attendance` VALUES ('330', '2015-11-22', '1', '112');
INSERT INTO `attendance` VALUES ('332', '2015-11-22', '1', '115');
INSERT INTO `attendance` VALUES ('339', '2015-11-22', '1', '119');
INSERT INTO `attendance` VALUES ('369', '2015-11-22', '1', '123');
INSERT INTO `attendance` VALUES ('493', '2015-11-22', '1', '186');
INSERT INTO `attendance` VALUES ('497', '2015-11-22', '1', '189');
INSERT INTO `attendance` VALUES ('527', '2015-11-22', '1', '214');
INSERT INTO `attendance` VALUES ('582', '2015-11-22', '1', '230');
INSERT INTO `attendance` VALUES ('643', '2015-11-22', '1', '255');
INSERT INTO `attendance` VALUES ('672', '2015-11-22', '2', '10');
INSERT INTO `attendance` VALUES ('763', '2015-11-22', '2', '35');
INSERT INTO `attendance` VALUES ('769', '2015-11-22', '2', '36');
INSERT INTO `attendance` VALUES ('815', '2015-11-22', '2', '44');
INSERT INTO `attendance` VALUES ('839', '2015-11-22', '2', '52');
INSERT INTO `attendance` VALUES ('989', '2015-11-22', '2', '112');
INSERT INTO `attendance` VALUES ('1082', '2015-11-22', '2', '151');
INSERT INTO `attendance` VALUES ('1108', '2015-11-22', '2', '158');
INSERT INTO `attendance` VALUES ('1158', '2015-11-22', '2', '183');
INSERT INTO `attendance` VALUES ('1208', '2015-11-22', '2', '198');
INSERT INTO `attendance` VALUES ('1254', '2015-11-22', '2', '214');
INSERT INTO `attendance` VALUES ('1812', '2015-11-22', '4', '4');
INSERT INTO `attendance` VALUES ('1804', '2015-11-22', '4', '7');
INSERT INTO `attendance` VALUES ('1822', '2015-11-22', '4', '34');
INSERT INTO `attendance` VALUES ('1831', '2015-11-22', '4', '52');
INSERT INTO `attendance` VALUES ('1840', '2015-11-22', '4', '57');
INSERT INTO `attendance` VALUES ('1857', '2015-11-22', '4', '112');
INSERT INTO `attendance` VALUES ('1774', '2015-11-22', '4', '115');
INSERT INTO `attendance` VALUES ('1786', '2015-11-22', '4', '153');
INSERT INTO `attendance` VALUES ('1869', '2015-11-22', '4', '163');
INSERT INTO `attendance` VALUES ('1732', '2015-11-22', '4', '183');
INSERT INTO `attendance` VALUES ('125', '2015-12-01', '1', '12');
INSERT INTO `attendance` VALUES ('135', '2015-12-01', '1', '16');
INSERT INTO `attendance` VALUES ('143', '2015-12-01', '1', '29');
INSERT INTO `attendance` VALUES ('183', '2015-12-01', '1', '34');
INSERT INTO `attendance` VALUES ('197', '2015-12-01', '1', '38');
INSERT INTO `attendance` VALUES ('240', '2015-12-01', '1', '52');
INSERT INTO `attendance` VALUES ('400', '2015-12-01', '1', '135');
INSERT INTO `attendance` VALUES ('429', '2015-12-01', '1', '150');
INSERT INTO `attendance` VALUES ('434', '2015-12-01', '1', '156');
INSERT INTO `attendance` VALUES ('436', '2015-12-01', '1', '167');
INSERT INTO `attendance` VALUES ('494', '2015-12-01', '1', '186');
INSERT INTO `attendance` VALUES ('501', '2015-12-01', '1', '204');
INSERT INTO `attendance` VALUES ('560', '2015-12-01', '1', '227');
INSERT INTO `attendance` VALUES ('599', '2015-12-01', '1', '239');
INSERT INTO `attendance` VALUES ('602', '2015-12-01', '1', '244');
INSERT INTO `attendance` VALUES ('678', '2015-12-01', '2', '12');
INSERT INTO `attendance` VALUES ('702', '2015-12-01', '2', '15');
INSERT INTO `attendance` VALUES ('719', '2015-12-01', '2', '16');
INSERT INTO `attendance` VALUES ('761', '2015-12-01', '2', '34');
INSERT INTO `attendance` VALUES ('770', '2015-12-01', '2', '36');
INSERT INTO `attendance` VALUES ('773', '2015-12-01', '2', '38');
INSERT INTO `attendance` VALUES ('778', '2015-12-01', '2', '40');
INSERT INTO `attendance` VALUES ('816', '2015-12-01', '2', '44');
INSERT INTO `attendance` VALUES ('840', '2015-12-01', '2', '52');
INSERT INTO `attendance` VALUES ('891', '2015-12-01', '2', '74');
INSERT INTO `attendance` VALUES ('931', '2015-12-01', '2', '90');
INSERT INTO `attendance` VALUES ('1059', '2015-12-01', '2', '138');
INSERT INTO `attendance` VALUES ('1071', '2015-12-01', '2', '150');
INSERT INTO `attendance` VALUES ('1116', '2015-12-01', '2', '167');
INSERT INTO `attendance` VALUES ('1159', '2015-12-01', '2', '183');
INSERT INTO `attendance` VALUES ('1202', '2015-12-01', '2', '188');
INSERT INTO `attendance` VALUES ('1255', '2015-12-01', '2', '214');
INSERT INTO `attendance` VALUES ('1280', '2015-12-01', '2', '231');
INSERT INTO `attendance` VALUES ('1346', '2015-12-01', '2', '239');
INSERT INTO `attendance` VALUES ('1422', '2015-12-01', '2', '264');
INSERT INTO `attendance` VALUES ('1432', '2015-12-01', '3', '11');
INSERT INTO `attendance` VALUES ('1436', '2015-12-01', '3', '23');
INSERT INTO `attendance` VALUES ('1441', '2015-12-01', '3', '34');
INSERT INTO `attendance` VALUES ('1448', '2015-12-01', '3', '44');
INSERT INTO `attendance` VALUES ('1480', '2015-12-01', '3', '198');
INSERT INTO `attendance` VALUES ('1496', '2015-12-01', '3', '233');
INSERT INTO `attendance` VALUES ('1813', '2015-12-01', '4', '4');
INSERT INTO `attendance` VALUES ('1823', '2015-12-01', '4', '34');
INSERT INTO `attendance` VALUES ('1832', '2015-12-01', '4', '52');
INSERT INTO `attendance` VALUES ('1841', '2015-12-01', '4', '57');
INSERT INTO `attendance` VALUES ('1849', '2015-12-01', '4', '64');
INSERT INTO `attendance` VALUES ('1858', '2015-12-01', '4', '112');
INSERT INTO `attendance` VALUES ('1870', '2015-12-01', '4', '163');
INSERT INTO `attendance` VALUES ('1733', '2015-12-01', '4', '183');
INSERT INTO `attendance` VALUES ('1779', '2015-12-01', '4', '216');
INSERT INTO `attendance` VALUES ('1883', '2015-12-01', '4', '255');
INSERT INTO `attendance` VALUES ('1920', '2015-12-01', '9', '34');
INSERT INTO `attendance` VALUES ('1917', '2015-12-01', '9', '179');
INSERT INTO `attendance` VALUES ('1919', '2015-12-01', '9', '217');
INSERT INTO `attendance` VALUES ('1918', '2015-12-01', '9', '228');
INSERT INTO `attendance` VALUES ('91', '2015-12-08', '1', '4');
INSERT INTO `attendance` VALUES ('144', '2015-12-08', '1', '29');
INSERT INTO `attendance` VALUES ('184', '2015-12-08', '1', '34');
INSERT INTO `attendance` VALUES ('246', '2015-12-08', '1', '57');
INSERT INTO `attendance` VALUES ('305', '2015-12-08', '1', '106');
INSERT INTO `attendance` VALUES ('331', '2015-12-08', '1', '112');
INSERT INTO `attendance` VALUES ('370', '2015-12-08', '1', '123');
INSERT INTO `attendance` VALUES ('502', '2015-12-08', '1', '204');
INSERT INTO `attendance` VALUES ('574', '2015-12-08', '1', '228');
INSERT INTO `attendance` VALUES ('644', '2015-12-08', '1', '255');
INSERT INTO `attendance` VALUES ('703', '2015-12-08', '2', '15');
INSERT INTO `attendance` VALUES ('762', '2015-12-08', '2', '34');
INSERT INTO `attendance` VALUES ('771', '2015-12-08', '2', '36');
INSERT INTO `attendance` VALUES ('841', '2015-12-08', '2', '52');
INSERT INTO `attendance` VALUES ('892', '2015-12-08', '2', '74');
INSERT INTO `attendance` VALUES ('1008', '2015-12-08', '2', '123');
INSERT INTO `attendance` VALUES ('1203', '2015-12-08', '2', '188');
INSERT INTO `attendance` VALUES ('1272', '2015-12-08', '2', '228');
INSERT INTO `attendance` VALUES ('1824', '2015-12-08', '4', '34');
INSERT INTO `attendance` VALUES ('1833', '2015-12-08', '4', '52');
INSERT INTO `attendance` VALUES ('1842', '2015-12-08', '4', '57');
INSERT INTO `attendance` VALUES ('1850', '2015-12-08', '4', '64');
INSERT INTO `attendance` VALUES ('1859', '2015-12-08', '4', '112');
INSERT INTO `attendance` VALUES ('1796', '2015-12-08', '4', '120');
INSERT INTO `attendance` VALUES ('1871', '2015-12-08', '4', '163');
INSERT INTO `attendance` VALUES ('1780', '2015-12-08', '4', '216');
INSERT INTO `attendance` VALUES ('1875', '2015-12-08', '4', '219');
INSERT INTO `attendance` VALUES ('124', '2015-12-15', '1', '11');
INSERT INTO `attendance` VALUES ('136', '2015-12-15', '1', '16');
INSERT INTO `attendance` VALUES ('185', '2015-12-15', '1', '34');
INSERT INTO `attendance` VALUES ('248', '2015-12-15', '1', '63');
INSERT INTO `attendance` VALUES ('273', '2015-12-15', '1', '76');
INSERT INTO `attendance` VALUES ('340', '2015-12-15', '1', '119');
INSERT INTO `attendance` VALUES ('420', '2015-12-15', '1', '143');
INSERT INTO `attendance` VALUES ('561', '2015-12-15', '1', '227');
INSERT INTO `attendance` VALUES ('1968', '2016-01-01', '1', '34');
INSERT INTO `attendance` VALUES ('1982', '2016-01-01', '1', '44');
INSERT INTO `attendance` VALUES ('2012', '2016-01-01', '1', '179');
INSERT INTO `attendance` VALUES ('2017', '2016-01-01', '1', '186');
INSERT INTO `attendance` VALUES ('2019', '2016-01-01', '1', '189');
INSERT INTO `attendance` VALUES ('2024', '2016-01-01', '1', '227');
INSERT INTO `attendance` VALUES ('1954', '2016-01-01', '1', '276');
INSERT INTO `attendance` VALUES ('2130', '2016-01-01', '2', '16');
INSERT INTO `attendance` VALUES ('2139', '2016-01-01', '2', '41');
INSERT INTO `attendance` VALUES ('2148', '2016-01-01', '2', '98');
INSERT INTO `attendance` VALUES ('2171', '2016-01-01', '2', '168');
INSERT INTO `attendance` VALUES ('2172', '2016-01-01', '2', '171');
INSERT INTO `attendance` VALUES ('2136', '2016-01-01', '2', '284');
INSERT INTO `attendance` VALUES ('2146', '2016-01-01', '2', '285');
INSERT INTO `attendance` VALUES ('2182', '2016-01-01', '2', '287');
INSERT INTO `attendance` VALUES ('2183', '2016-01-01', '2', '363');
INSERT INTO `attendance` VALUES ('3950', '2016-01-01', '3', '52');
INSERT INTO `attendance` VALUES ('3956', '2016-01-01', '3', '70');
INSERT INTO `attendance` VALUES ('3967', '2016-01-01', '3', '112');
INSERT INTO `attendance` VALUES ('3982', '2016-01-01', '3', '137');
INSERT INTO `attendance` VALUES ('4004', '2016-01-01', '3', '233');
INSERT INTO `attendance` VALUES ('4019', '2016-01-01', '3', '255');
INSERT INTO `attendance` VALUES ('4915', '2016-01-01', '8', '183');
INSERT INTO `attendance` VALUES ('4916', '2016-01-01', '8', '277');
INSERT INTO `attendance` VALUES ('4917', '2016-01-02', '8', '171');
INSERT INTO `attendance` VALUES ('1949', '2016-01-08', '1', '4');
INSERT INTO `attendance` VALUES ('1969', '2016-01-08', '1', '34');
INSERT INTO `attendance` VALUES ('1977', '2016-01-08', '1', '38');
INSERT INTO `attendance` VALUES ('1984', '2016-01-08', '1', '65');
INSERT INTO `attendance` VALUES ('2003', '2016-01-08', '1', '150');
INSERT INTO `attendance` VALUES ('2009', '2016-01-08', '1', '156');
INSERT INTO `attendance` VALUES ('2015', '2016-01-08', '1', '183');
INSERT INTO `attendance` VALUES ('2025', '2016-01-08', '1', '227');
INSERT INTO `attendance` VALUES ('1955', '2016-01-08', '1', '276');
INSERT INTO `attendance` VALUES ('1960', '2016-01-08', '1', '277');
INSERT INTO `attendance` VALUES ('2125', '2016-01-08', '2', '10');
INSERT INTO `attendance` VALUES ('2133', '2016-01-08', '2', '34');
INSERT INTO `attendance` VALUES ('2140', '2016-01-08', '2', '44');
INSERT INTO `attendance` VALUES ('2151', '2016-01-08', '2', '112');
INSERT INTO `attendance` VALUES ('2173', '2016-01-08', '2', '171');
INSERT INTO `attendance` VALUES ('2185', '2016-01-08', '2', '233');
INSERT INTO `attendance` VALUES ('2191', '2016-01-08', '2', '255');
INSERT INTO `attendance` VALUES ('2155', '2016-01-08', '2', '280');
INSERT INTO `attendance` VALUES ('2150', '2016-01-08', '2', '286');
INSERT INTO `attendance` VALUES ('1970', '2016-01-15', '1', '34');
INSERT INTO `attendance` VALUES ('2001', '2016-01-15', '1', '143');
INSERT INTO `attendance` VALUES ('2023', '2016-01-15', '1', '208');
INSERT INTO `attendance` VALUES ('1963', '2016-01-15', '1', '279');
INSERT INTO `attendance` VALUES ('2033', '2016-01-15', '1', '282');
INSERT INTO `attendance` VALUES ('1950', '2016-01-22', '1', '4');
INSERT INTO `attendance` VALUES ('1971', '2016-01-22', '1', '34');
INSERT INTO `attendance` VALUES ('1978', '2016-01-22', '1', '38');
INSERT INTO `attendance` VALUES ('1985', '2016-01-22', '1', '65');
INSERT INTO `attendance` VALUES ('2004', '2016-01-22', '1', '150');
INSERT INTO `attendance` VALUES ('2010', '2016-01-22', '1', '156');
INSERT INTO `attendance` VALUES ('2018', '2016-01-22', '1', '186');
INSERT INTO `attendance` VALUES ('2026', '2016-01-22', '1', '227');
INSERT INTO `attendance` VALUES ('2030', '2016-01-22', '1', '239');
INSERT INTO `attendance` VALUES ('1961', '2016-01-22', '1', '278');
INSERT INTO `attendance` VALUES ('2011', '2016-01-22', '1', '281');
INSERT INTO `attendance` VALUES ('1951', '2016-01-29', '1', '4');
INSERT INTO `attendance` VALUES ('1956', '2016-01-29', '1', '10');
INSERT INTO `attendance` VALUES ('1972', '2016-01-29', '1', '34');
INSERT INTO `attendance` VALUES ('1976', '2016-01-29', '1', '37');
INSERT INTO `attendance` VALUES ('1979', '2016-01-29', '1', '38');
INSERT INTO `attendance` VALUES ('1988', '2016-01-29', '1', '106');
INSERT INTO `attendance` VALUES ('1991', '2016-01-29', '1', '112');
INSERT INTO `attendance` VALUES ('1996', '2016-01-29', '1', '123');
INSERT INTO `attendance` VALUES ('2005', '2016-01-29', '1', '150');
INSERT INTO `attendance` VALUES ('2013', '2016-01-29', '1', '179');
INSERT INTO `attendance` VALUES ('2020', '2016-01-29', '1', '189');
INSERT INTO `attendance` VALUES ('1989', '2016-02-01', '1', '106');
INSERT INTO `attendance` VALUES ('1992', '2016-02-01', '1', '115');
INSERT INTO `attendance` VALUES ('1994', '2016-02-01', '1', '119');
INSERT INTO `attendance` VALUES ('1997', '2016-02-01', '1', '123');
INSERT INTO `attendance` VALUES ('2000', '2016-02-01', '1', '135');
INSERT INTO `attendance` VALUES ('2002', '2016-02-01', '1', '143');
INSERT INTO `attendance` VALUES ('2027', '2016-02-01', '1', '227');
INSERT INTO `attendance` VALUES ('2031', '2016-02-01', '1', '255');
INSERT INTO `attendance` VALUES ('1998', '2016-02-01', '1', '270');
INSERT INTO `attendance` VALUES ('2034', '2016-02-01', '1', '283');
INSERT INTO `attendance` VALUES ('2131', '2016-02-01', '2', '16');
INSERT INTO `attendance` VALUES ('2141', '2016-02-01', '2', '44');
INSERT INTO `attendance` VALUES ('2147', '2016-02-01', '2', '54');
INSERT INTO `attendance` VALUES ('2152', '2016-02-01', '2', '112');
INSERT INTO `attendance` VALUES ('2163', '2016-02-01', '2', '137');
INSERT INTO `attendance` VALUES ('2166', '2016-02-01', '2', '147');
INSERT INTO `attendance` VALUES ('2174', '2016-02-01', '2', '183');
INSERT INTO `attendance` VALUES ('2186', '2016-02-01', '2', '233');
INSERT INTO `attendance` VALUES ('2192', '2016-02-01', '2', '255');
INSERT INTO `attendance` VALUES ('2156', '2016-02-01', '2', '280');
INSERT INTO `attendance` VALUES ('2197', '2016-02-01', '2', '283');
INSERT INTO `attendance` VALUES ('3940', '2016-02-01', '3', '34');
INSERT INTO `attendance` VALUES ('3943', '2016-02-01', '3', '40');
INSERT INTO `attendance` VALUES ('3945', '2016-02-01', '3', '44');
INSERT INTO `attendance` VALUES ('3951', '2016-02-01', '3', '52');
INSERT INTO `attendance` VALUES ('3985', '2016-02-01', '3', '147');
INSERT INTO `attendance` VALUES ('3986', '2016-02-01', '3', '151');
INSERT INTO `attendance` VALUES ('3994', '2016-02-01', '3', '183');
INSERT INTO `attendance` VALUES ('3997', '2016-02-01', '3', '198');
INSERT INTO `attendance` VALUES ('4005', '2016-02-01', '3', '233');
INSERT INTO `attendance` VALUES ('4020', '2016-02-01', '3', '255');
INSERT INTO `attendance` VALUES ('3939', '2016-02-01', '3', '269');
INSERT INTO `attendance` VALUES ('4918', '2016-02-01', '8', '34');
INSERT INTO `attendance` VALUES ('1952', '2016-02-08', '1', '4');
INSERT INTO `attendance` VALUES ('1957', '2016-02-08', '1', '10');
INSERT INTO `attendance` VALUES ('1973', '2016-02-08', '1', '34');
INSERT INTO `attendance` VALUES ('1980', '2016-02-08', '1', '38');
INSERT INTO `attendance` VALUES ('1983', '2016-02-08', '1', '44');
INSERT INTO `attendance` VALUES ('1986', '2016-02-08', '1', '65');
INSERT INTO `attendance` VALUES ('2006', '2016-02-08', '1', '150');
INSERT INTO `attendance` VALUES ('2021', '2016-02-08', '1', '191');
INSERT INTO `attendance` VALUES ('2022', '2016-02-08', '1', '275');
INSERT INTO `attendance` VALUES ('1995', '2016-02-08', '1', '280');
INSERT INTO `attendance` VALUES ('2124', '2016-02-08', '2', '4');
INSERT INTO `attendance` VALUES ('2126', '2016-02-08', '2', '10');
INSERT INTO `attendance` VALUES ('2134', '2016-02-08', '2', '34');
INSERT INTO `attendance` VALUES ('2137', '2016-02-08', '2', '39');
INSERT INTO `attendance` VALUES ('2142', '2016-02-08', '2', '44');
INSERT INTO `attendance` VALUES ('2154', '2016-02-08', '2', '115');
INSERT INTO `attendance` VALUES ('2170', '2016-02-08', '2', '163');
INSERT INTO `attendance` VALUES ('2175', '2016-02-08', '2', '183');
INSERT INTO `attendance` VALUES ('2187', '2016-02-08', '2', '233');
INSERT INTO `attendance` VALUES ('2193', '2016-02-08', '2', '255');
INSERT INTO `attendance` VALUES ('2157', '2016-02-08', '2', '280');
INSERT INTO `attendance` VALUES ('4650', '2016-02-08', '5', '112');
INSERT INTO `attendance` VALUES ('1958', '2016-02-15', '1', '10');
INSERT INTO `attendance` VALUES ('1965', '2016-02-15', '1', '14');
INSERT INTO `attendance` VALUES ('1966', '2016-02-15', '1', '29');
INSERT INTO `attendance` VALUES ('1974', '2016-02-15', '1', '34');
INSERT INTO `attendance` VALUES ('2008', '2016-02-15', '1', '151');
INSERT INTO `attendance` VALUES ('2014', '2016-02-15', '1', '179');
INSERT INTO `attendance` VALUES ('2016', '2016-02-15', '1', '183');
INSERT INTO `attendance` VALUES ('2029', '2016-02-15', '1', '230');
INSERT INTO `attendance` VALUES ('2032', '2016-02-15', '1', '255');
INSERT INTO `attendance` VALUES ('1999', '2016-02-15', '1', '274');
INSERT INTO `attendance` VALUES ('2035', '2016-02-15', '1', '283');
INSERT INTO `attendance` VALUES ('2127', '2016-02-15', '2', '10');
INSERT INTO `attendance` VALUES ('2143', '2016-02-15', '2', '44');
INSERT INTO `attendance` VALUES ('2153', '2016-02-15', '2', '112');
INSERT INTO `attendance` VALUES ('2161', '2016-02-15', '2', '135');
INSERT INTO `attendance` VALUES ('2165', '2016-02-15', '2', '138');
INSERT INTO `attendance` VALUES ('2176', '2016-02-15', '2', '183');
INSERT INTO `attendance` VALUES ('2178', '2016-02-15', '2', '188');
INSERT INTO `attendance` VALUES ('2184', '2016-02-15', '2', '230');
INSERT INTO `attendance` VALUES ('2188', '2016-02-15', '2', '233');
INSERT INTO `attendance` VALUES ('2190', '2016-02-15', '2', '247');
INSERT INTO `attendance` VALUES ('2194', '2016-02-15', '2', '255');
INSERT INTO `attendance` VALUES ('2195', '2016-02-15', '2', '256');
INSERT INTO `attendance` VALUES ('2159', '2016-02-15', '2', '270');
INSERT INTO `attendance` VALUES ('2160', '2016-02-15', '2', '271');
INSERT INTO `attendance` VALUES ('2158', '2016-02-15', '2', '280');
INSERT INTO `attendance` VALUES ('4432', '2016-02-15', '4', '14');
INSERT INTO `attendance` VALUES ('4619', '2016-02-15', '5', '57');
INSERT INTO `attendance` VALUES ('4651', '2016-02-15', '5', '112');
INSERT INTO `attendance` VALUES ('4670', '2016-02-15', '5', '280');
INSERT INTO `attendance` VALUES ('1953', '2016-02-22', '1', '4');
INSERT INTO `attendance` VALUES ('1959', '2016-02-22', '1', '10');
INSERT INTO `attendance` VALUES ('1967', '2016-02-22', '1', '33');
INSERT INTO `attendance` VALUES ('1975', '2016-02-22', '1', '34');
INSERT INTO `attendance` VALUES ('1981', '2016-02-22', '1', '38');
INSERT INTO `attendance` VALUES ('1987', '2016-02-22', '1', '65');
INSERT INTO `attendance` VALUES ('1990', '2016-02-22', '1', '106');
INSERT INTO `attendance` VALUES ('1993', '2016-02-22', '1', '115');
INSERT INTO `attendance` VALUES ('2007', '2016-02-22', '1', '150');
INSERT INTO `attendance` VALUES ('2028', '2016-02-22', '1', '227');
INSERT INTO `attendance` VALUES ('1962', '2016-02-22', '1', '278');
INSERT INTO `attendance` VALUES ('1964', '2016-02-22', '1', '279');
INSERT INTO `attendance` VALUES ('2036', '2016-02-22', '1', '283');
INSERT INTO `attendance` VALUES ('2128', '2016-02-22', '2', '10');
INSERT INTO `attendance` VALUES ('2129', '2016-02-22', '2', '15');
INSERT INTO `attendance` VALUES ('2135', '2016-02-22', '2', '34');
INSERT INTO `attendance` VALUES ('2138', '2016-02-22', '2', '40');
INSERT INTO `attendance` VALUES ('2144', '2016-02-22', '2', '44');
INSERT INTO `attendance` VALUES ('2145', '2016-02-22', '2', '52');
INSERT INTO `attendance` VALUES ('2149', '2016-02-22', '2', '102');
INSERT INTO `attendance` VALUES ('2162', '2016-02-22', '2', '135');
INSERT INTO `attendance` VALUES ('2164', '2016-02-22', '2', '137');
INSERT INTO `attendance` VALUES ('2167', '2016-02-22', '2', '147');
INSERT INTO `attendance` VALUES ('2168', '2016-02-22', '2', '150');
INSERT INTO `attendance` VALUES ('2169', '2016-02-22', '2', '151');
INSERT INTO `attendance` VALUES ('2177', '2016-02-22', '2', '183');
INSERT INTO `attendance` VALUES ('2179', '2016-02-22', '2', '188');
INSERT INTO `attendance` VALUES ('2181', '2016-02-22', '2', '198');
INSERT INTO `attendance` VALUES ('2189', '2016-02-22', '2', '233');
INSERT INTO `attendance` VALUES ('2196', '2016-02-22', '2', '256');
INSERT INTO `attendance` VALUES ('2132', '2016-02-22', '2', '269');
INSERT INTO `attendance` VALUES ('2180', '2016-02-22', '2', '272');
INSERT INTO `attendance` VALUES ('2198', '2016-02-22', '2', '283');
INSERT INTO `attendance` VALUES ('4618', '2016-02-22', '5', '52');
INSERT INTO `attendance` VALUES ('4620', '2016-02-22', '5', '57');
INSERT INTO `attendance` VALUES ('4652', '2016-02-22', '5', '112');
INSERT INTO `attendance` VALUES ('4671', '2016-02-22', '5', '280');
INSERT INTO `attendance` VALUES ('2238', '2016-03-01', '1', '34');
INSERT INTO `attendance` VALUES ('2243', '2016-03-01', '1', '38');
INSERT INTO `attendance` VALUES ('2246', '2016-03-01', '1', '52');
INSERT INTO `attendance` VALUES ('2248', '2016-03-01', '1', '60');
INSERT INTO `attendance` VALUES ('2252', '2016-03-01', '1', '119');
INSERT INTO `attendance` VALUES ('2253', '2016-03-01', '1', '123');
INSERT INTO `attendance` VALUES ('2259', '2016-03-01', '1', '135');
INSERT INTO `attendance` VALUES ('2268', '2016-03-01', '1', '179');
INSERT INTO `attendance` VALUES ('2277', '2016-03-01', '1', '230');
INSERT INTO `attendance` VALUES ('2281', '2016-03-01', '1', '255');
INSERT INTO `attendance` VALUES ('2257', '2016-03-01', '1', '271');
INSERT INTO `attendance` VALUES ('2273', '2016-03-01', '1', '275');
INSERT INTO `attendance` VALUES ('2279', '2016-03-01', '1', '288');
INSERT INTO `attendance` VALUES ('2232', '2016-03-01', '1', '293');
INSERT INTO `attendance` VALUES ('2287', '2016-03-01', '2', '34');
INSERT INTO `attendance` VALUES ('2293', '2016-03-01', '2', '44');
INSERT INTO `attendance` VALUES ('2296', '2016-03-01', '2', '52');
INSERT INTO `attendance` VALUES ('2298', '2016-03-01', '2', '62');
INSERT INTO `attendance` VALUES ('2300', '2016-03-01', '2', '74');
INSERT INTO `attendance` VALUES ('2305', '2016-03-01', '2', '135');
INSERT INTO `attendance` VALUES ('2311', '2016-03-01', '2', '183');
INSERT INTO `attendance` VALUES ('2314', '2016-03-01', '2', '188');
INSERT INTO `attendance` VALUES ('2318', '2016-03-01', '2', '198');
INSERT INTO `attendance` VALUES ('2321', '2016-03-01', '2', '229');
INSERT INTO `attendance` VALUES ('2324', '2016-03-01', '2', '233');
INSERT INTO `attendance` VALUES ('2326', '2016-03-01', '2', '255');
INSERT INTO `attendance` VALUES ('2328', '2016-03-01', '2', '256');
INSERT INTO `attendance` VALUES ('2303', '2016-03-01', '2', '271');
INSERT INTO `attendance` VALUES ('2299', '2016-03-01', '2', '273');
INSERT INTO `attendance` VALUES ('3941', '2016-03-01', '3', '34');
INSERT INTO `attendance` VALUES ('3946', '2016-03-01', '3', '44');
INSERT INTO `attendance` VALUES ('3957', '2016-03-01', '3', '74');
INSERT INTO `attendance` VALUES ('3990', '2016-03-01', '3', '163');
INSERT INTO `attendance` VALUES ('4001', '2016-03-01', '3', '222');
INSERT INTO `attendance` VALUES ('4006', '2016-03-01', '3', '233');
INSERT INTO `attendance` VALUES ('4021', '2016-03-01', '3', '255');
INSERT INTO `attendance` VALUES ('3973', '2016-03-01', '3', '271');
INSERT INTO `attendance` VALUES ('3970', '2016-03-01', '3', '289');
INSERT INTO `attendance` VALUES ('4002', '2016-03-01', '3', '296');
INSERT INTO `attendance` VALUES ('4517', '2016-03-01', '4', '7');
INSERT INTO `attendance` VALUES ('4536', '2016-03-01', '4', '85');
INSERT INTO `attendance` VALUES ('4463', '2016-03-01', '4', '115');
INSERT INTO `attendance` VALUES ('4504', '2016-03-01', '4', '118');
INSERT INTO `attendance` VALUES ('4495', '2016-03-01', '4', '120');
INSERT INTO `attendance` VALUES ('4482', '2016-03-01', '4', '153');
INSERT INTO `attendance` VALUES ('4528', '2016-03-01', '4', '210');
INSERT INTO `attendance` VALUES ('4621', '2016-03-01', '5', '57');
INSERT INTO `attendance` VALUES ('4653', '2016-03-01', '5', '112');
INSERT INTO `attendance` VALUES ('4672', '2016-03-01', '5', '280');
INSERT INTO `attendance` VALUES ('4898', '2016-03-01', '9', '57');
INSERT INTO `attendance` VALUES ('4901', '2016-03-01', '9', '112');
INSERT INTO `attendance` VALUES ('4906', '2016-03-01', '9', '163');
INSERT INTO `attendance` VALUES ('4903', '2016-03-01', '9', '280');
INSERT INTO `attendance` VALUES ('4902', '2016-03-01', '9', '289');
INSERT INTO `attendance` VALUES ('4905', '2016-03-01', '9', '297');
INSERT INTO `attendance` VALUES ('2233', '2016-03-08', '1', '4');
INSERT INTO `attendance` VALUES ('2234', '2016-03-08', '1', '10');
INSERT INTO `attendance` VALUES ('2239', '2016-03-08', '1', '34');
INSERT INTO `attendance` VALUES ('2244', '2016-03-08', '1', '38');
INSERT INTO `attendance` VALUES ('2249', '2016-03-08', '1', '92');
INSERT INTO `attendance` VALUES ('2250', '2016-03-08', '1', '106');
INSERT INTO `attendance` VALUES ('2260', '2016-03-08', '1', '135');
INSERT INTO `attendance` VALUES ('2264', '2016-03-08', '1', '143');
INSERT INTO `attendance` VALUES ('2265', '2016-03-08', '1', '150');
INSERT INTO `attendance` VALUES ('2266', '2016-03-08', '1', '156');
INSERT INTO `attendance` VALUES ('2267', '2016-03-08', '1', '167');
INSERT INTO `attendance` VALUES ('2269', '2016-03-08', '1', '179');
INSERT INTO `attendance` VALUES ('2275', '2016-03-08', '1', '227');
INSERT INTO `attendance` VALUES ('2280', '2016-03-08', '1', '246');
INSERT INTO `attendance` VALUES ('2285', '2016-03-08', '2', '10');
INSERT INTO `attendance` VALUES ('2289', '2016-03-08', '2', '38');
INSERT INTO `attendance` VALUES ('2291', '2016-03-08', '2', '39');
INSERT INTO `attendance` VALUES ('2292', '2016-03-08', '2', '40');
INSERT INTO `attendance` VALUES ('2294', '2016-03-08', '2', '44');
INSERT INTO `attendance` VALUES ('2297', '2016-03-08', '2', '52');
INSERT INTO `attendance` VALUES ('2301', '2016-03-08', '2', '74');
INSERT INTO `attendance` VALUES ('2306', '2016-03-08', '2', '135');
INSERT INTO `attendance` VALUES ('2309', '2016-03-08', '2', '156');
INSERT INTO `attendance` VALUES ('2310', '2016-03-08', '2', '163');
INSERT INTO `attendance` VALUES ('2312', '2016-03-08', '2', '183');
INSERT INTO `attendance` VALUES ('2315', '2016-03-08', '2', '188');
INSERT INTO `attendance` VALUES ('2322', '2016-03-08', '2', '229');
INSERT INTO `attendance` VALUES ('2323', '2016-03-08', '2', '230');
INSERT INTO `attendance` VALUES ('2327', '2016-03-08', '2', '255');
INSERT INTO `attendance` VALUES ('2329', '2016-03-08', '2', '256');
INSERT INTO `attendance` VALUES ('2308', '2016-03-08', '2', '295');
INSERT INTO `attendance` VALUES ('4464', '2016-03-08', '4', '115');
INSERT INTO `attendance` VALUES ('4496', '2016-03-08', '4', '120');
INSERT INTO `attendance` VALUES ('4483', '2016-03-08', '4', '153');
INSERT INTO `attendance` VALUES ('4622', '2016-03-08', '5', '57');
INSERT INTO `attendance` VALUES ('4654', '2016-03-08', '5', '112');
INSERT INTO `attendance` VALUES ('4673', '2016-03-08', '5', '280');
INSERT INTO `attendance` VALUES ('2240', '2016-03-15', '1', '34');
INSERT INTO `attendance` VALUES ('2245', '2016-03-15', '1', '38');
INSERT INTO `attendance` VALUES ('2247', '2016-03-15', '1', '57');
INSERT INTO `attendance` VALUES ('2254', '2016-03-15', '1', '123');
INSERT INTO `attendance` VALUES ('2261', '2016-03-15', '1', '135');
INSERT INTO `attendance` VALUES ('2270', '2016-03-15', '1', '179');
INSERT INTO `attendance` VALUES ('2271', '2016-03-15', '1', '183');
INSERT INTO `attendance` VALUES ('2282', '2016-03-15', '1', '255');
INSERT INTO `attendance` VALUES ('2283', '2016-03-15', '1', '259');
INSERT INTO `attendance` VALUES ('2256', '2016-03-15', '1', '270');
INSERT INTO `attendance` VALUES ('2258', '2016-03-15', '1', '271');
INSERT INTO `attendance` VALUES ('2274', '2016-03-15', '1', '275');
INSERT INTO `attendance` VALUES ('2237', '2016-03-15', '1', '279');
INSERT INTO `attendance` VALUES ('2284', '2016-03-15', '1', '283');
INSERT INTO `attendance` VALUES ('2286', '2016-03-15', '2', '10');
INSERT INTO `attendance` VALUES ('2288', '2016-03-15', '2', '34');
INSERT INTO `attendance` VALUES ('2290', '2016-03-15', '2', '38');
INSERT INTO `attendance` VALUES ('2295', '2016-03-15', '2', '44');
INSERT INTO `attendance` VALUES ('2302', '2016-03-15', '2', '122');
INSERT INTO `attendance` VALUES ('2307', '2016-03-15', '2', '135');
INSERT INTO `attendance` VALUES ('2313', '2016-03-15', '2', '183');
INSERT INTO `attendance` VALUES ('2316', '2016-03-15', '2', '188');
INSERT INTO `attendance` VALUES ('2319', '2016-03-15', '2', '212');
INSERT INTO `attendance` VALUES ('2320', '2016-03-15', '2', '222');
INSERT INTO `attendance` VALUES ('2325', '2016-03-15', '2', '233');
INSERT INTO `attendance` VALUES ('2304', '2016-03-15', '2', '271');
INSERT INTO `attendance` VALUES ('2330', '2016-03-15', '2', '283');
INSERT INTO `attendance` VALUES ('2317', '2016-03-15', '2', '290');
INSERT INTO `attendance` VALUES ('4433', '2016-03-15', '4', '14');
INSERT INTO `attendance` VALUES ('4465', '2016-03-15', '4', '115');
INSERT INTO `attendance` VALUES ('4505', '2016-03-15', '4', '118');
INSERT INTO `attendance` VALUES ('4484', '2016-03-15', '4', '153');
INSERT INTO `attendance` VALUES ('4477', '2016-03-15', '4', '216');
INSERT INTO `attendance` VALUES ('4623', '2016-03-15', '5', '57');
INSERT INTO `attendance` VALUES ('4674', '2016-03-15', '5', '280');
INSERT INTO `attendance` VALUES ('2235', '2016-03-22', '1', '10');
INSERT INTO `attendance` VALUES ('2241', '2016-03-22', '1', '34');
INSERT INTO `attendance` VALUES ('2255', '2016-03-22', '1', '123');
INSERT INTO `attendance` VALUES ('2262', '2016-03-22', '1', '135');
INSERT INTO `attendance` VALUES ('2272', '2016-03-22', '1', '186');
INSERT INTO `attendance` VALUES ('2276', '2016-03-22', '1', '227');
INSERT INTO `attendance` VALUES ('4518', '2016-03-22', '4', '7');
INSERT INTO `attendance` VALUES ('4466', '2016-03-22', '4', '115');
INSERT INTO `attendance` VALUES ('4506', '2016-03-22', '4', '118');
INSERT INTO `attendance` VALUES ('4485', '2016-03-22', '4', '153');
INSERT INTO `attendance` VALUES ('4478', '2016-03-22', '4', '216');
INSERT INTO `attendance` VALUES ('2236', '2016-03-29', '1', '10');
INSERT INTO `attendance` VALUES ('2242', '2016-03-29', '1', '34');
INSERT INTO `attendance` VALUES ('2251', '2016-03-29', '1', '115');
INSERT INTO `attendance` VALUES ('2263', '2016-03-29', '1', '136');
INSERT INTO `attendance` VALUES ('2278', '2016-03-29', '1', '230');
INSERT INTO `attendance` VALUES ('4467', '2016-03-29', '4', '115');
INSERT INTO `attendance` VALUES ('4507', '2016-03-29', '4', '118');
INSERT INTO `attendance` VALUES ('4497', '2016-03-29', '4', '120');
INSERT INTO `attendance` VALUES ('4486', '2016-03-29', '4', '153');
INSERT INTO `attendance` VALUES ('2403', '2016-04-01', '1', '34');
INSERT INTO `attendance` VALUES ('2406', '2016-04-01', '1', '36');
INSERT INTO `attendance` VALUES ('2407', '2016-04-01', '1', '38');
INSERT INTO `attendance` VALUES ('2417', '2016-04-01', '1', '52');
INSERT INTO `attendance` VALUES ('2419', '2016-04-01', '1', '57');
INSERT INTO `attendance` VALUES ('2433', '2016-04-01', '1', '106');
INSERT INTO `attendance` VALUES ('2449', '2016-04-01', '1', '123');
INSERT INTO `attendance` VALUES ('2460', '2016-04-01', '1', '135');
INSERT INTO `attendance` VALUES ('2468', '2016-04-01', '1', '136');
INSERT INTO `attendance` VALUES ('2483', '2016-04-01', '1', '150');
INSERT INTO `attendance` VALUES ('2487', '2016-04-01', '1', '179');
INSERT INTO `attendance` VALUES ('2506', '2016-04-01', '1', '224');
INSERT INTO `attendance` VALUES ('2514', '2016-04-01', '1', '255');
INSERT INTO `attendance` VALUES ('2424', '2016-04-01', '1', '273');
INSERT INTO `attendance` VALUES ('2498', '2016-04-01', '1', '275');
INSERT INTO `attendance` VALUES ('2969', '2016-04-01', '1', '283');
INSERT INTO `attendance` VALUES ('2550', '2016-04-01', '2', '34');
INSERT INTO `attendance` VALUES ('2556', '2016-04-01', '2', '36');
INSERT INTO `attendance` VALUES ('2576', '2016-04-01', '2', '52');
INSERT INTO `attendance` VALUES ('2582', '2016-04-01', '2', '57');
INSERT INTO `attendance` VALUES ('2618', '2016-04-01', '2', '123');
INSERT INTO `attendance` VALUES ('2626', '2016-04-01', '2', '135');
INSERT INTO `attendance` VALUES ('2633', '2016-04-01', '2', '136');
INSERT INTO `attendance` VALUES ('2643', '2016-04-01', '2', '151');
INSERT INTO `attendance` VALUES ('2655', '2016-04-01', '2', '183');
INSERT INTO `attendance` VALUES ('2696', '2016-04-01', '2', '255');
INSERT INTO `attendance` VALUES ('2583', '2016-04-01', '2', '273');
INSERT INTO `attendance` VALUES ('2714', '2016-04-01', '2', '283');
INSERT INTO `attendance` VALUES ('3921', '2016-04-01', '3', '4');
INSERT INTO `attendance` VALUES ('3947', '2016-04-01', '3', '44');
INSERT INTO `attendance` VALUES ('3977', '2016-04-01', '3', '135');
INSERT INTO `attendance` VALUES ('4003', '2016-04-01', '3', '230');
INSERT INTO `attendance` VALUES ('4022', '2016-04-01', '3', '255');
INSERT INTO `attendance` VALUES ('4028', '2016-04-01', '3', '259');
INSERT INTO `attendance` VALUES ('4029', '2016-04-01', '3', '283');
INSERT INTO `attendance` VALUES ('4519', '2016-04-01', '4', '7');
INSERT INTO `attendance` VALUES ('4468', '2016-04-01', '4', '115');
INSERT INTO `attendance` VALUES ('4498', '2016-04-01', '4', '120');
INSERT INTO `attendance` VALUES ('4487', '2016-04-01', '4', '153');
INSERT INTO `attendance` VALUES ('4594', '2016-04-01', '4', '188');
INSERT INTO `attendance` VALUES ('4479', '2016-04-01', '4', '216');
INSERT INTO `attendance` VALUES ('4624', '2016-04-01', '5', '57');
INSERT INTO `attendance` VALUES ('4655', '2016-04-01', '5', '112');
INSERT INTO `attendance` VALUES ('4675', '2016-04-01', '5', '280');
INSERT INTO `attendance` VALUES ('4923', '2016-04-01', '7', '36');
INSERT INTO `attendance` VALUES ('4920', '2016-04-01', '7', '52');
INSERT INTO `attendance` VALUES ('4921', '2016-04-01', '7', '57');
INSERT INTO `attendance` VALUES ('4919', '2016-04-01', '7', '136');
INSERT INTO `attendance` VALUES ('4922', '2016-04-01', '7', '255');
INSERT INTO `attendance` VALUES ('4924', '2016-04-01', '7', '283');
INSERT INTO `attendance` VALUES ('2385', '2016-04-08', '1', '4');
INSERT INTO `attendance` VALUES ('2391', '2016-04-08', '1', '10');
INSERT INTO `attendance` VALUES ('2408', '2016-04-08', '1', '38');
INSERT INTO `attendance` VALUES ('2418', '2016-04-08', '1', '52');
INSERT INTO `attendance` VALUES ('2420', '2016-04-08', '1', '60');
INSERT INTO `attendance` VALUES ('2427', '2016-04-08', '1', '70');
INSERT INTO `attendance` VALUES ('2437', '2016-04-08', '1', '112');
INSERT INTO `attendance` VALUES ('2450', '2016-04-08', '1', '123');
INSERT INTO `attendance` VALUES ('2461', '2016-04-08', '1', '135');
INSERT INTO `attendance` VALUES ('2469', '2016-04-08', '1', '136');
INSERT INTO `attendance` VALUES ('2472', '2016-04-08', '1', '143');
INSERT INTO `attendance` VALUES ('2484', '2016-04-08', '1', '150');
INSERT INTO `attendance` VALUES ('2493', '2016-04-08', '1', '189');
INSERT INTO `attendance` VALUES ('2507', '2016-04-08', '1', '224');
INSERT INTO `attendance` VALUES ('2515', '2016-04-08', '1', '255');
INSERT INTO `attendance` VALUES ('2521', '2016-04-08', '1', '259');
INSERT INTO `attendance` VALUES ('2499', '2016-04-08', '1', '275');
INSERT INTO `attendance` VALUES ('2970', '2016-04-08', '1', '283');
INSERT INTO `attendance` VALUES ('2446', '2016-04-08', '1', '292');
INSERT INTO `attendance` VALUES ('2532', '2016-04-08', '2', '10');
INSERT INTO `attendance` VALUES ('2551', '2016-04-08', '2', '34');
INSERT INTO `attendance` VALUES ('2557', '2016-04-08', '2', '36');
INSERT INTO `attendance` VALUES ('2561', '2016-04-08', '2', '44');
INSERT INTO `attendance` VALUES ('2577', '2016-04-08', '2', '52');
INSERT INTO `attendance` VALUES ('2586', '2016-04-08', '2', '70');
INSERT INTO `attendance` VALUES ('2627', '2016-04-08', '2', '135');
INSERT INTO `attendance` VALUES ('2634', '2016-04-08', '2', '136');
INSERT INTO `attendance` VALUES ('2644', '2016-04-08', '2', '151');
INSERT INTO `attendance` VALUES ('2664', '2016-04-08', '2', '188');
INSERT INTO `attendance` VALUES ('2681', '2016-04-08', '2', '230');
INSERT INTO `attendance` VALUES ('2682', '2016-04-08', '2', '233');
INSERT INTO `attendance` VALUES ('2697', '2016-04-08', '2', '255');
INSERT INTO `attendance` VALUES ('2703', '2016-04-08', '2', '256');
INSERT INTO `attendance` VALUES ('2695', '2016-04-08', '2', '291');
INSERT INTO `attendance` VALUES ('4520', '2016-04-08', '4', '7');
INSERT INTO `attendance` VALUES ('4448', '2016-04-08', '4', '57');
INSERT INTO `attendance` VALUES ('4469', '2016-04-08', '4', '115');
INSERT INTO `attendance` VALUES ('4508', '2016-04-08', '4', '118');
INSERT INTO `attendance` VALUES ('4488', '2016-04-08', '4', '153');
INSERT INTO `attendance` VALUES ('4455', '2016-04-08', '4', '283');
INSERT INTO `attendance` VALUES ('4625', '2016-04-08', '5', '57');
INSERT INTO `attendance` VALUES ('2404', '2016-04-15', '1', '34');
INSERT INTO `attendance` VALUES ('2438', '2016-04-15', '1', '112');
INSERT INTO `attendance` VALUES ('2451', '2016-04-15', '1', '123');
INSERT INTO `attendance` VALUES ('2525', '2016-04-15', '2', '4');
INSERT INTO `attendance` VALUES ('2539', '2016-04-15', '2', '15');
INSERT INTO `attendance` VALUES ('2558', '2016-04-15', '2', '38');
INSERT INTO `attendance` VALUES ('2562', '2016-04-15', '2', '44');
INSERT INTO `attendance` VALUES ('2578', '2016-04-15', '2', '52');
INSERT INTO `attendance` VALUES ('2647', '2016-04-15', '2', '163');
INSERT INTO `attendance` VALUES ('2662', '2016-04-15', '2', '186');
INSERT INTO `attendance` VALUES ('2665', '2016-04-15', '2', '188');
INSERT INTO `attendance` VALUES ('2713', '2016-04-15', '2', '259');
INSERT INTO `attendance` VALUES ('2715', '2016-04-15', '2', '283');
INSERT INTO `attendance` VALUES ('2612', '2016-04-15', '2', '292');
INSERT INTO `attendance` VALUES ('4607', '2016-04-15', '4', '15');
INSERT INTO `attendance` VALUES ('4449', '2016-04-15', '4', '57');
INSERT INTO `attendance` VALUES ('4595', '2016-04-15', '4', '188');
INSERT INTO `attendance` VALUES ('4456', '2016-04-15', '4', '283');
INSERT INTO `attendance` VALUES ('4626', '2016-04-15', '5', '57');
INSERT INTO `attendance` VALUES ('4656', '2016-04-15', '5', '112');
INSERT INTO `attendance` VALUES ('4676', '2016-04-15', '5', '280');
INSERT INTO `attendance` VALUES ('2392', '2016-04-22', '1', '10');
INSERT INTO `attendance` VALUES ('2414', '2016-04-22', '1', '44');
INSERT INTO `attendance` VALUES ('2439', '2016-04-22', '1', '112');
INSERT INTO `attendance` VALUES ('2452', '2016-04-22', '1', '123');
INSERT INTO `attendance` VALUES ('2462', '2016-04-22', '1', '135');
INSERT INTO `attendance` VALUES ('2473', '2016-04-22', '1', '143');
INSERT INTO `attendance` VALUES ('2488', '2016-04-22', '1', '179');
INSERT INTO `attendance` VALUES ('2509', '2016-04-22', '1', '227');
INSERT INTO `attendance` VALUES ('2516', '2016-04-22', '1', '255');
INSERT INTO `attendance` VALUES ('2522', '2016-04-22', '1', '259');
INSERT INTO `attendance` VALUES ('2458', '2016-04-22', '1', '271');
INSERT INTO `attendance` VALUES ('2500', '2016-04-22', '1', '275');
INSERT INTO `attendance` VALUES ('2971', '2016-04-22', '1', '283');
INSERT INTO `attendance` VALUES ('2447', '2016-04-22', '1', '292');
INSERT INTO `attendance` VALUES ('2526', '2016-04-22', '2', '4');
INSERT INTO `attendance` VALUES ('2540', '2016-04-22', '2', '15');
INSERT INTO `attendance` VALUES ('2559', '2016-04-22', '2', '39');
INSERT INTO `attendance` VALUES ('2601', '2016-04-22', '2', '112');
INSERT INTO `attendance` VALUES ('2648', '2016-04-22', '2', '163');
INSERT INTO `attendance` VALUES ('2666', '2016-04-22', '2', '188');
INSERT INTO `attendance` VALUES ('2678', '2016-04-22', '2', '212');
INSERT INTO `attendance` VALUES ('2698', '2016-04-22', '2', '255');
INSERT INTO `attendance` VALUES ('4521', '2016-04-22', '4', '7');
INSERT INTO `attendance` VALUES ('4470', '2016-04-22', '4', '115');
INSERT INTO `attendance` VALUES ('4509', '2016-04-22', '4', '118');
INSERT INTO `attendance` VALUES ('4489', '2016-04-22', '4', '153');
INSERT INTO `attendance` VALUES ('4627', '2016-04-22', '5', '57');
INSERT INTO `attendance` VALUES ('4657', '2016-04-22', '5', '112');
INSERT INTO `attendance` VALUES ('4677', '2016-04-22', '5', '280');
INSERT INTO `attendance` VALUES ('2533', '2016-04-29', '2', '10');
INSERT INTO `attendance` VALUES ('2552', '2016-04-29', '2', '34');
INSERT INTO `attendance` VALUES ('2563', '2016-04-29', '2', '44');
INSERT INTO `attendance` VALUES ('2579', '2016-04-29', '2', '52');
INSERT INTO `attendance` VALUES ('2605', '2016-04-29', '2', '115');
INSERT INTO `attendance` VALUES ('2628', '2016-04-29', '2', '135');
INSERT INTO `attendance` VALUES ('2640', '2016-04-29', '2', '147');
INSERT INTO `attendance` VALUES ('2645', '2016-04-29', '2', '151');
INSERT INTO `attendance` VALUES ('2654', '2016-04-29', '2', '179');
INSERT INTO `attendance` VALUES ('2667', '2016-04-29', '2', '188');
INSERT INTO `attendance` VALUES ('2683', '2016-04-29', '2', '233');
INSERT INTO `attendance` VALUES ('2619', '2016-04-29', '2', '271');
INSERT INTO `attendance` VALUES ('2614', '2016-04-29', '2', '280');
INSERT INTO `attendance` VALUES ('2613', '2016-04-29', '2', '292');
INSERT INTO `attendance` VALUES ('2386', '2016-05-01', '1', '4');
INSERT INTO `attendance` VALUES ('2422', '2016-05-01', '1', '65');
INSERT INTO `attendance` VALUES ('2428', '2016-05-01', '1', '70');
INSERT INTO `attendance` VALUES ('2434', '2016-05-01', '1', '106');
INSERT INTO `attendance` VALUES ('2443', '2016-05-01', '1', '115');
INSERT INTO `attendance` VALUES ('2445', '2016-05-01', '1', '119');
INSERT INTO `attendance` VALUES ('2463', '2016-05-01', '1', '135');
INSERT INTO `attendance` VALUES ('2474', '2016-05-01', '1', '143');
INSERT INTO `attendance` VALUES ('2494', '2016-05-01', '1', '189');
INSERT INTO `attendance` VALUES ('2510', '2016-05-01', '1', '227');
INSERT INTO `attendance` VALUES ('2513', '2016-05-01', '1', '246');
INSERT INTO `attendance` VALUES ('2972', '2016-05-01', '1', '283');
INSERT INTO `attendance` VALUES ('2442', '2016-05-01', '1', '318');
INSERT INTO `attendance` VALUES ('2527', '2016-05-01', '2', '4');
INSERT INTO `attendance` VALUES ('2541', '2016-05-01', '2', '15');
INSERT INTO `attendance` VALUES ('2553', '2016-05-01', '2', '34');
INSERT INTO `attendance` VALUES ('2564', '2016-05-01', '2', '44');
INSERT INTO `attendance` VALUES ('2580', '2016-05-01', '2', '52');
INSERT INTO `attendance` VALUES ('2602', '2016-05-01', '2', '112');
INSERT INTO `attendance` VALUES ('2606', '2016-05-01', '2', '115');
INSERT INTO `attendance` VALUES ('2624', '2016-05-01', '2', '131');
INSERT INTO `attendance` VALUES ('2656', '2016-05-01', '2', '183');
INSERT INTO `attendance` VALUES ('2668', '2016-05-01', '2', '188');
INSERT INTO `attendance` VALUES ('2699', '2016-05-01', '2', '255');
INSERT INTO `attendance` VALUES ('2620', '2016-05-01', '2', '271');
INSERT INTO `attendance` VALUES ('2615', '2016-05-01', '2', '280');
INSERT INTO `attendance` VALUES ('2716', '2016-05-01', '2', '283');
INSERT INTO `attendance` VALUES ('2600', '2016-05-01', '2', '304');
INSERT INTO `attendance` VALUES ('4007', '2016-05-01', '3', '233');
INSERT INTO `attendance` VALUES ('4024', '2016-05-01', '3', '256');
INSERT INTO `attendance` VALUES ('3974', '2016-05-01', '3', '271');
INSERT INTO `attendance` VALUES ('3961', '2016-05-01', '3', '303');
INSERT INTO `attendance` VALUES ('3991', '2016-05-01', '3', '308');
INSERT INTO `attendance` VALUES ('4434', '2016-05-01', '4', '14');
INSERT INTO `attendance` VALUES ('4608', '2016-05-01', '4', '15');
INSERT INTO `attendance` VALUES ('4450', '2016-05-01', '4', '57');
INSERT INTO `attendance` VALUES ('4596', '2016-05-01', '4', '188');
INSERT INTO `attendance` VALUES ('4457', '2016-05-01', '4', '283');
INSERT INTO `attendance` VALUES ('4628', '2016-05-01', '5', '57');
INSERT INTO `attendance` VALUES ('4678', '2016-05-01', '5', '280');
INSERT INTO `attendance` VALUES ('4700', '2016-05-01', '5', '283');
INSERT INTO `attendance` VALUES ('2405', '2016-05-08', '1', '34');
INSERT INTO `attendance` VALUES ('2453', '2016-05-08', '1', '123');
INSERT INTO `attendance` VALUES ('2464', '2016-05-08', '1', '135');
INSERT INTO `attendance` VALUES ('2475', '2016-05-08', '1', '143');
INSERT INTO `attendance` VALUES ('2489', '2016-05-08', '1', '179');
INSERT INTO `attendance` VALUES ('2517', '2016-05-08', '1', '255');
INSERT INTO `attendance` VALUES ('2398', '2016-05-08', '1', '279');
INSERT INTO `attendance` VALUES ('2528', '2016-05-08', '2', '4');
INSERT INTO `attendance` VALUES ('2554', '2016-05-08', '2', '34');
INSERT INTO `attendance` VALUES ('2565', '2016-05-08', '2', '44');
INSERT INTO `attendance` VALUES ('2581', '2016-05-08', '2', '52');
INSERT INTO `attendance` VALUES ('2587', '2016-05-08', '2', '70');
INSERT INTO `attendance` VALUES ('2599', '2016-05-08', '2', '82');
INSERT INTO `attendance` VALUES ('2607', '2016-05-08', '2', '115');
INSERT INTO `attendance` VALUES ('2649', '2016-05-08', '2', '163');
INSERT INTO `attendance` VALUES ('2669', '2016-05-08', '2', '188');
INSERT INTO `attendance` VALUES ('2684', '2016-05-08', '2', '233');
INSERT INTO `attendance` VALUES ('2700', '2016-05-08', '2', '255');
INSERT INTO `attendance` VALUES ('2704', '2016-05-08', '2', '256');
INSERT INTO `attendance` VALUES ('2616', '2016-05-08', '2', '280');
INSERT INTO `attendance` VALUES ('2717', '2016-05-08', '2', '283');
INSERT INTO `attendance` VALUES ('2555', '2016-05-08', '2', '300');
INSERT INTO `attendance` VALUES ('2595', '2016-05-08', '2', '303');
INSERT INTO `attendance` VALUES ('2642', '2016-05-08', '2', '307');
INSERT INTO `attendance` VALUES ('2676', '2016-05-08', '2', '309');
INSERT INTO `attendance` VALUES ('4522', '2016-05-08', '4', '7');
INSERT INTO `attendance` VALUES ('4451', '2016-05-08', '4', '57');
INSERT INTO `attendance` VALUES ('4471', '2016-05-08', '4', '115');
INSERT INTO `attendance` VALUES ('4510', '2016-05-08', '4', '118');
INSERT INTO `attendance` VALUES ('4499', '2016-05-08', '4', '120');
INSERT INTO `attendance` VALUES ('4490', '2016-05-08', '4', '153');
INSERT INTO `attendance` VALUES ('4597', '2016-05-08', '4', '188');
INSERT INTO `attendance` VALUES ('4458', '2016-05-08', '4', '283');
INSERT INTO `attendance` VALUES ('4462', '2016-05-08', '4', '320');
INSERT INTO `attendance` VALUES ('4629', '2016-05-08', '5', '57');
INSERT INTO `attendance` VALUES ('4679', '2016-05-08', '5', '280');
INSERT INTO `attendance` VALUES ('4701', '2016-05-08', '5', '283');
INSERT INTO `attendance` VALUES ('2393', '2016-05-15', '1', '10');
INSERT INTO `attendance` VALUES ('2435', '2016-05-15', '1', '106');
INSERT INTO `attendance` VALUES ('2465', '2016-05-15', '1', '135');
INSERT INTO `attendance` VALUES ('2476', '2016-05-15', '1', '143');
INSERT INTO `attendance` VALUES ('2523', '2016-05-15', '1', '259');
INSERT INTO `attendance` VALUES ('2459', '2016-05-15', '1', '271');
INSERT INTO `attendance` VALUES ('2501', '2016-05-15', '1', '275');
INSERT INTO `attendance` VALUES ('2973', '2016-05-15', '1', '283');
INSERT INTO `attendance` VALUES ('2396', '2016-05-15', '1', '316');
INSERT INTO `attendance` VALUES ('2542', '2016-05-15', '2', '15');
INSERT INTO `attendance` VALUES ('2629', '2016-05-15', '2', '135');
INSERT INTO `attendance` VALUES ('2639', '2016-05-15', '2', '143');
INSERT INTO `attendance` VALUES ('2657', '2016-05-15', '2', '183');
INSERT INTO `attendance` VALUES ('2670', '2016-05-15', '2', '188');
INSERT INTO `attendance` VALUES ('2685', '2016-05-15', '2', '233');
INSERT INTO `attendance` VALUES ('2705', '2016-05-15', '2', '256');
INSERT INTO `attendance` VALUES ('2621', '2016-05-15', '2', '271');
INSERT INTO `attendance` VALUES ('2718', '2016-05-15', '2', '283');
INSERT INTO `attendance` VALUES ('2588', '2016-05-15', '2', '302');
INSERT INTO `attendance` VALUES ('2596', '2016-05-15', '2', '303');
INSERT INTO `attendance` VALUES ('2653', '2016-05-15', '2', '308');
INSERT INTO `attendance` VALUES ('4523', '2016-05-15', '4', '7');
INSERT INTO `attendance` VALUES ('4435', '2016-05-15', '4', '14');
INSERT INTO `attendance` VALUES ('4609', '2016-05-15', '4', '15');
INSERT INTO `attendance` VALUES ('4452', '2016-05-15', '4', '57');
INSERT INTO `attendance` VALUES ('4472', '2016-05-15', '4', '115');
INSERT INTO `attendance` VALUES ('4511', '2016-05-15', '4', '118');
INSERT INTO `attendance` VALUES ('4491', '2016-05-15', '4', '153');
INSERT INTO `attendance` VALUES ('4598', '2016-05-15', '4', '188');
INSERT INTO `attendance` VALUES ('4459', '2016-05-15', '4', '283');
INSERT INTO `attendance` VALUES ('4630', '2016-05-15', '5', '57');
INSERT INTO `attendance` VALUES ('4658', '2016-05-15', '5', '112');
INSERT INTO `attendance` VALUES ('4680', '2016-05-15', '5', '280');
INSERT INTO `attendance` VALUES ('2409', '2016-05-22', '1', '38');
INSERT INTO `attendance` VALUES ('2421', '2016-05-22', '1', '60');
INSERT INTO `attendance` VALUES ('2454', '2016-05-22', '1', '123');
INSERT INTO `attendance` VALUES ('2466', '2016-05-22', '1', '135');
INSERT INTO `attendance` VALUES ('2477', '2016-05-22', '1', '143');
INSERT INTO `attendance` VALUES ('2485', '2016-05-22', '1', '150');
INSERT INTO `attendance` VALUES ('2518', '2016-05-22', '1', '255');
INSERT INTO `attendance` VALUES ('2529', '2016-05-22', '2', '4');
INSERT INTO `attendance` VALUES ('2566', '2016-05-22', '2', '44');
INSERT INTO `attendance` VALUES ('2630', '2016-05-22', '2', '135');
INSERT INTO `attendance` VALUES ('2638', '2016-05-22', '2', '138');
INSERT INTO `attendance` VALUES ('2680', '2016-05-22', '2', '217');
INSERT INTO `attendance` VALUES ('2686', '2016-05-22', '2', '233');
INSERT INTO `attendance` VALUES ('2706', '2016-05-22', '2', '256');
INSERT INTO `attendance` VALUES ('2584', '2016-05-22', '2', '273');
INSERT INTO `attendance` VALUES ('2589', '2016-05-22', '2', '302');
INSERT INTO `attendance` VALUES ('4473', '2016-05-22', '4', '115');
INSERT INTO `attendance` VALUES ('4512', '2016-05-22', '4', '118');
INSERT INTO `attendance` VALUES ('4500', '2016-05-22', '4', '120');
INSERT INTO `attendance` VALUES ('4631', '2016-05-22', '5', '57');
INSERT INTO `attendance` VALUES ('4659', '2016-05-22', '5', '112');
INSERT INTO `attendance` VALUES ('4702', '2016-05-22', '5', '283');
INSERT INTO `attendance` VALUES ('2387', '2016-06-01', '1', '4');
INSERT INTO `attendance` VALUES ('2400', '2016-06-01', '1', '14');
INSERT INTO `attendance` VALUES ('2410', '2016-06-01', '1', '38');
INSERT INTO `attendance` VALUES ('2430', '2016-06-01', '1', '84');
INSERT INTO `attendance` VALUES ('2436', '2016-06-01', '1', '106');
INSERT INTO `attendance` VALUES ('2470', '2016-06-01', '1', '136');
INSERT INTO `attendance` VALUES ('2425', '2016-06-01', '1', '273');
INSERT INTO `attendance` VALUES ('2502', '2016-06-01', '1', '275');
INSERT INTO `attendance` VALUES ('2534', '2016-06-01', '2', '10');
INSERT INTO `attendance` VALUES ('2567', '2016-06-01', '2', '44');
INSERT INTO `attendance` VALUES ('2608', '2016-06-01', '2', '115');
INSERT INTO `attendance` VALUES ('2610', '2016-06-01', '2', '118');
INSERT INTO `attendance` VALUES ('2611', '2016-06-01', '2', '120');
INSERT INTO `attendance` VALUES ('2631', '2016-06-01', '2', '135');
INSERT INTO `attendance` VALUES ('2658', '2016-06-01', '2', '183');
INSERT INTO `attendance` VALUES ('2671', '2016-06-01', '2', '188');
INSERT INTO `attendance` VALUES ('2687', '2016-06-01', '2', '233');
INSERT INTO `attendance` VALUES ('2707', '2016-06-01', '2', '256');
INSERT INTO `attendance` VALUES ('2622', '2016-06-01', '2', '271');
INSERT INTO `attendance` VALUES ('2719', '2016-06-01', '2', '283');
INSERT INTO `attendance` VALUES ('2560', '2016-06-01', '2', '301');
INSERT INTO `attendance` VALUES ('2590', '2016-06-01', '2', '302');
INSERT INTO `attendance` VALUES ('2625', '2016-06-01', '2', '306');
INSERT INTO `attendance` VALUES ('3922', '2016-06-01', '3', '4');
INSERT INTO `attendance` VALUES ('3948', '2016-06-01', '3', '44');
INSERT INTO `attendance` VALUES ('3979', '2016-06-01', '3', '136');
INSERT INTO `attendance` VALUES ('3927', '2016-06-01', '3', '298');
INSERT INTO `attendance` VALUES ('4524', '2016-06-01', '4', '7');
INSERT INTO `attendance` VALUES ('4436', '2016-06-01', '4', '14');
INSERT INTO `attendance` VALUES ('4453', '2016-06-01', '4', '57');
INSERT INTO `attendance` VALUES ('4474', '2016-06-01', '4', '115');
INSERT INTO `attendance` VALUES ('4513', '2016-06-01', '4', '118');
INSERT INTO `attendance` VALUES ('4501', '2016-06-01', '4', '120');
INSERT INTO `attendance` VALUES ('4492', '2016-06-01', '4', '153');
INSERT INTO `attendance` VALUES ('4599', '2016-06-01', '4', '188');
INSERT INTO `attendance` VALUES ('4460', '2016-06-01', '4', '283');
INSERT INTO `attendance` VALUES ('4632', '2016-06-01', '5', '57');
INSERT INTO `attendance` VALUES ('4660', '2016-06-01', '5', '112');
INSERT INTO `attendance` VALUES ('4681', '2016-06-01', '5', '280');
INSERT INTO `attendance` VALUES ('4703', '2016-06-01', '5', '283');
INSERT INTO `attendance` VALUES ('2415', '2016-06-08', '1', '44');
INSERT INTO `attendance` VALUES ('2455', '2016-06-08', '1', '123');
INSERT INTO `attendance` VALUES ('2478', '2016-06-08', '1', '143');
INSERT INTO `attendance` VALUES ('2495', '2016-06-08', '1', '189');
INSERT INTO `attendance` VALUES ('2508', '2016-06-08', '1', '224');
INSERT INTO `attendance` VALUES ('2511', '2016-06-08', '1', '227');
INSERT INTO `attendance` VALUES ('2519', '2016-06-08', '1', '255');
INSERT INTO `attendance` VALUES ('2503', '2016-06-08', '1', '275');
INSERT INTO `attendance` VALUES ('2974', '2016-06-08', '1', '283');
INSERT INTO `attendance` VALUES ('2432', '2016-06-08', '1', '317');
INSERT INTO `attendance` VALUES ('2543', '2016-06-08', '2', '15');
INSERT INTO `attendance` VALUES ('2568', '2016-06-08', '2', '44');
INSERT INTO `attendance` VALUES ('2635', '2016-06-08', '2', '136');
INSERT INTO `attendance` VALUES ('2646', '2016-06-08', '2', '151');
INSERT INTO `attendance` VALUES ('2650', '2016-06-08', '2', '163');
INSERT INTO `attendance` VALUES ('2659', '2016-06-08', '2', '183');
INSERT INTO `attendance` VALUES ('2672', '2016-06-08', '2', '188');
INSERT INTO `attendance` VALUES ('2688', '2016-06-08', '2', '233');
INSERT INTO `attendance` VALUES ('2708', '2016-06-08', '2', '256');
INSERT INTO `attendance` VALUES ('2720', '2016-06-08', '2', '283');
INSERT INTO `attendance` VALUES ('2538', '2016-06-08', '2', '299');
INSERT INTO `attendance` VALUES ('2597', '2016-06-08', '2', '303');
INSERT INTO `attendance` VALUES ('4525', '2016-06-08', '4', '7');
INSERT INTO `attendance` VALUES ('4610', '2016-06-08', '4', '15');
INSERT INTO `attendance` VALUES ('4475', '2016-06-08', '4', '115');
INSERT INTO `attendance` VALUES ('4514', '2016-06-08', '4', '118');
INSERT INTO `attendance` VALUES ('4502', '2016-06-08', '4', '120');
INSERT INTO `attendance` VALUES ('4493', '2016-06-08', '4', '153');
INSERT INTO `attendance` VALUES ('4600', '2016-06-08', '4', '188');
INSERT INTO `attendance` VALUES ('4480', '2016-06-08', '4', '216');
INSERT INTO `attendance` VALUES ('4633', '2016-06-08', '5', '57');
INSERT INTO `attendance` VALUES ('4682', '2016-06-08', '5', '280');
INSERT INTO `attendance` VALUES ('4704', '2016-06-08', '5', '283');
INSERT INTO `attendance` VALUES ('2411', '2016-06-15', '1', '38');
INSERT INTO `attendance` VALUES ('2423', '2016-06-15', '1', '65');
INSERT INTO `attendance` VALUES ('2467', '2016-06-15', '1', '135');
INSERT INTO `attendance` VALUES ('2492', '2016-06-15', '1', '186');
INSERT INTO `attendance` VALUES ('2504', '2016-06-15', '1', '275');
INSERT INTO `attendance` VALUES ('2397', '2016-06-15', '1', '278');
INSERT INTO `attendance` VALUES ('2448', '2016-06-15', '1', '292');
INSERT INTO `attendance` VALUES ('2569', '2016-06-15', '2', '44');
INSERT INTO `attendance` VALUES ('2609', '2016-06-15', '2', '115');
INSERT INTO `attendance` VALUES ('2632', '2016-06-15', '2', '135');
INSERT INTO `attendance` VALUES ('2660', '2016-06-15', '2', '183');
INSERT INTO `attendance` VALUES ('2663', '2016-06-15', '2', '186');
INSERT INTO `attendance` VALUES ('2709', '2016-06-15', '2', '256');
INSERT INTO `attendance` VALUES ('2623', '2016-06-15', '2', '271');
INSERT INTO `attendance` VALUES ('2585', '2016-06-15', '2', '273');
INSERT INTO `attendance` VALUES ('2591', '2016-06-15', '2', '302');
INSERT INTO `attendance` VALUES ('2694', '2016-06-15', '2', '310');
INSERT INTO `attendance` VALUES ('4526', '2016-06-15', '4', '7');
INSERT INTO `attendance` VALUES ('4437', '2016-06-15', '4', '14');
INSERT INTO `attendance` VALUES ('4476', '2016-06-15', '4', '115');
INSERT INTO `attendance` VALUES ('4515', '2016-06-15', '4', '118');
INSERT INTO `attendance` VALUES ('4503', '2016-06-15', '4', '120');
INSERT INTO `attendance` VALUES ('4494', '2016-06-15', '4', '153');
INSERT INTO `attendance` VALUES ('4634', '2016-06-15', '5', '57');
INSERT INTO `attendance` VALUES ('4661', '2016-06-15', '5', '112');
INSERT INTO `attendance` VALUES ('4683', '2016-06-15', '5', '280');
INSERT INTO `attendance` VALUES ('4705', '2016-06-15', '5', '283');
INSERT INTO `attendance` VALUES ('2388', '2016-06-22', '1', '4');
INSERT INTO `attendance` VALUES ('2394', '2016-06-22', '1', '10');
INSERT INTO `attendance` VALUES ('2412', '2016-06-22', '1', '38');
INSERT INTO `attendance` VALUES ('2471', '2016-06-22', '1', '136');
INSERT INTO `attendance` VALUES ('2479', '2016-06-22', '1', '143');
INSERT INTO `attendance` VALUES ('2486', '2016-06-22', '1', '150');
INSERT INTO `attendance` VALUES ('2490', '2016-06-22', '1', '179');
INSERT INTO `attendance` VALUES ('2491', '2016-06-22', '1', '183');
INSERT INTO `attendance` VALUES ('2520', '2016-06-22', '1', '255');
INSERT INTO `attendance` VALUES ('2505', '2016-06-22', '1', '275');
INSERT INTO `attendance` VALUES ('2399', '2016-06-22', '1', '279');
INSERT INTO `attendance` VALUES ('2497', '2016-06-22', '1', '319');
INSERT INTO `attendance` VALUES ('2530', '2016-06-22', '2', '4');
INSERT INTO `attendance` VALUES ('2570', '2016-06-22', '2', '44');
INSERT INTO `attendance` VALUES ('2636', '2016-06-22', '2', '136');
INSERT INTO `attendance` VALUES ('2661', '2016-06-22', '2', '183');
INSERT INTO `attendance` VALUES ('2701', '2016-06-22', '2', '255');
INSERT INTO `attendance` VALUES ('2721', '2016-06-22', '2', '283');
INSERT INTO `attendance` VALUES ('2537', '2016-06-22', '2', '298');
INSERT INTO `attendance` VALUES ('2598', '2016-06-22', '2', '303');
INSERT INTO `attendance` VALUES ('4516', '2016-06-22', '4', '118');
INSERT INTO `attendance` VALUES ('4481', '2016-06-22', '4', '216');
INSERT INTO `attendance` VALUES ('4635', '2016-06-22', '5', '57');
INSERT INTO `attendance` VALUES ('4684', '2016-06-22', '5', '280');
INSERT INTO `attendance` VALUES ('4706', '2016-06-22', '5', '283');
INSERT INTO `attendance` VALUES ('2395', '2016-06-29', '1', '10');
INSERT INTO `attendance` VALUES ('2426', '2016-06-29', '1', '273');
INSERT INTO `attendance` VALUES ('2401', '2016-07-01', '1', '15');
INSERT INTO `attendance` VALUES ('2416', '2016-07-01', '1', '44');
INSERT INTO `attendance` VALUES ('2429', '2016-07-01', '1', '70');
INSERT INTO `attendance` VALUES ('2440', '2016-07-01', '1', '112');
INSERT INTO `attendance` VALUES ('2444', '2016-07-01', '1', '115');
INSERT INTO `attendance` VALUES ('2524', '2016-07-01', '1', '315');
INSERT INTO `attendance` VALUES ('2535', '2016-07-01', '2', '10');
INSERT INTO `attendance` VALUES ('2544', '2016-07-01', '2', '15');
INSERT INTO `attendance` VALUES ('2571', '2016-07-01', '2', '44');
INSERT INTO `attendance` VALUES ('2673', '2016-07-01', '2', '188');
INSERT INTO `attendance` VALUES ('2677', '2016-07-01', '2', '199');
INSERT INTO `attendance` VALUES ('2689', '2016-07-01', '2', '233');
INSERT INTO `attendance` VALUES ('2592', '2016-07-01', '2', '302');
INSERT INTO `attendance` VALUES ('2679', '2016-07-01', '2', '311');
INSERT INTO `attendance` VALUES ('2575', '2016-07-01', '2', '312');
INSERT INTO `attendance` VALUES ('3923', '2016-07-01', '3', '4');
INSERT INTO `attendance` VALUES ('3949', '2016-07-01', '3', '44');
INSERT INTO `attendance` VALUES ('3980', '2016-07-01', '3', '136');
INSERT INTO `attendance` VALUES ('4008', '2016-07-01', '3', '233');
INSERT INTO `attendance` VALUES ('4025', '2016-07-01', '3', '256');
INSERT INTO `attendance` VALUES ('3972', '2016-07-01', '3', '280');
INSERT INTO `attendance` VALUES ('3958', '2016-07-01', '3', '302');
INSERT INTO `attendance` VALUES ('3933', '2016-07-01', '3', '313');
INSERT INTO `attendance` VALUES ('3929', '2016-07-01', '3', '314');
INSERT INTO `attendance` VALUES ('4897', '2016-07-01', '9', '28');
INSERT INTO `attendance` VALUES ('4907', '2016-07-01', '9', '183');
INSERT INTO `attendance` VALUES ('4908', '2016-07-01', '9', '188');
INSERT INTO `attendance` VALUES ('4900', '2016-07-01', '9', '302');
INSERT INTO `attendance` VALUES ('2389', '2016-07-08', '1', '4');
INSERT INTO `attendance` VALUES ('2456', '2016-07-08', '1', '123');
INSERT INTO `attendance` VALUES ('2482', '2016-07-08', '1', '147');
INSERT INTO `attendance` VALUES ('2549', '2016-07-08', '2', '28');
INSERT INTO `attendance` VALUES ('2603', '2016-07-08', '2', '112');
INSERT INTO `attendance` VALUES ('2641', '2016-07-08', '2', '147');
INSERT INTO `attendance` VALUES ('2651', '2016-07-08', '2', '163');
INSERT INTO `attendance` VALUES ('2674', '2016-07-08', '2', '188');
INSERT INTO `attendance` VALUES ('2690', '2016-07-08', '2', '233');
INSERT INTO `attendance` VALUES ('2702', '2016-07-08', '2', '255');
INSERT INTO `attendance` VALUES ('2722', '2016-07-08', '2', '283');
INSERT INTO `attendance` VALUES ('2441', '2016-07-15', '1', '112');
INSERT INTO `attendance` VALUES ('2480', '2016-07-15', '1', '143');
INSERT INTO `attendance` VALUES ('2512', '2016-07-15', '1', '227');
INSERT INTO `attendance` VALUES ('2572', '2016-07-15', '2', '44');
INSERT INTO `attendance` VALUES ('2604', '2016-07-15', '2', '112');
INSERT INTO `attendance` VALUES ('2675', '2016-07-15', '2', '188');
INSERT INTO `attendance` VALUES ('2691', '2016-07-15', '2', '233');
INSERT INTO `attendance` VALUES ('2710', '2016-07-15', '2', '256');
INSERT INTO `attendance` VALUES ('2593', '2016-07-15', '2', '302');
INSERT INTO `attendance` VALUES ('2546', '2016-07-15', '2', '313');
INSERT INTO `attendance` VALUES ('4438', '2016-07-15', '4', '14');
INSERT INTO `attendance` VALUES ('4454', '2016-07-15', '4', '57');
INSERT INTO `attendance` VALUES ('4461', '2016-07-15', '4', '283');
INSERT INTO `attendance` VALUES ('4927', '2016-07-19', '8', '28');
INSERT INTO `attendance` VALUES ('4929', '2016-07-19', '8', '109');
INSERT INTO `attendance` VALUES ('4925', '2016-07-19', '8', '163');
INSERT INTO `attendance` VALUES ('4928', '2016-07-19', '8', '188');
INSERT INTO `attendance` VALUES ('4926', '2016-07-19', '8', '255');
INSERT INTO `attendance` VALUES ('2390', '2016-07-22', '1', '4');
INSERT INTO `attendance` VALUES ('2413', '2016-07-22', '1', '38');
INSERT INTO `attendance` VALUES ('2431', '2016-07-22', '1', '98');
INSERT INTO `attendance` VALUES ('2457', '2016-07-22', '1', '123');
INSERT INTO `attendance` VALUES ('2481', '2016-07-22', '1', '143');
INSERT INTO `attendance` VALUES ('2496', '2016-07-22', '1', '189');
INSERT INTO `attendance` VALUES ('2402', '2016-07-22', '1', '314');
INSERT INTO `attendance` VALUES ('2573', '2016-07-22', '2', '44');
INSERT INTO `attendance` VALUES ('2652', '2016-07-22', '2', '171');
INSERT INTO `attendance` VALUES ('2692', '2016-07-22', '2', '233');
INSERT INTO `attendance` VALUES ('2711', '2016-07-22', '2', '256');
INSERT INTO `attendance` VALUES ('2547', '2016-07-22', '2', '313');
INSERT INTO `attendance` VALUES ('2531', '2016-07-29', '2', '4');
INSERT INTO `attendance` VALUES ('2536', '2016-07-29', '2', '10');
INSERT INTO `attendance` VALUES ('2574', '2016-07-29', '2', '44');
INSERT INTO `attendance` VALUES ('2637', '2016-07-29', '2', '136');
INSERT INTO `attendance` VALUES ('2693', '2016-07-29', '2', '233');
INSERT INTO `attendance` VALUES ('2712', '2016-07-29', '2', '256');
INSERT INTO `attendance` VALUES ('2617', '2016-07-29', '2', '280');
INSERT INTO `attendance` VALUES ('2594', '2016-07-29', '2', '302');
INSERT INTO `attendance` VALUES ('2548', '2016-07-29', '2', '313');
INSERT INTO `attendance` VALUES ('2545', '2016-07-29', '2', '314');
INSERT INTO `attendance` VALUES ('2875', '2016-08-01', '1', '10');
INSERT INTO `attendance` VALUES ('2878', '2016-08-01', '1', '14');
INSERT INTO `attendance` VALUES ('2879', '2016-08-01', '1', '38');
INSERT INTO `attendance` VALUES ('2890', '2016-08-01', '1', '106');
INSERT INTO `attendance` VALUES ('2898', '2016-08-01', '1', '136');
INSERT INTO `attendance` VALUES ('2900', '2016-08-01', '1', '143');
INSERT INTO `attendance` VALUES ('2904', '2016-08-01', '1', '150');
INSERT INTO `attendance` VALUES ('2907', '2016-08-01', '1', '155');
INSERT INTO `attendance` VALUES ('2913', '2016-08-01', '1', '186');
INSERT INTO `attendance` VALUES ('2921', '2016-08-01', '1', '230');
INSERT INTO `attendance` VALUES ('2926', '2016-08-01', '1', '255');
INSERT INTO `attendance` VALUES ('2886', '2016-08-01', '1', '273');
INSERT INTO `attendance` VALUES ('2916', '2016-08-01', '1', '275');
INSERT INTO `attendance` VALUES ('2975', '2016-08-01', '1', '283');
INSERT INTO `attendance` VALUES ('2888', '2016-08-01', '1', '317');
INSERT INTO `attendance` VALUES ('3078', '2016-08-01', '2', '14');
INSERT INTO `attendance` VALUES ('3081', '2016-08-01', '2', '16');
INSERT INTO `attendance` VALUES ('3090', '2016-08-01', '2', '42');
INSERT INTO `attendance` VALUES ('3093', '2016-08-01', '2', '44');
INSERT INTO `attendance` VALUES ('3095', '2016-08-01', '2', '67');
INSERT INTO `attendance` VALUES ('3100', '2016-08-01', '2', '115');
INSERT INTO `attendance` VALUES ('3117', '2016-08-01', '2', '151');
INSERT INTO `attendance` VALUES ('3123', '2016-08-01', '2', '169');
INSERT INTO `attendance` VALUES ('3127', '2016-08-01', '2', '188');
INSERT INTO `attendance` VALUES ('3130', '2016-08-01', '2', '214');
INSERT INTO `attendance` VALUES ('3143', '2016-08-01', '2', '247');
INSERT INTO `attendance` VALUES ('3144', '2016-08-01', '2', '255');
INSERT INTO `attendance` VALUES ('3106', '2016-08-01', '2', '271');
INSERT INTO `attendance` VALUES ('3096', '2016-08-01', '2', '302');
INSERT INTO `attendance` VALUES ('3924', '2016-08-01', '3', '4');
INSERT INTO `attendance` VALUES ('3942', '2016-08-01', '3', '36');
INSERT INTO `attendance` VALUES ('3978', '2016-08-01', '3', '135');
INSERT INTO `attendance` VALUES ('3981', '2016-08-01', '3', '136');
INSERT INTO `attendance` VALUES ('3992', '2016-08-01', '3', '179');
INSERT INTO `attendance` VALUES ('4009', '2016-08-01', '3', '233');
INSERT INTO `attendance` VALUES ('4010', '2016-08-01', '3', '234');
INSERT INTO `attendance` VALUES ('4013', '2016-08-01', '3', '237');
INSERT INTO `attendance` VALUES ('4026', '2016-08-01', '3', '256');
INSERT INTO `attendance` VALUES ('4030', '2016-08-01', '3', '283');
INSERT INTO `attendance` VALUES ('3976', '2016-08-01', '3', '306');
INSERT INTO `attendance` VALUES ('3934', '2016-08-01', '3', '313');
INSERT INTO `attendance` VALUES ('3931', '2016-08-01', '3', '323');
INSERT INTO `attendance` VALUES ('3993', '2016-08-01', '3', '328');
INSERT INTO `attendance` VALUES ('4439', '2016-08-01', '4', '14');
INSERT INTO `attendance` VALUES ('4636', '2016-08-01', '5', '57');
INSERT INTO `attendance` VALUES ('4685', '2016-08-01', '5', '280');
INSERT INTO `attendance` VALUES ('4707', '2016-08-01', '5', '283');
INSERT INTO `attendance` VALUES ('4933', '2016-08-01', '7', '42');
INSERT INTO `attendance` VALUES ('4932', '2016-08-01', '7', '157');
INSERT INTO `attendance` VALUES ('4931', '2016-08-01', '7', '214');
INSERT INTO `attendance` VALUES ('4930', '2016-08-01', '7', '227');
INSERT INTO `attendance` VALUES ('2880', '2016-08-08', '1', '38');
INSERT INTO `attendance` VALUES ('2882', '2016-08-08', '1', '42');
INSERT INTO `attendance` VALUES ('2891', '2016-08-08', '1', '112');
INSERT INTO `attendance` VALUES ('2892', '2016-08-08', '1', '115');
INSERT INTO `attendance` VALUES ('2896', '2016-08-08', '1', '135');
INSERT INTO `attendance` VALUES ('2899', '2016-08-08', '1', '136');
INSERT INTO `attendance` VALUES ('2901', '2016-08-08', '1', '143');
INSERT INTO `attendance` VALUES ('2905', '2016-08-08', '1', '151');
INSERT INTO `attendance` VALUES ('2915', '2016-08-08', '1', '189');
INSERT INTO `attendance` VALUES ('2918', '2016-08-08', '1', '224');
INSERT INTO `attendance` VALUES ('2919', '2016-08-08', '1', '227');
INSERT INTO `attendance` VALUES ('2925', '2016-08-08', '1', '234');
INSERT INTO `attendance` VALUES ('2976', '2016-08-08', '1', '283');
INSERT INTO `attendance` VALUES ('3086', '2016-08-08', '2', '36');
INSERT INTO `attendance` VALUES ('3091', '2016-08-08', '2', '42');
INSERT INTO `attendance` VALUES ('3101', '2016-08-08', '2', '115');
INSERT INTO `attendance` VALUES ('3104', '2016-08-08', '2', '118');
INSERT INTO `attendance` VALUES ('3113', '2016-08-08', '2', '137');
INSERT INTO `attendance` VALUES ('3118', '2016-08-08', '2', '151');
INSERT INTO `attendance` VALUES ('3121', '2016-08-08', '2', '157');
INSERT INTO `attendance` VALUES ('3128', '2016-08-08', '2', '188');
INSERT INTO `attendance` VALUES ('3131', '2016-08-08', '2', '214');
INSERT INTO `attendance` VALUES ('3136', '2016-08-08', '2', '233');
INSERT INTO `attendance` VALUES ('3139', '2016-08-08', '2', '234');
INSERT INTO `attendance` VALUES ('3146', '2016-08-08', '2', '256');
INSERT INTO `attendance` VALUES ('3097', '2016-08-08', '2', '302');
INSERT INTO `attendance` VALUES ('3083', '2016-08-08', '2', '313');
INSERT INTO `attendance` VALUES ('4527', '2016-08-08', '4', '7');
INSERT INTO `attendance` VALUES ('4601', '2016-08-08', '4', '188');
INSERT INTO `attendance` VALUES ('4529', '2016-08-08', '4', '210');
INSERT INTO `attendance` VALUES ('4544', '2016-08-08', '4', '271');
INSERT INTO `attendance` VALUES ('4584', '2016-08-08', '4', '326');
INSERT INTO `attendance` VALUES ('4537', '2016-08-08', '4', '335');
INSERT INTO `attendance` VALUES ('4554', '2016-08-08', '4', '336');
INSERT INTO `attendance` VALUES ('4563', '2016-08-08', '4', '337');
INSERT INTO `attendance` VALUES ('4569', '2016-08-08', '4', '338');
INSERT INTO `attendance` VALUES ('4578', '2016-08-08', '4', '339');
INSERT INTO `attendance` VALUES ('4637', '2016-08-08', '5', '57');
INSERT INTO `attendance` VALUES ('4686', '2016-08-08', '5', '280');
INSERT INTO `attendance` VALUES ('4708', '2016-08-08', '5', '283');
INSERT INTO `attendance` VALUES ('2876', '2016-08-15', '1', '10');
INSERT INTO `attendance` VALUES ('2893', '2016-08-15', '1', '123');
INSERT INTO `attendance` VALUES ('2911', '2016-08-15', '1', '179');
INSERT INTO `attendance` VALUES ('2922', '2016-08-15', '1', '230');
INSERT INTO `attendance` VALUES ('3075', '2016-08-15', '2', '4');
INSERT INTO `attendance` VALUES ('3077', '2016-08-15', '2', '10');
INSERT INTO `attendance` VALUES ('3079', '2016-08-15', '2', '14');
INSERT INTO `attendance` VALUES ('3088', '2016-08-15', '2', '38');
INSERT INTO `attendance` VALUES ('3094', '2016-08-15', '2', '57');
INSERT INTO `attendance` VALUES ('3102', '2016-08-15', '2', '115');
INSERT INTO `attendance` VALUES ('3105', '2016-08-15', '2', '123');
INSERT INTO `attendance` VALUES ('3109', '2016-08-15', '2', '135');
INSERT INTO `attendance` VALUES ('3111', '2016-08-15', '2', '136');
INSERT INTO `attendance` VALUES ('3114', '2016-08-15', '2', '137');
INSERT INTO `attendance` VALUES ('3115', '2016-08-15', '2', '142');
INSERT INTO `attendance` VALUES ('3116', '2016-08-15', '2', '143');
INSERT INTO `attendance` VALUES ('3119', '2016-08-15', '2', '151');
INSERT INTO `attendance` VALUES ('3126', '2016-08-15', '2', '183');
INSERT INTO `attendance` VALUES ('3129', '2016-08-15', '2', '188');
INSERT INTO `attendance` VALUES ('3132', '2016-08-15', '2', '214');
INSERT INTO `attendance` VALUES ('3135', '2016-08-15', '2', '230');
INSERT INTO `attendance` VALUES ('3137', '2016-08-15', '2', '233');
INSERT INTO `attendance` VALUES ('3141', '2016-08-15', '2', '237');
INSERT INTO `attendance` VALUES ('3145', '2016-08-15', '2', '255');
INSERT INTO `attendance` VALUES ('3147', '2016-08-15', '2', '256');
INSERT INTO `attendance` VALUES ('3107', '2016-08-15', '2', '271');
INSERT INTO `attendance` VALUES ('3149', '2016-08-15', '2', '283');
INSERT INTO `attendance` VALUES ('3098', '2016-08-15', '2', '302');
INSERT INTO `attendance` VALUES ('3084', '2016-08-15', '2', '313');
INSERT INTO `attendance` VALUES ('4440', '2016-08-15', '4', '14');
INSERT INTO `attendance` VALUES ('4602', '2016-08-15', '4', '188');
INSERT INTO `attendance` VALUES ('4530', '2016-08-15', '4', '210');
INSERT INTO `attendance` VALUES ('4545', '2016-08-15', '4', '271');
INSERT INTO `attendance` VALUES ('4613', '2016-08-15', '4', '302');
INSERT INTO `attendance` VALUES ('4585', '2016-08-15', '4', '326');
INSERT INTO `attendance` VALUES ('4538', '2016-08-15', '4', '335');
INSERT INTO `attendance` VALUES ('4555', '2016-08-15', '4', '336');
INSERT INTO `attendance` VALUES ('4564', '2016-08-15', '4', '337');
INSERT INTO `attendance` VALUES ('4570', '2016-08-15', '4', '338');
INSERT INTO `attendance` VALUES ('4579', '2016-08-15', '4', '339');
INSERT INTO `attendance` VALUES ('4589', '2016-08-15', '4', '340');
INSERT INTO `attendance` VALUES ('4590', '2016-08-15', '4', '341');
INSERT INTO `attendance` VALUES ('4638', '2016-08-15', '5', '57');
INSERT INTO `attendance` VALUES ('4687', '2016-08-15', '5', '280');
INSERT INTO `attendance` VALUES ('4709', '2016-08-15', '5', '283');
INSERT INTO `attendance` VALUES ('2881', '2016-08-22', '1', '38');
INSERT INTO `attendance` VALUES ('2885', '2016-08-22', '1', '60');
INSERT INTO `attendance` VALUES ('2894', '2016-08-22', '1', '123');
INSERT INTO `attendance` VALUES ('2897', '2016-08-22', '1', '135');
INSERT INTO `attendance` VALUES ('2902', '2016-08-22', '1', '143');
INSERT INTO `attendance` VALUES ('2908', '2016-08-22', '1', '155');
INSERT INTO `attendance` VALUES ('2912', '2016-08-22', '1', '179');
INSERT INTO `attendance` VALUES ('2914', '2016-08-22', '1', '186');
INSERT INTO `attendance` VALUES ('2923', '2016-08-22', '1', '230');
INSERT INTO `attendance` VALUES ('2927', '2016-08-22', '1', '255');
INSERT INTO `attendance` VALUES ('2977', '2016-08-22', '1', '283');
INSERT INTO `attendance` VALUES ('2887', '2016-08-22', '1', '302');
INSERT INTO `attendance` VALUES ('2889', '2016-08-22', '1', '317');
INSERT INTO `attendance` VALUES ('3076', '2016-08-22', '2', '4');
INSERT INTO `attendance` VALUES ('3080', '2016-08-22', '2', '15');
INSERT INTO `attendance` VALUES ('3087', '2016-08-22', '2', '36');
INSERT INTO `attendance` VALUES ('3089', '2016-08-22', '2', '40');
INSERT INTO `attendance` VALUES ('3092', '2016-08-22', '2', '42');
INSERT INTO `attendance` VALUES ('3103', '2016-08-22', '2', '115');
INSERT INTO `attendance` VALUES ('3110', '2016-08-22', '2', '135');
INSERT INTO `attendance` VALUES ('3112', '2016-08-22', '2', '136');
INSERT INTO `attendance` VALUES ('3120', '2016-08-22', '2', '155');
INSERT INTO `attendance` VALUES ('3122', '2016-08-22', '2', '157');
INSERT INTO `attendance` VALUES ('3124', '2016-08-22', '2', '179');
INSERT INTO `attendance` VALUES ('3133', '2016-08-22', '2', '214');
INSERT INTO `attendance` VALUES ('3134', '2016-08-22', '2', '227');
INSERT INTO `attendance` VALUES ('3138', '2016-08-22', '2', '233');
INSERT INTO `attendance` VALUES ('3140', '2016-08-22', '2', '234');
INSERT INTO `attendance` VALUES ('3142', '2016-08-22', '2', '237');
INSERT INTO `attendance` VALUES ('3148', '2016-08-22', '2', '256');
INSERT INTO `attendance` VALUES ('3150', '2016-08-22', '2', '283');
INSERT INTO `attendance` VALUES ('3099', '2016-08-22', '2', '303');
INSERT INTO `attendance` VALUES ('3108', '2016-08-22', '2', '306');
INSERT INTO `attendance` VALUES ('3085', '2016-08-22', '2', '313');
INSERT INTO `attendance` VALUES ('3082', '2016-08-22', '2', '323');
INSERT INTO `attendance` VALUES ('3125', '2016-08-22', '2', '328');
INSERT INTO `attendance` VALUES ('3151', '2016-08-22', '2', '329');
INSERT INTO `attendance` VALUES ('4603', '2016-08-22', '4', '188');
INSERT INTO `attendance` VALUES ('4531', '2016-08-22', '4', '210');
INSERT INTO `attendance` VALUES ('4546', '2016-08-22', '4', '271');
INSERT INTO `attendance` VALUES ('4614', '2016-08-22', '4', '302');
INSERT INTO `attendance` VALUES ('4586', '2016-08-22', '4', '326');
INSERT INTO `attendance` VALUES ('4539', '2016-08-22', '4', '335');
INSERT INTO `attendance` VALUES ('4556', '2016-08-22', '4', '336');
INSERT INTO `attendance` VALUES ('4565', '2016-08-22', '4', '337');
INSERT INTO `attendance` VALUES ('4571', '2016-08-22', '4', '338');
INSERT INTO `attendance` VALUES ('4580', '2016-08-22', '4', '339');
INSERT INTO `attendance` VALUES ('4591', '2016-08-22', '4', '341');
INSERT INTO `attendance` VALUES ('4639', '2016-08-22', '5', '57');
INSERT INTO `attendance` VALUES ('4688', '2016-08-22', '5', '280');
INSERT INTO `attendance` VALUES ('4710', '2016-08-22', '5', '283');
INSERT INTO `attendance` VALUES ('2877', '2016-08-29', '1', '10');
INSERT INTO `attendance` VALUES ('2883', '2016-08-29', '1', '42');
INSERT INTO `attendance` VALUES ('2884', '2016-08-29', '1', '57');
INSERT INTO `attendance` VALUES ('2895', '2016-08-29', '1', '123');
INSERT INTO `attendance` VALUES ('2903', '2016-08-29', '1', '143');
INSERT INTO `attendance` VALUES ('2909', '2016-08-29', '1', '157');
INSERT INTO `attendance` VALUES ('2910', '2016-08-29', '1', '169');
INSERT INTO `attendance` VALUES ('2917', '2016-08-29', '1', '214');
INSERT INTO `attendance` VALUES ('2920', '2016-08-29', '1', '227');
INSERT INTO `attendance` VALUES ('2924', '2016-08-29', '1', '230');
INSERT INTO `attendance` VALUES ('2906', '2016-08-29', '1', '333');
INSERT INTO `attendance` VALUES ('4604', '2016-08-29', '4', '188');
INSERT INTO `attendance` VALUES ('3024', '2016-09-01', '1', '38');
INSERT INTO `attendance` VALUES ('3039', '2016-09-01', '1', '135');
INSERT INTO `attendance` VALUES ('3045', '2016-09-01', '1', '151');
INSERT INTO `attendance` VALUES ('3056', '2016-09-01', '1', '227');
INSERT INTO `attendance` VALUES ('3066', '2016-09-01', '1', '247');
INSERT INTO `attendance` VALUES ('3067', '2016-09-01', '1', '255');
INSERT INTO `attendance` VALUES ('3051', '2016-09-01', '1', '275');
INSERT INTO `attendance` VALUES ('3153', '2016-09-01', '2', '10');
INSERT INTO `attendance` VALUES ('3171', '2016-09-01', '2', '93');
INSERT INTO `attendance` VALUES ('3173', '2016-09-01', '2', '112');
INSERT INTO `attendance` VALUES ('3175', '2016-09-01', '2', '115');
INSERT INTO `attendance` VALUES ('3180', '2016-09-01', '2', '135');
INSERT INTO `attendance` VALUES ('3184', '2016-09-01', '2', '137');
INSERT INTO `attendance` VALUES ('3187', '2016-09-01', '2', '151');
INSERT INTO `attendance` VALUES ('3192', '2016-09-01', '2', '157');
INSERT INTO `attendance` VALUES ('3195', '2016-09-01', '2', '169');
INSERT INTO `attendance` VALUES ('3201', '2016-09-01', '2', '188');
INSERT INTO `attendance` VALUES ('3204', '2016-09-01', '2', '214');
INSERT INTO `attendance` VALUES ('3208', '2016-09-01', '2', '230');
INSERT INTO `attendance` VALUES ('3209', '2016-09-01', '2', '233');
INSERT INTO `attendance` VALUES ('3212', '2016-09-01', '2', '234');
INSERT INTO `attendance` VALUES ('3215', '2016-09-01', '2', '237');
INSERT INTO `attendance` VALUES ('3220', '2016-09-01', '2', '255');
INSERT INTO `attendance` VALUES ('3226', '2016-09-01', '2', '283');
INSERT INTO `attendance` VALUES ('3158', '2016-09-01', '2', '313');
INSERT INTO `attendance` VALUES ('3167', '2016-09-01', '2', '324');
INSERT INTO `attendance` VALUES ('3177', '2016-09-01', '2', '326');
INSERT INTO `attendance` VALUES ('3930', '2016-09-01', '3', '19');
INSERT INTO `attendance` VALUES ('3944', '2016-09-01', '3', '43');
INSERT INTO `attendance` VALUES ('3952', '2016-09-01', '3', '57');
INSERT INTO `attendance` VALUES ('3966', '2016-09-01', '3', '93');
INSERT INTO `attendance` VALUES ('3968', '2016-09-01', '3', '112');
INSERT INTO `attendance` VALUES ('3971', '2016-09-01', '3', '115');
INSERT INTO `attendance` VALUES ('3983', '2016-09-01', '3', '137');
INSERT INTO `attendance` VALUES ('3987', '2016-09-01', '3', '157');
INSERT INTO `attendance` VALUES ('3996', '2016-09-01', '3', '188');
INSERT INTO `attendance` VALUES ('3998', '2016-09-01', '3', '214');
INSERT INTO `attendance` VALUES ('4011', '2016-09-01', '3', '234');
INSERT INTO `attendance` VALUES ('4014', '2016-09-01', '3', '237');
INSERT INTO `attendance` VALUES ('4027', '2016-09-01', '3', '256');
INSERT INTO `attendance` VALUES ('3955', '2016-09-01', '3', '273');
INSERT INTO `attendance` VALUES ('3959', '2016-09-01', '3', '302');
INSERT INTO `attendance` VALUES ('4017', '2016-09-01', '3', '310');
INSERT INTO `attendance` VALUES ('3935', '2016-09-01', '3', '313');
INSERT INTO `attendance` VALUES ('3932', '2016-09-01', '3', '323');
INSERT INTO `attendance` VALUES ('3962', '2016-09-01', '3', '324');
INSERT INTO `attendance` VALUES ('4441', '2016-09-01', '4', '14');
INSERT INTO `attendance` VALUES ('4611', '2016-09-01', '4', '15');
INSERT INTO `attendance` VALUES ('4605', '2016-09-01', '4', '188');
INSERT INTO `attendance` VALUES ('4532', '2016-09-01', '4', '210');
INSERT INTO `attendance` VALUES ('4547', '2016-09-01', '4', '271');
INSERT INTO `attendance` VALUES ('4615', '2016-09-01', '4', '302');
INSERT INTO `attendance` VALUES ('4587', '2016-09-01', '4', '326');
INSERT INTO `attendance` VALUES ('4557', '2016-09-01', '4', '336');
INSERT INTO `attendance` VALUES ('4581', '2016-09-01', '4', '339');
INSERT INTO `attendance` VALUES ('4640', '2016-09-01', '5', '57');
INSERT INTO `attendance` VALUES ('4662', '2016-09-01', '5', '112');
INSERT INTO `attendance` VALUES ('4689', '2016-09-01', '5', '280');
INSERT INTO `attendance` VALUES ('4711', '2016-09-01', '5', '283');
INSERT INTO `attendance` VALUES ('3152', '2016-09-08', '2', '4');
INSERT INTO `attendance` VALUES ('3172', '2016-09-08', '2', '93');
INSERT INTO `attendance` VALUES ('3181', '2016-09-08', '2', '135');
INSERT INTO `attendance` VALUES ('3185', '2016-09-08', '2', '137');
INSERT INTO `attendance` VALUES ('3189', '2016-09-08', '2', '155');
INSERT INTO `attendance` VALUES ('3193', '2016-09-08', '2', '157');
INSERT INTO `attendance` VALUES ('3205', '2016-09-08', '2', '214');
INSERT INTO `attendance` VALUES ('3210', '2016-09-08', '2', '233');
INSERT INTO `attendance` VALUES ('3223', '2016-09-08', '2', '256');
INSERT INTO `attendance` VALUES ('3178', '2016-09-08', '2', '271');
INSERT INTO `attendance` VALUES ('3227', '2016-09-08', '2', '283');
INSERT INTO `attendance` VALUES ('3164', '2016-09-08', '2', '302');
INSERT INTO `attendance` VALUES ('3159', '2016-09-08', '2', '313');
INSERT INTO `attendance` VALUES ('3168', '2016-09-08', '2', '324');
INSERT INTO `attendance` VALUES ('4548', '2016-09-08', '4', '271');
INSERT INTO `attendance` VALUES ('4588', '2016-09-08', '4', '326');
INSERT INTO `attendance` VALUES ('4540', '2016-09-08', '4', '335');
INSERT INTO `attendance` VALUES ('4558', '2016-09-08', '4', '336');
INSERT INTO `attendance` VALUES ('4572', '2016-09-08', '4', '338');
INSERT INTO `attendance` VALUES ('4582', '2016-09-08', '4', '339');
INSERT INTO `attendance` VALUES ('4592', '2016-09-08', '4', '341');
INSERT INTO `attendance` VALUES ('4641', '2016-09-08', '5', '57');
INSERT INTO `attendance` VALUES ('4663', '2016-09-08', '5', '112');
INSERT INTO `attendance` VALUES ('4690', '2016-09-08', '5', '280');
INSERT INTO `attendance` VALUES ('4712', '2016-09-08', '5', '283');
INSERT INTO `attendance` VALUES ('3025', '2016-09-09', '1', '42');
INSERT INTO `attendance` VALUES ('3028', '2016-09-09', '1', '65');
INSERT INTO `attendance` VALUES ('3032', '2016-09-09', '1', '106');
INSERT INTO `attendance` VALUES ('3035', '2016-09-09', '1', '115');
INSERT INTO `attendance` VALUES ('3040', '2016-09-09', '1', '135');
INSERT INTO `attendance` VALUES ('3041', '2016-09-09', '1', '143');
INSERT INTO `attendance` VALUES ('3046', '2016-09-09', '1', '169');
INSERT INTO `attendance` VALUES ('3054', '2016-09-09', '1', '214');
INSERT INTO `attendance` VALUES ('3058', '2016-09-09', '1', '230');
INSERT INTO `attendance` VALUES ('3060', '2016-09-09', '1', '234');
INSERT INTO `attendance` VALUES ('3064', '2016-09-09', '1', '237');
INSERT INTO `attendance` VALUES ('3068', '2016-09-09', '1', '255');
INSERT INTO `attendance` VALUES ('3023', '2016-09-09', '1', '278');
INSERT INTO `attendance` VALUES ('3071', '2016-09-09', '1', '283');
INSERT INTO `attendance` VALUES ('3156', '2016-09-15', '2', '19');
INSERT INTO `attendance` VALUES ('3163', '2016-09-15', '2', '57');
INSERT INTO `attendance` VALUES ('3174', '2016-09-15', '2', '112');
INSERT INTO `attendance` VALUES ('3182', '2016-09-15', '2', '136');
INSERT INTO `attendance` VALUES ('3190', '2016-09-15', '2', '155');
INSERT INTO `attendance` VALUES ('3194', '2016-09-15', '2', '157');
INSERT INTO `attendance` VALUES ('3196', '2016-09-15', '2', '169');
INSERT INTO `attendance` VALUES ('3206', '2016-09-15', '2', '214');
INSERT INTO `attendance` VALUES ('3213', '2016-09-15', '2', '234');
INSERT INTO `attendance` VALUES ('3216', '2016-09-15', '2', '237');
INSERT INTO `attendance` VALUES ('3217', '2016-09-15', '2', '247');
INSERT INTO `attendance` VALUES ('3221', '2016-09-15', '2', '255');
INSERT INTO `attendance` VALUES ('3224', '2016-09-15', '2', '256');
INSERT INTO `attendance` VALUES ('3165', '2016-09-15', '2', '302');
INSERT INTO `attendance` VALUES ('3160', '2016-09-15', '2', '313');
INSERT INTO `attendance` VALUES ('3169', '2016-09-15', '2', '324');
INSERT INTO `attendance` VALUES ('3179', '2016-09-15', '2', '327');
INSERT INTO `attendance` VALUES ('4442', '2016-09-15', '4', '14');
INSERT INTO `attendance` VALUES ('4642', '2016-09-15', '5', '57');
INSERT INTO `attendance` VALUES ('4691', '2016-09-15', '5', '280');
INSERT INTO `attendance` VALUES ('4713', '2016-09-15', '5', '283');
INSERT INTO `attendance` VALUES ('3026', '2016-09-17', '1', '42');
INSERT INTO `attendance` VALUES ('3030', '2016-09-17', '1', '70');
INSERT INTO `attendance` VALUES ('3047', '2016-09-17', '1', '169');
INSERT INTO `attendance` VALUES ('3050', '2016-09-17', '1', '179');
INSERT INTO `attendance` VALUES ('3055', '2016-09-17', '1', '214');
INSERT INTO `attendance` VALUES ('3057', '2016-09-17', '1', '227');
INSERT INTO `attendance` VALUES ('3059', '2016-09-17', '1', '230');
INSERT INTO `attendance` VALUES ('3061', '2016-09-17', '1', '234');
INSERT INTO `attendance` VALUES ('3070', '2016-09-17', '1', '259');
INSERT INTO `attendance` VALUES ('3053', '2016-09-17', '1', '334');
INSERT INTO `attendance` VALUES ('3154', '2016-09-22', '2', '14');
INSERT INTO `attendance` VALUES ('3162', '2016-09-22', '2', '42');
INSERT INTO `attendance` VALUES ('3188', '2016-09-22', '2', '151');
INSERT INTO `attendance` VALUES ('3191', '2016-09-22', '2', '155');
INSERT INTO `attendance` VALUES ('3197', '2016-09-22', '2', '169');
INSERT INTO `attendance` VALUES ('3199', '2016-09-22', '2', '183');
INSERT INTO `attendance` VALUES ('3202', '2016-09-22', '2', '188');
INSERT INTO `attendance` VALUES ('3207', '2016-09-22', '2', '229');
INSERT INTO `attendance` VALUES ('3214', '2016-09-22', '2', '234');
INSERT INTO `attendance` VALUES ('3218', '2016-09-22', '2', '247');
INSERT INTO `attendance` VALUES ('3222', '2016-09-22', '2', '255');
INSERT INTO `attendance` VALUES ('3228', '2016-09-22', '2', '283');
INSERT INTO `attendance` VALUES ('3219', '2016-09-22', '2', '310');
INSERT INTO `attendance` VALUES ('4643', '2016-09-22', '5', '57');
INSERT INTO `attendance` VALUES ('4664', '2016-09-22', '5', '112');
INSERT INTO `attendance` VALUES ('4714', '2016-09-22', '5', '283');
INSERT INTO `attendance` VALUES ('3027', '2016-09-25', '1', '42');
INSERT INTO `attendance` VALUES ('3031', '2016-09-25', '1', '70');
INSERT INTO `attendance` VALUES ('3033', '2016-09-25', '1', '112');
INSERT INTO `attendance` VALUES ('3036', '2016-09-25', '1', '115');
INSERT INTO `attendance` VALUES ('3042', '2016-09-25', '1', '143');
INSERT INTO `attendance` VALUES ('3048', '2016-09-25', '1', '169');
INSERT INTO `attendance` VALUES ('3062', '2016-09-25', '1', '234');
INSERT INTO `attendance` VALUES ('3065', '2016-09-25', '1', '237');
INSERT INTO `attendance` VALUES ('3069', '2016-09-25', '1', '255');
INSERT INTO `attendance` VALUES ('3052', '2016-09-25', '1', '275');
INSERT INTO `attendance` VALUES ('3072', '2016-09-25', '1', '283');
INSERT INTO `attendance` VALUES ('3044', '2016-09-25', '1', '332');
INSERT INTO `attendance` VALUES ('3155', '2016-09-29', '2', '15');
INSERT INTO `attendance` VALUES ('3161', '2016-09-29', '2', '28');
INSERT INTO `attendance` VALUES ('3176', '2016-09-29', '2', '115');
INSERT INTO `attendance` VALUES ('3183', '2016-09-29', '2', '136');
INSERT INTO `attendance` VALUES ('3186', '2016-09-29', '2', '143');
INSERT INTO `attendance` VALUES ('3198', '2016-09-29', '2', '169');
INSERT INTO `attendance` VALUES ('3200', '2016-09-29', '2', '183');
INSERT INTO `attendance` VALUES ('3203', '2016-09-29', '2', '188');
INSERT INTO `attendance` VALUES ('3211', '2016-09-29', '2', '233');
INSERT INTO `attendance` VALUES ('3225', '2016-09-29', '2', '256');
INSERT INTO `attendance` VALUES ('3166', '2016-09-29', '2', '302');
INSERT INTO `attendance` VALUES ('3157', '2016-09-29', '2', '323');
INSERT INTO `attendance` VALUES ('3170', '2016-09-29', '2', '324');
INSERT INTO `attendance` VALUES ('3229', '2016-09-29', '2', '330');
INSERT INTO `attendance` VALUES ('3230', '2016-09-29', '2', '331');
INSERT INTO `attendance` VALUES ('3034', '2016-09-30', '1', '112');
INSERT INTO `attendance` VALUES ('3037', '2016-09-30', '1', '115');
INSERT INTO `attendance` VALUES ('3038', '2016-09-30', '1', '123');
INSERT INTO `attendance` VALUES ('3043', '2016-09-30', '1', '143');
INSERT INTO `attendance` VALUES ('3049', '2016-09-30', '1', '169');
INSERT INTO `attendance` VALUES ('3063', '2016-09-30', '1', '234');
INSERT INTO `attendance` VALUES ('3029', '2016-09-30', '1', '273');
INSERT INTO `attendance` VALUES ('3073', '2016-09-30', '1', '283');
INSERT INTO `attendance` VALUES ('3497', '2016-10-01', '1', '10');
INSERT INTO `attendance` VALUES ('3504', '2016-10-01', '1', '38');
INSERT INTO `attendance` VALUES ('3533', '2016-10-01', '1', '106');
INSERT INTO `attendance` VALUES ('3545', '2016-10-01', '1', '123');
INSERT INTO `attendance` VALUES ('3554', '2016-10-01', '1', '131');
INSERT INTO `attendance` VALUES ('3575', '2016-10-01', '1', '169');
INSERT INTO `attendance` VALUES ('3594', '2016-10-01', '1', '214');
INSERT INTO `attendance` VALUES ('3615', '2016-10-01', '1', '234');
INSERT INTO `attendance` VALUES ('3636', '2016-10-01', '1', '259');
INSERT INTO `attendance` VALUES ('3639', '2016-10-01', '1', '283');
INSERT INTO `attendance` VALUES ('3572', '2016-10-01', '1', '332');
INSERT INTO `attendance` VALUES ('3660', '2016-10-01', '2', '16');
INSERT INTO `attendance` VALUES ('3698', '2016-10-01', '2', '93');
INSERT INTO `attendance` VALUES ('3714', '2016-10-01', '2', '137');
INSERT INTO `attendance` VALUES ('3718', '2016-10-01', '2', '151');
INSERT INTO `attendance` VALUES ('3724', '2016-10-01', '2', '157');
INSERT INTO `attendance` VALUES ('3731', '2016-10-01', '2', '158');
INSERT INTO `attendance` VALUES ('3736', '2016-10-01', '2', '183');
INSERT INTO `attendance` VALUES ('3746', '2016-10-01', '2', '214');
INSERT INTO `attendance` VALUES ('3764', '2016-10-01', '2', '234');
INSERT INTO `attendance` VALUES ('3780', '2016-10-01', '2', '256');
INSERT INTO `attendance` VALUES ('3784', '2016-10-01', '2', '283');
INSERT INTO `attendance` VALUES ('3663', '2016-10-01', '2', '313');
INSERT INTO `attendance` VALUES ('3925', '2016-10-01', '3', '4');
INSERT INTO `attendance` VALUES ('3928', '2016-10-01', '3', '14');
INSERT INTO `attendance` VALUES ('3953', '2016-10-01', '3', '57');
INSERT INTO `attendance` VALUES ('3984', '2016-10-01', '3', '143');
INSERT INTO `attendance` VALUES ('3995', '2016-10-01', '3', '183');
INSERT INTO `attendance` VALUES ('3960', '2016-10-01', '3', '302');
INSERT INTO `attendance` VALUES ('4018', '2016-10-01', '3', '310');
INSERT INTO `attendance` VALUES ('3936', '2016-10-01', '3', '313');
INSERT INTO `attendance` VALUES ('3963', '2016-10-01', '3', '324');
INSERT INTO `attendance` VALUES ('4032', '2016-10-01', '3', '354');
INSERT INTO `attendance` VALUES ('4033', '2016-10-01', '3', '355');
INSERT INTO `attendance` VALUES ('4443', '2016-10-01', '4', '14');
INSERT INTO `attendance` VALUES ('4612', '2016-10-01', '4', '15');
INSERT INTO `attendance` VALUES ('4606', '2016-10-01', '4', '188');
INSERT INTO `attendance` VALUES ('4549', '2016-10-01', '4', '271');
INSERT INTO `attendance` VALUES ('4616', '2016-10-01', '4', '302');
INSERT INTO `attendance` VALUES ('4559', '2016-10-01', '4', '336');
INSERT INTO `attendance` VALUES ('4573', '2016-10-01', '4', '338');
INSERT INTO `attendance` VALUES ('4593', '2016-10-01', '4', '341');
INSERT INTO `attendance` VALUES ('4644', '2016-10-01', '5', '57');
INSERT INTO `attendance` VALUES ('4665', '2016-10-01', '5', '112');
INSERT INTO `attendance` VALUES ('4692', '2016-10-01', '5', '280');
INSERT INTO `attendance` VALUES ('4715', '2016-10-01', '5', '283');
INSERT INTO `attendance` VALUES ('3498', '2016-10-08', '1', '10');
INSERT INTO `attendance` VALUES ('3505', '2016-10-08', '1', '38');
INSERT INTO `attendance` VALUES ('3522', '2016-10-08', '1', '70');
INSERT INTO `attendance` VALUES ('3546', '2016-10-08', '1', '123');
INSERT INTO `attendance` VALUES ('3558', '2016-10-08', '1', '135');
INSERT INTO `attendance` VALUES ('3564', '2016-10-08', '1', '143');
INSERT INTO `attendance` VALUES ('3576', '2016-10-08', '1', '169');
INSERT INTO `attendance` VALUES ('3587', '2016-10-08', '1', '179');
INSERT INTO `attendance` VALUES ('3591', '2016-10-08', '1', '188');
INSERT INTO `attendance` VALUES ('3595', '2016-10-08', '1', '214');
INSERT INTO `attendance` VALUES ('3616', '2016-10-08', '1', '234');
INSERT INTO `attendance` VALUES ('3552', '2016-10-08', '1', '271');
INSERT INTO `attendance` VALUES ('3640', '2016-10-08', '1', '283');
INSERT INTO `attendance` VALUES ('3659', '2016-10-08', '2', '15');
INSERT INTO `attendance` VALUES ('3661', '2016-10-08', '2', '16');
INSERT INTO `attendance` VALUES ('3672', '2016-10-08', '2', '36');
INSERT INTO `attendance` VALUES ('3705', '2016-10-08', '2', '120');
INSERT INTO `attendance` VALUES ('3719', '2016-10-08', '2', '151');
INSERT INTO `attendance` VALUES ('3725', '2016-10-08', '2', '157');
INSERT INTO `attendance` VALUES ('3747', '2016-10-08', '2', '214');
INSERT INTO `attendance` VALUES ('3775', '2016-10-08', '2', '255');
INSERT INTO `attendance` VALUES ('3708', '2016-10-08', '2', '271');
INSERT INTO `attendance` VALUES ('3785', '2016-10-08', '2', '283');
INSERT INTO `attendance` VALUES ('3654', '2016-10-08', '2', '299');
INSERT INTO `attendance` VALUES ('3684', '2016-10-08', '2', '302');
INSERT INTO `attendance` VALUES ('3664', '2016-10-08', '2', '313');
INSERT INTO `attendance` VALUES ('3689', '2016-10-08', '2', '324');
INSERT INTO `attendance` VALUES ('3701', '2016-10-08', '2', '330');
INSERT INTO `attendance` VALUES ('4533', '2016-10-08', '4', '210');
INSERT INTO `attendance` VALUES ('4550', '2016-10-08', '4', '271');
INSERT INTO `attendance` VALUES ('4617', '2016-10-08', '4', '302');
INSERT INTO `attendance` VALUES ('4541', '2016-10-08', '4', '335');
INSERT INTO `attendance` VALUES ('4566', '2016-10-08', '4', '337');
INSERT INTO `attendance` VALUES ('4574', '2016-10-08', '4', '338');
INSERT INTO `attendance` VALUES ('4693', '2016-10-08', '5', '280');
INSERT INTO `attendance` VALUES ('4716', '2016-10-08', '5', '283');
INSERT INTO `attendance` VALUES ('3499', '2016-10-15', '1', '10');
INSERT INTO `attendance` VALUES ('3510', '2016-10-15', '1', '42');
INSERT INTO `attendance` VALUES ('3534', '2016-10-15', '1', '106');
INSERT INTO `attendance` VALUES ('3577', '2016-10-15', '1', '169');
INSERT INTO `attendance` VALUES ('3596', '2016-10-15', '1', '214');
INSERT INTO `attendance` VALUES ('3605', '2016-10-15', '1', '227');
INSERT INTO `attendance` VALUES ('3617', '2016-10-15', '1', '234');
INSERT INTO `attendance` VALUES ('3637', '2016-10-15', '1', '259');
INSERT INTO `attendance` VALUES ('3553', '2016-10-15', '1', '271');
INSERT INTO `attendance` VALUES ('3641', '2016-10-15', '1', '283');
INSERT INTO `attendance` VALUES ('3531', '2016-10-15', '1', '355');
INSERT INTO `attendance` VALUES ('3503', '2016-10-15', '1', '381');
INSERT INTO `attendance` VALUES ('3716', '2016-10-15', '2', '143');
INSERT INTO `attendance` VALUES ('3737', '2016-10-15', '2', '183');
INSERT INTO `attendance` VALUES ('3754', '2016-10-15', '2', '216');
INSERT INTO `attendance` VALUES ('3755', '2016-10-15', '2', '229');
INSERT INTO `attendance` VALUES ('3709', '2016-10-15', '2', '271');
INSERT INTO `attendance` VALUES ('3786', '2016-10-15', '2', '283');
INSERT INTO `attendance` VALUES ('3655', '2016-10-15', '2', '299');
INSERT INTO `attendance` VALUES ('3685', '2016-10-15', '2', '302');
INSERT INTO `attendance` VALUES ('3772', '2016-10-15', '2', '310');
INSERT INTO `attendance` VALUES ('3665', '2016-10-15', '2', '313');
INSERT INTO `attendance` VALUES ('3690', '2016-10-15', '2', '324');
INSERT INTO `attendance` VALUES ('3683', '2016-10-15', '2', '354');
INSERT INTO `attendance` VALUES ('4444', '2016-10-15', '4', '14');
INSERT INTO `attendance` VALUES ('4534', '2016-10-15', '4', '210');
INSERT INTO `attendance` VALUES ('4551', '2016-10-15', '4', '271');
INSERT INTO `attendance` VALUES ('4542', '2016-10-15', '4', '335');
INSERT INTO `attendance` VALUES ('4560', '2016-10-15', '4', '336');
INSERT INTO `attendance` VALUES ('4567', '2016-10-15', '4', '337');
INSERT INTO `attendance` VALUES ('4575', '2016-10-15', '4', '338');
INSERT INTO `attendance` VALUES ('4645', '2016-10-15', '5', '57');
INSERT INTO `attendance` VALUES ('4666', '2016-10-15', '5', '112');
INSERT INTO `attendance` VALUES ('4694', '2016-10-15', '5', '280');
INSERT INTO `attendance` VALUES ('4717', '2016-10-15', '5', '283');
INSERT INTO `attendance` VALUES ('3500', '2016-10-22', '1', '10');
INSERT INTO `attendance` VALUES ('3511', '2016-10-22', '1', '42');
INSERT INTO `attendance` VALUES ('3517', '2016-10-22', '1', '65');
INSERT INTO `attendance` VALUES ('3555', '2016-10-22', '1', '131');
INSERT INTO `attendance` VALUES ('3559', '2016-10-22', '1', '135');
INSERT INTO `attendance` VALUES ('3565', '2016-10-22', '1', '143');
INSERT INTO `attendance` VALUES ('3578', '2016-10-22', '1', '169');
INSERT INTO `attendance` VALUES ('3588', '2016-10-22', '1', '179');
INSERT INTO `attendance` VALUES ('3597', '2016-10-22', '1', '214');
INSERT INTO `attendance` VALUES ('3606', '2016-10-22', '1', '227');
INSERT INTO `attendance` VALUES ('3618', '2016-10-22', '1', '234');
INSERT INTO `attendance` VALUES ('3631', '2016-10-22', '1', '255');
INSERT INTO `attendance` VALUES ('3519', '2016-10-22', '1', '273');
INSERT INTO `attendance` VALUES ('3642', '2016-10-22', '1', '283');
INSERT INTO `attendance` VALUES ('3573', '2016-10-22', '1', '332');
INSERT INTO `attendance` VALUES ('3649', '2016-10-22', '2', '4');
INSERT INTO `attendance` VALUES ('3673', '2016-10-22', '2', '36');
INSERT INTO `attendance` VALUES ('3674', '2016-10-22', '2', '42');
INSERT INTO `attendance` VALUES ('3678', '2016-10-22', '2', '57');
INSERT INTO `attendance` VALUES ('3706', '2016-10-22', '2', '123');
INSERT INTO `attendance` VALUES ('3715', '2016-10-22', '2', '137');
INSERT INTO `attendance` VALUES ('3720', '2016-10-22', '2', '151');
INSERT INTO `attendance` VALUES ('3726', '2016-10-22', '2', '157');
INSERT INTO `attendance` VALUES ('3738', '2016-10-22', '2', '183');
INSERT INTO `attendance` VALUES ('3741', '2016-10-22', '2', '188');
INSERT INTO `attendance` VALUES ('3748', '2016-10-22', '2', '214');
INSERT INTO `attendance` VALUES ('3759', '2016-10-22', '2', '230');
INSERT INTO `attendance` VALUES ('3762', '2016-10-22', '2', '233');
INSERT INTO `attendance` VALUES ('3776', '2016-10-22', '2', '255');
INSERT INTO `attendance` VALUES ('3710', '2016-10-22', '2', '271');
INSERT INTO `attendance` VALUES ('3787', '2016-10-22', '2', '283');
INSERT INTO `attendance` VALUES ('3656', '2016-10-22', '2', '299');
INSERT INTO `attendance` VALUES ('3666', '2016-10-22', '2', '313');
INSERT INTO `attendance` VALUES ('3691', '2016-10-22', '2', '324');
INSERT INTO `attendance` VALUES ('3745', '2016-10-22', '2', '384');
INSERT INTO `attendance` VALUES ('4445', '2016-10-22', '4', '14');
INSERT INTO `attendance` VALUES ('4535', '2016-10-22', '4', '210');
INSERT INTO `attendance` VALUES ('4552', '2016-10-22', '4', '271');
INSERT INTO `attendance` VALUES ('4561', '2016-10-22', '4', '336');
INSERT INTO `attendance` VALUES ('4568', '2016-10-22', '4', '337');
INSERT INTO `attendance` VALUES ('4576', '2016-10-22', '4', '338');
INSERT INTO `attendance` VALUES ('4646', '2016-10-22', '5', '57');
INSERT INTO `attendance` VALUES ('4667', '2016-10-22', '5', '112');
INSERT INTO `attendance` VALUES ('4695', '2016-10-22', '5', '280');
INSERT INTO `attendance` VALUES ('4718', '2016-10-22', '5', '283');
INSERT INTO `attendance` VALUES ('3506', '2016-11-01', '1', '38');
INSERT INTO `attendance` VALUES ('3512', '2016-11-01', '1', '42');
INSERT INTO `attendance` VALUES ('3523', '2016-11-01', '1', '70');
INSERT INTO `attendance` VALUES ('3537', '2016-11-01', '1', '112');
INSERT INTO `attendance` VALUES ('3547', '2016-11-01', '1', '123');
INSERT INTO `attendance` VALUES ('3566', '2016-11-01', '1', '143');
INSERT INTO `attendance` VALUES ('3579', '2016-11-01', '1', '169');
INSERT INTO `attendance` VALUES ('3598', '2016-11-01', '1', '214');
INSERT INTO `attendance` VALUES ('3607', '2016-11-01', '1', '227');
INSERT INTO `attendance` VALUES ('3619', '2016-11-01', '1', '234');
INSERT INTO `attendance` VALUES ('3628', '2016-11-01', '1', '247');
INSERT INTO `attendance` VALUES ('3632', '2016-11-01', '1', '255');
INSERT INTO `attendance` VALUES ('3501', '2016-11-01', '1', '279');
INSERT INTO `attendance` VALUES ('3528', '2016-11-01', '1', '324');
INSERT INTO `attendance` VALUES ('3593', '2016-11-01', '1', '334');
INSERT INTO `attendance` VALUES ('3675', '2016-11-01', '2', '42');
INSERT INTO `attendance` VALUES ('3713', '2016-11-01', '2', '136');
INSERT INTO `attendance` VALUES ('3721', '2016-11-01', '2', '151');
INSERT INTO `attendance` VALUES ('3727', '2016-11-01', '2', '157');
INSERT INTO `attendance` VALUES ('3732', '2016-11-01', '2', '158');
INSERT INTO `attendance` VALUES ('3749', '2016-11-01', '2', '214');
INSERT INTO `attendance` VALUES ('3756', '2016-11-01', '2', '229');
INSERT INTO `attendance` VALUES ('3765', '2016-11-01', '2', '234');
INSERT INTO `attendance` VALUES ('3792', '2016-11-01', '2', '268');
INSERT INTO `attendance` VALUES ('3657', '2016-11-01', '2', '299');
INSERT INTO `attendance` VALUES ('3692', '2016-11-01', '2', '324');
INSERT INTO `attendance` VALUES ('3954', '2016-11-01', '3', '57');
INSERT INTO `attendance` VALUES ('4034', '2016-11-01', '3', '114');
INSERT INTO `attendance` VALUES ('3988', '2016-11-01', '3', '157');
INSERT INTO `attendance` VALUES ('3999', '2016-11-01', '3', '214');
INSERT INTO `attendance` VALUES ('4015', '2016-11-01', '3', '237');
INSERT INTO `attendance` VALUES ('3975', '2016-11-01', '3', '271');
INSERT INTO `attendance` VALUES ('3937', '2016-11-01', '3', '313');
INSERT INTO `attendance` VALUES ('3964', '2016-11-01', '3', '324');
INSERT INTO `attendance` VALUES ('4553', '2016-11-01', '4', '271');
INSERT INTO `attendance` VALUES ('4543', '2016-11-01', '4', '335');
INSERT INTO `attendance` VALUES ('4562', '2016-11-01', '4', '336');
INSERT INTO `attendance` VALUES ('4577', '2016-11-01', '4', '338');
INSERT INTO `attendance` VALUES ('4583', '2016-11-01', '4', '339');
INSERT INTO `attendance` VALUES ('4647', '2016-11-01', '5', '57');
INSERT INTO `attendance` VALUES ('4696', '2016-11-01', '5', '280');
INSERT INTO `attendance` VALUES ('4719', '2016-11-01', '5', '283');
INSERT INTO `attendance` VALUES ('3513', '2016-11-08', '1', '42');
INSERT INTO `attendance` VALUES ('3540', '2016-11-08', '1', '114');
INSERT INTO `attendance` VALUES ('3548', '2016-11-08', '1', '123');
INSERT INTO `attendance` VALUES ('3567', '2016-11-08', '1', '143');
INSERT INTO `attendance` VALUES ('3580', '2016-11-08', '1', '169');
INSERT INTO `attendance` VALUES ('3599', '2016-11-08', '1', '214');
INSERT INTO `attendance` VALUES ('3612', '2016-11-08', '1', '228');
INSERT INTO `attendance` VALUES ('3620', '2016-11-08', '1', '234');
INSERT INTO `attendance` VALUES ('3626', '2016-11-08', '1', '237');
INSERT INTO `attendance` VALUES ('3592', '2016-11-08', '1', '275');
INSERT INTO `attendance` VALUES ('3543', '2016-11-08', '1', '292');
INSERT INTO `attendance` VALUES ('3563', '2016-11-08', '1', '339');
INSERT INTO `attendance` VALUES ('3611', '2016-11-08', '1', '385');
INSERT INTO `attendance` VALUES ('3650', '2016-11-08', '2', '4');
INSERT INTO `attendance` VALUES ('3652', '2016-11-08', '2', '10');
INSERT INTO `attendance` VALUES ('3662', '2016-11-08', '2', '16');
INSERT INTO `attendance` VALUES ('3676', '2016-11-08', '2', '42');
INSERT INTO `attendance` VALUES ('3679', '2016-11-08', '2', '57');
INSERT INTO `attendance` VALUES ('3699', '2016-11-08', '2', '93');
INSERT INTO `attendance` VALUES ('3702', '2016-11-08', '2', '112');
INSERT INTO `attendance` VALUES ('3722', '2016-11-08', '2', '151');
INSERT INTO `attendance` VALUES ('3723', '2016-11-08', '2', '155');
INSERT INTO `attendance` VALUES ('3733', '2016-11-08', '2', '168');
INSERT INTO `attendance` VALUES ('3742', '2016-11-08', '2', '188');
INSERT INTO `attendance` VALUES ('3794', '2016-11-08', '2', '204');
INSERT INTO `attendance` VALUES ('3750', '2016-11-08', '2', '214');
INSERT INTO `attendance` VALUES ('3757', '2016-11-08', '2', '229');
INSERT INTO `attendance` VALUES ('3766', '2016-11-08', '2', '234');
INSERT INTO `attendance` VALUES ('3773', '2016-11-08', '2', '251');
INSERT INTO `attendance` VALUES ('3781', '2016-11-08', '2', '256');
INSERT INTO `attendance` VALUES ('3788', '2016-11-08', '2', '283');
INSERT INTO `attendance` VALUES ('3686', '2016-11-08', '2', '302');
INSERT INTO `attendance` VALUES ('3667', '2016-11-08', '2', '313');
INSERT INTO `attendance` VALUES ('3795', '2016-11-08', '2', '386');
INSERT INTO `attendance` VALUES ('4446', '2016-11-08', '4', '14');
INSERT INTO `attendance` VALUES ('4648', '2016-11-08', '5', '57');
INSERT INTO `attendance` VALUES ('4668', '2016-11-08', '5', '112');
INSERT INTO `attendance` VALUES ('4697', '2016-11-08', '5', '280');
INSERT INTO `attendance` VALUES ('4720', '2016-11-08', '5', '283');
INSERT INTO `attendance` VALUES ('3507', '2016-11-15', '1', '38');
INSERT INTO `attendance` VALUES ('3524', '2016-11-15', '1', '70');
INSERT INTO `attendance` VALUES ('3549', '2016-11-15', '1', '123');
INSERT INTO `attendance` VALUES ('3556', '2016-11-15', '1', '131');
INSERT INTO `attendance` VALUES ('3560', '2016-11-15', '1', '135');
INSERT INTO `attendance` VALUES ('3568', '2016-11-15', '1', '143');
INSERT INTO `attendance` VALUES ('3581', '2016-11-15', '1', '169');
INSERT INTO `attendance` VALUES ('3600', '2016-11-15', '1', '214');
INSERT INTO `attendance` VALUES ('3608', '2016-11-15', '1', '227');
INSERT INTO `attendance` VALUES ('3621', '2016-11-15', '1', '234');
INSERT INTO `attendance` VALUES ('3629', '2016-11-15', '1', '247');
INSERT INTO `attendance` VALUES ('3643', '2016-11-15', '1', '283');
INSERT INTO `attendance` VALUES ('3532', '2016-11-15', '1', '355');
INSERT INTO `attendance` VALUES ('3680', '2016-11-15', '2', '57');
INSERT INTO `attendance` VALUES ('3700', '2016-11-15', '2', '93');
INSERT INTO `attendance` VALUES ('3712', '2016-11-15', '2', '135');
INSERT INTO `attendance` VALUES ('3728', '2016-11-15', '2', '157');
INSERT INTO `attendance` VALUES ('3739', '2016-11-15', '2', '183');
INSERT INTO `attendance` VALUES ('3743', '2016-11-15', '2', '188');
INSERT INTO `attendance` VALUES ('3751', '2016-11-15', '2', '214');
INSERT INTO `attendance` VALUES ('3758', '2016-11-15', '2', '229');
INSERT INTO `attendance` VALUES ('3774', '2016-11-15', '2', '251');
INSERT INTO `attendance` VALUES ('3777', '2016-11-15', '2', '255');
INSERT INTO `attendance` VALUES ('3789', '2016-11-15', '2', '283');
INSERT INTO `attendance` VALUES ('3658', '2016-11-15', '2', '299');
INSERT INTO `attendance` VALUES ('3668', '2016-11-15', '2', '313');
INSERT INTO `attendance` VALUES ('3693', '2016-11-15', '2', '324');
INSERT INTO `attendance` VALUES ('3796', '2016-11-15', '2', '383');
INSERT INTO `attendance` VALUES ('4649', '2016-11-15', '5', '57');
INSERT INTO `attendance` VALUES ('4669', '2016-11-15', '5', '112');
INSERT INTO `attendance` VALUES ('4698', '2016-11-15', '5', '280');
INSERT INTO `attendance` VALUES ('4721', '2016-11-15', '5', '283');
INSERT INTO `attendance` VALUES ('4936', '2016-11-18', '7', '114');
INSERT INTO `attendance` VALUES ('4937', '2016-11-18', '7', '123');
INSERT INTO `attendance` VALUES ('4942', '2016-11-18', '7', '169');
INSERT INTO `attendance` VALUES ('4943', '2016-11-18', '7', '231');
INSERT INTO `attendance` VALUES ('4939', '2016-11-18', '7', '234');
INSERT INTO `attendance` VALUES ('4938', '2016-11-18', '7', '237');
INSERT INTO `attendance` VALUES ('4935', '2016-11-18', '7', '256');
INSERT INTO `attendance` VALUES ('4940', '2016-11-18', '7', '273');
INSERT INTO `attendance` VALUES ('4941', '2016-11-18', '7', '302');
INSERT INTO `attendance` VALUES ('4934', '2016-11-18', '7', '324');
INSERT INTO `attendance` VALUES ('3502', '2016-11-22', '1', '14');
INSERT INTO `attendance` VALUES ('3514', '2016-11-22', '1', '42');
INSERT INTO `attendance` VALUES ('3538', '2016-11-22', '1', '112');
INSERT INTO `attendance` VALUES ('3541', '2016-11-22', '1', '114');
INSERT INTO `attendance` VALUES ('3550', '2016-11-22', '1', '123');
INSERT INTO `attendance` VALUES ('3561', '2016-11-22', '1', '135');
INSERT INTO `attendance` VALUES ('3569', '2016-11-22', '1', '143');
INSERT INTO `attendance` VALUES ('3582', '2016-11-22', '1', '169');
INSERT INTO `attendance` VALUES ('3601', '2016-11-22', '1', '214');
INSERT INTO `attendance` VALUES ('3609', '2016-11-22', '1', '227');
INSERT INTO `attendance` VALUES ('3614', '2016-11-22', '1', '231');
INSERT INTO `attendance` VALUES ('3622', '2016-11-22', '1', '234');
INSERT INTO `attendance` VALUES ('3627', '2016-11-22', '1', '237');
INSERT INTO `attendance` VALUES ('3633', '2016-11-22', '1', '255');
INSERT INTO `attendance` VALUES ('3635', '2016-11-22', '1', '256');
INSERT INTO `attendance` VALUES ('3520', '2016-11-22', '1', '273');
INSERT INTO `attendance` VALUES ('3644', '2016-11-22', '1', '283');
INSERT INTO `attendance` VALUES ('3527', '2016-11-22', '1', '302');
INSERT INTO `attendance` VALUES ('3529', '2016-11-22', '1', '324');
INSERT INTO `attendance` VALUES ('3653', '2016-11-22', '2', '10');
INSERT INTO `attendance` VALUES ('3798', '2016-11-22', '2', '114');
INSERT INTO `attendance` VALUES ('3707', '2016-11-22', '2', '123');
INSERT INTO `attendance` VALUES ('3735', '2016-11-22', '2', '169');
INSERT INTO `attendance` VALUES ('3797', '2016-11-22', '2', '177');
INSERT INTO `attendance` VALUES ('3760', '2016-11-22', '2', '230');
INSERT INTO `attendance` VALUES ('3761', '2016-11-22', '2', '231');
INSERT INTO `attendance` VALUES ('3763', '2016-11-22', '2', '233');
INSERT INTO `attendance` VALUES ('3767', '2016-11-22', '2', '234');
INSERT INTO `attendance` VALUES ('3769', '2016-11-22', '2', '237');
INSERT INTO `attendance` VALUES ('3782', '2016-11-22', '2', '256');
INSERT INTO `attendance` VALUES ('3711', '2016-11-22', '2', '271');
INSERT INTO `attendance` VALUES ('3682', '2016-11-22', '2', '273');
INSERT INTO `attendance` VALUES ('3687', '2016-11-22', '2', '302');
INSERT INTO `attendance` VALUES ('3669', '2016-11-22', '2', '313');
INSERT INTO `attendance` VALUES ('3694', '2016-11-22', '2', '324');
INSERT INTO `attendance` VALUES ('3583', '2016-11-29', '1', '169');
INSERT INTO `attendance` VALUES ('3613', '2016-11-29', '1', '230');
INSERT INTO `attendance` VALUES ('3623', '2016-11-29', '1', '234');
INSERT INTO `attendance` VALUES ('3494', '2016-12-01', '1', '4');
INSERT INTO `attendance` VALUES ('3508', '2016-12-01', '1', '38');
INSERT INTO `attendance` VALUES ('3515', '2016-12-01', '1', '42');
INSERT INTO `attendance` VALUES ('3535', '2016-12-01', '1', '106');
INSERT INTO `attendance` VALUES ('3557', '2016-12-01', '1', '131');
INSERT INTO `attendance` VALUES ('3562', '2016-12-01', '1', '135');
INSERT INTO `attendance` VALUES ('3602', '2016-12-01', '1', '214');
INSERT INTO `attendance` VALUES ('3638', '2016-12-01', '1', '259');
INSERT INTO `attendance` VALUES ('3544', '2016-12-01', '1', '292');
INSERT INTO `attendance` VALUES ('3647', '2016-12-01', '1', '329');
INSERT INTO `attendance` VALUES ('3677', '2016-12-01', '2', '42');
INSERT INTO `attendance` VALUES ('3681', '2016-12-01', '2', '57');
INSERT INTO `attendance` VALUES ('3703', '2016-12-01', '2', '112');
INSERT INTO `attendance` VALUES ('3717', '2016-12-01', '2', '143');
INSERT INTO `attendance` VALUES ('3729', '2016-12-01', '2', '157');
INSERT INTO `attendance` VALUES ('3744', '2016-12-01', '2', '188');
INSERT INTO `attendance` VALUES ('3752', '2016-12-01', '2', '214');
INSERT INTO `attendance` VALUES ('3770', '2016-12-01', '2', '237');
INSERT INTO `attendance` VALUES ('3778', '2016-12-01', '2', '255');
INSERT INTO `attendance` VALUES ('3790', '2016-12-01', '2', '283');
INSERT INTO `attendance` VALUES ('3688', '2016-12-01', '2', '302');
INSERT INTO `attendance` VALUES ('3670', '2016-12-01', '2', '313');
INSERT INTO `attendance` VALUES ('3695', '2016-12-01', '2', '324');
INSERT INTO `attendance` VALUES ('3793', '2016-12-01', '2', '329');
INSERT INTO `attendance` VALUES ('3926', '2016-12-01', '3', '4');
INSERT INTO `attendance` VALUES ('3969', '2016-12-01', '3', '112');
INSERT INTO `attendance` VALUES ('3989', '2016-12-01', '3', '157');
INSERT INTO `attendance` VALUES ('4000', '2016-12-01', '3', '214');
INSERT INTO `attendance` VALUES ('4012', '2016-12-01', '3', '234');
INSERT INTO `attendance` VALUES ('4016', '2016-12-01', '3', '237');
INSERT INTO `attendance` VALUES ('4023', '2016-12-01', '3', '255');
INSERT INTO `attendance` VALUES ('4031', '2016-12-01', '3', '283');
INSERT INTO `attendance` VALUES ('3938', '2016-12-01', '3', '313');
INSERT INTO `attendance` VALUES ('3965', '2016-12-01', '3', '324');
INSERT INTO `attendance` VALUES ('4035', '2016-12-01', '3', '382');
INSERT INTO `attendance` VALUES ('4447', '2016-12-01', '4', '14');
INSERT INTO `attendance` VALUES ('4699', '2016-12-01', '5', '280');
INSERT INTO `attendance` VALUES ('4722', '2016-12-01', '5', '283');
INSERT INTO `attendance` VALUES ('4899', '2016-12-01', '9', '57');
INSERT INTO `attendance` VALUES ('4913', '2016-12-01', '9', '157');
INSERT INTO `attendance` VALUES ('4911', '2016-12-01', '9', '214');
INSERT INTO `attendance` VALUES ('4914', '2016-12-01', '9', '234');
INSERT INTO `attendance` VALUES ('4912', '2016-12-01', '9', '237');
INSERT INTO `attendance` VALUES ('4904', '2016-12-01', '9', '280');
INSERT INTO `attendance` VALUES ('4910', '2016-12-01', '9', '283');
INSERT INTO `attendance` VALUES ('4909', '2016-12-01', '9', '324');
INSERT INTO `attendance` VALUES ('3525', '2016-12-08', '1', '70');
INSERT INTO `attendance` VALUES ('3551', '2016-12-08', '1', '123');
INSERT INTO `attendance` VALUES ('3570', '2016-12-08', '1', '143');
INSERT INTO `attendance` VALUES ('3584', '2016-12-08', '1', '169');
INSERT INTO `attendance` VALUES ('3603', '2016-12-08', '1', '214');
INSERT INTO `attendance` VALUES ('3624', '2016-12-08', '1', '234');
INSERT INTO `attendance` VALUES ('3634', '2016-12-08', '1', '255');
INSERT INTO `attendance` VALUES ('3521', '2016-12-08', '1', '273');
INSERT INTO `attendance` VALUES ('3645', '2016-12-08', '1', '283');
INSERT INTO `attendance` VALUES ('3651', '2016-12-08', '2', '4');
INSERT INTO `attendance` VALUES ('3704', '2016-12-08', '2', '112');
INSERT INTO `attendance` VALUES ('3730', '2016-12-08', '2', '157');
INSERT INTO `attendance` VALUES ('3740', '2016-12-08', '2', '183');
INSERT INTO `attendance` VALUES ('3753', '2016-12-08', '2', '214');
INSERT INTO `attendance` VALUES ('3768', '2016-12-08', '2', '234');
INSERT INTO `attendance` VALUES ('3771', '2016-12-08', '2', '237');
INSERT INTO `attendance` VALUES ('3779', '2016-12-08', '2', '255');
INSERT INTO `attendance` VALUES ('3783', '2016-12-08', '2', '256');
INSERT INTO `attendance` VALUES ('3791', '2016-12-08', '2', '283');
INSERT INTO `attendance` VALUES ('3671', '2016-12-08', '2', '313');
INSERT INTO `attendance` VALUES ('3696', '2016-12-08', '2', '324');
INSERT INTO `attendance` VALUES ('3799', '2016-12-08', '2', '382');
INSERT INTO `attendance` VALUES ('3509', '2016-12-15', '1', '38');
INSERT INTO `attendance` VALUES ('3516', '2016-12-15', '1', '42');
INSERT INTO `attendance` VALUES ('3518', '2016-12-15', '1', '65');
INSERT INTO `attendance` VALUES ('3536', '2016-12-15', '1', '106');
INSERT INTO `attendance` VALUES ('3571', '2016-12-15', '1', '143');
INSERT INTO `attendance` VALUES ('3585', '2016-12-15', '1', '169');
INSERT INTO `attendance` VALUES ('3604', '2016-12-15', '1', '224');
INSERT INTO `attendance` VALUES ('3625', '2016-12-15', '1', '234');
INSERT INTO `attendance` VALUES ('3630', '2016-12-15', '1', '247');
INSERT INTO `attendance` VALUES ('3646', '2016-12-15', '1', '283');
INSERT INTO `attendance` VALUES ('3734', '2016-12-15', '2', '168');
INSERT INTO `attendance` VALUES ('3697', '2016-12-15', '2', '324');
INSERT INTO `attendance` VALUES ('3495', '2016-12-22', '1', '4');
INSERT INTO `attendance` VALUES ('3526', '2016-12-22', '1', '70');
INSERT INTO `attendance` VALUES ('3539', '2016-12-22', '1', '112');
INSERT INTO `attendance` VALUES ('3542', '2016-12-22', '1', '114');
INSERT INTO `attendance` VALUES ('3648', '2016-12-22', '1', '168');
INSERT INTO `attendance` VALUES ('3586', '2016-12-22', '1', '169');
INSERT INTO `attendance` VALUES ('3589', '2016-12-22', '1', '179');
INSERT INTO `attendance` VALUES ('3590', '2016-12-22', '1', '186');
INSERT INTO `attendance` VALUES ('3610', '2016-12-22', '1', '227');
INSERT INTO `attendance` VALUES ('3496', '2016-12-22', '1', '276');
INSERT INTO `attendance` VALUES ('3530', '2016-12-22', '1', '324');
INSERT INTO `attendance` VALUES ('3574', '2016-12-22', '1', '332');
INSERT INTO `attendance` VALUES ('3443', '2017-04-08', '2', '4');
INSERT INTO `attendance` VALUES ('3442', '2017-04-08', '2', '15');
INSERT INTO `attendance` VALUES ('3441', '2017-04-08', '2', '19');
INSERT INTO `attendance` VALUES ('3425', '2017-04-08', '2', '38');
INSERT INTO `attendance` VALUES ('3426', '2017-04-08', '2', '43');
INSERT INTO `attendance` VALUES ('3439', '2017-04-08', '2', '57');
INSERT INTO `attendance` VALUES ('3438', '2017-04-08', '2', '93');
INSERT INTO `attendance` VALUES ('3427', '2017-04-08', '2', '104');
INSERT INTO `attendance` VALUES ('3437', '2017-04-08', '2', '112');
INSERT INTO `attendance` VALUES ('3436', '2017-04-08', '2', '136');
INSERT INTO `attendance` VALUES ('3435', '2017-04-08', '2', '137');
INSERT INTO `attendance` VALUES ('3434', '2017-04-08', '2', '143');
INSERT INTO `attendance` VALUES ('3428', '2017-04-08', '2', '176');
INSERT INTO `attendance` VALUES ('3429', '2017-04-08', '2', '186');
INSERT INTO `attendance` VALUES ('3433', '2017-04-08', '2', '234');
INSERT INTO `attendance` VALUES ('3432', '2017-04-08', '2', '283');
INSERT INTO `attendance` VALUES ('3424', '2017-04-08', '2', '299');
INSERT INTO `attendance` VALUES ('3440', '2017-04-08', '2', '323');
INSERT INTO `attendance` VALUES ('3430', '2017-04-08', '2', '371');
INSERT INTO `attendance` VALUES ('3431', '2017-04-08', '2', '372');
INSERT INTO `attendance` VALUES ('3451', '2017-04-15', '2', '40');
INSERT INTO `attendance` VALUES ('3456', '2017-04-15', '2', '43');
INSERT INTO `attendance` VALUES ('3460', '2017-04-15', '2', '93');
INSERT INTO `attendance` VALUES ('3453', '2017-04-15', '2', '114');
INSERT INTO `attendance` VALUES ('3459', '2017-04-15', '2', '136');
INSERT INTO `attendance` VALUES ('3458', '2017-04-15', '2', '143');
INSERT INTO `attendance` VALUES ('3462', '2017-04-15', '2', '151');
INSERT INTO `attendance` VALUES ('3454', '2017-04-15', '2', '179');
INSERT INTO `attendance` VALUES ('3465', '2017-04-15', '2', '233');
INSERT INTO `attendance` VALUES ('3466', '2017-04-15', '2', '237');
INSERT INTO `attendance` VALUES ('3467', '2017-04-15', '2', '283');
INSERT INTO `attendance` VALUES ('3463', '2017-04-15', '2', '298');
INSERT INTO `attendance` VALUES ('3455', '2017-04-15', '2', '299');
INSERT INTO `attendance` VALUES ('3461', '2017-04-15', '2', '302');
INSERT INTO `attendance` VALUES ('3450', '2017-04-15', '2', '336');
INSERT INTO `attendance` VALUES ('3457', '2017-04-15', '2', '371');
INSERT INTO `attendance` VALUES ('3452', '2017-04-15', '2', '373');
INSERT INTO `attendance` VALUES ('3464', '2017-04-15', '2', '374');
INSERT INTO `attendance` VALUES ('3476', '2017-04-22', '2', '10');
INSERT INTO `attendance` VALUES ('3473', '2017-04-22', '2', '19');
INSERT INTO `attendance` VALUES ('3475', '2017-04-22', '2', '42');
INSERT INTO `attendance` VALUES ('3472', '2017-04-22', '2', '57');
INSERT INTO `attendance` VALUES ('3470', '2017-04-22', '2', '93');
INSERT INTO `attendance` VALUES ('3471', '2017-04-22', '2', '112');
INSERT INTO `attendance` VALUES ('3469', '2017-04-22', '2', '114');
INSERT INTO `attendance` VALUES ('3481', '2017-04-22', '2', '118');
INSERT INTO `attendance` VALUES ('3482', '2017-04-22', '2', '137');
INSERT INTO `attendance` VALUES ('3483', '2017-04-22', '2', '143');
INSERT INTO `attendance` VALUES ('3484', '2017-04-22', '2', '151');
INSERT INTO `attendance` VALUES ('3485', '2017-04-22', '2', '157');
INSERT INTO `attendance` VALUES ('3486', '2017-04-22', '2', '176');
INSERT INTO `attendance` VALUES ('3487', '2017-04-22', '2', '233');
INSERT INTO `attendance` VALUES ('3488', '2017-04-22', '2', '237');
INSERT INTO `attendance` VALUES ('3489', '2017-04-22', '2', '256');
INSERT INTO `attendance` VALUES ('3474', '2017-04-22', '2', '324');
INSERT INTO `attendance` VALUES ('3468', '2017-04-22', '2', '336');
INSERT INTO `attendance` VALUES ('3478', '2017-04-22', '2', '337');
INSERT INTO `attendance` VALUES ('3480', '2017-04-22', '2', '369');
INSERT INTO `attendance` VALUES ('3477', '2017-04-22', '2', '375');
INSERT INTO `attendance` VALUES ('3479', '2017-04-22', '2', '376');

-- ----------------------------
-- Table structure for center
-- ----------------------------
DROP TABLE IF EXISTS `center`;
CREATE TABLE `center` (
  `id` bigint(20) NOT NULL AUTO_INCREMENT,
  `description` varchar(255) DEFAULT NULL,
  `name` varchar(255) DEFAULT NULL,
  `owner_id` bigint(20) DEFAULT NULL,
  PRIMARY KEY (`id`),
  KEY `FKcpusgqdg7aksfksddribt6s39` (`owner_id`) USING BTREE,
  CONSTRAINT `center_ibfk_1` FOREIGN KEY (`owner_id`) REFERENCES `user` (`id`)
) ENGINE=InnoDB AUTO_INCREMENT=2 DEFAULT CHARSET=latin1;

-- ----------------------------
-- Records of center
-- ----------------------------
INSERT INTO `center` VALUES ('1', 'Centro Cultural Esplanada', 'cce', '1');

-- ----------------------------
-- Table structure for output_view
-- ----------------------------
DROP TABLE IF EXISTS `output_view`;
CREATE TABLE `output_view` (
  `id` bigint(20) NOT NULL AUTO_INCREMENT,
  `execution_status` varchar(255) DEFAULT NULL,
  `execution_time` datetime DEFAULT NULL,
  `formatcsv` bit(1) NOT NULL,
  `format_excel` bit(1) NOT NULL,
  `name` varchar(255) DEFAULT NULL,
  PRIMARY KEY (`id`)
) ENGINE=InnoDB AUTO_INCREMENT=3 DEFAULT CHARSET=latin1;

-- ----------------------------
-- Records of output_view
-- ----------------------------
INSERT INTO `output_view` VALUES ('1', '2899 Records', '2017-05-14 18:35:24', '', '', 'vw_1_attendance');
INSERT INTO `output_view` VALUES ('2', '366 Records', '2017-05-14 18:35:27', '', '', 'vw_1_4_meses');

-- ----------------------------
-- Table structure for person
-- ----------------------------
DROP TABLE IF EXISTS `person`;
CREATE TABLE `person` (
  `id` bigint(20) NOT NULL AUTO_INCREMENT,
  `center_id` bigint(20) DEFAULT NULL,
  `name` varchar(255) DEFAULT NULL,
  `short_name` varchar(255) DEFAULT NULL,
  `birthday` date DEFAULT NULL,
  `phone` varchar(255) DEFAULT NULL,
  `email` varchar(255) DEFAULT NULL,
  `check_colegial` bit(1) NOT NULL,
  `check_universitario` bit(1) NOT NULL,
  `status` int(11) DEFAULT NULL,
  `tag1` varchar(255) DEFAULT NULL,
  `tag2` varchar(255) DEFAULT NULL,
  `tag3` varchar(255) DEFAULT NULL,
  `tag4` varchar(255) DEFAULT NULL,
  `check_contribui` bit(1) NOT NULL,
  `check_contribui_value` decimal(19,2) DEFAULT NULL,
  `check_cooperador` bit(1) NOT NULL,
  `check_cooperador_date` date DEFAULT NULL,
  `check_estudante_mail` bit(1) NOT NULL,
  `check_estudante_mail_date` date DEFAULT NULL,
  `check_estudantewa` bit(1) NOT NULL,
  `check_estudantewadate` date DEFAULT NULL,
  `check_profissional_mail` bit(1) NOT NULL,
  `check_profissional_mail_date` date DEFAULT NULL,
  `check_profissionalwa` bit(1) NOT NULL,
  `check_profissionalwadate` date DEFAULT NULL,
  PRIMARY KEY (`id`),
  UNIQUE KEY `UC_Person` (`center_id`,`name`),
  KEY `FKrfgxbh7txji5w5xtxbfffgrji` (`center_id`) USING BTREE,
  CONSTRAINT `person_ibfk_1` FOREIGN KEY (`center_id`) REFERENCES `center` (`id`)
) ENGINE=InnoDB AUTO_INCREMENT=387 DEFAULT CHARSET=latin1;

-- ----------------------------
-- Records of person
-- ----------------------------
INSERT INTO `person` VALUES ('1', '1', 'Adailton', null, null, null, null, '\0', '\0', null, null, null, null, null, '\0', null, '\0', null, '\0', null, '\0', null, '\0', null, '\0', null);
INSERT INTO `person` VALUES ('2', '1', 'Afonso Alves', null, null, null, null, '\0', '\0', null, null, null, null, null, '\0', '0.00', '\0', null, '\0', null, '', '2016-05-19', '\0', null, '\0', null);
INSERT INTO `person` VALUES ('3', '1', 'Agnaldo Luiz Cunha', null, null, null, null, '\0', '\0', null, null, null, null, null, '\0', null, '\0', null, '\0', null, '\0', null, '\0', null, '\0', null);
INSERT INTO `person` VALUES ('4', '1', 'Alan Nelson Gusmão Freitas', null, null, null, null, '\0', '\0', null, null, null, null, null, '\0', null, '\0', null, '\0', null, '', '2016-05-05', '\0', null, '\0', null);
INSERT INTO `person` VALUES ('5', '1', 'Alessandro José Faria', null, null, null, null, '\0', '\0', null, null, null, null, null, '\0', null, '\0', null, '\0', null, '\0', null, '\0', null, '\0', null);
INSERT INTO `person` VALUES ('6', '1', 'Alexander Rafael Gonçalves', null, null, null, null, '\0', '\0', null, null, null, null, null, '\0', null, '\0', null, '\0', null, '\0', null, '\0', null, '\0', null);
INSERT INTO `person` VALUES ('7', '1', 'Alexandre Alli', null, null, null, null, '\0', '\0', null, null, null, null, null, '\0', null, '\0', null, '\0', null, '\0', null, '\0', null, '\0', null);
INSERT INTO `person` VALUES ('8', '1', 'Alexandre Macedo', null, null, null, null, '\0', '\0', null, null, null, null, null, '\0', null, '\0', null, '\0', null, '\0', null, '\0', null, '\0', null);
INSERT INTO `person` VALUES ('9', '1', 'Alison', null, null, null, null, '\0', '\0', null, null, null, null, null, '\0', null, '\0', null, '\0', null, '\0', null, '\0', null, '\0', null);
INSERT INTO `person` VALUES ('10', '1', 'Anderson Valões Silva', null, null, null, null, '\0', '\0', null, null, null, null, null, '\0', null, '\0', null, '\0', null, '', '2016-05-05', '\0', null, '\0', null);
INSERT INTO `person` VALUES ('11', '1', 'André Saraiva', null, null, null, null, '\0', '\0', null, null, null, null, null, '\0', null, '\0', null, '\0', null, '', '2016-08-25', '\0', null, '\0', null);
INSERT INTO `person` VALUES ('12', '1', 'Armando de Sousa', null, null, null, null, '\0', '\0', null, null, null, null, null, '\0', null, '\0', null, '\0', null, '\0', null, '\0', null, '\0', null);
INSERT INTO `person` VALUES ('13', '1', 'Artur', null, null, null, null, '\0', '\0', null, null, null, null, null, '\0', null, '\0', null, '\0', null, '\0', null, '\0', null, '\0', null);
INSERT INTO `person` VALUES ('14', '1', 'Atos Anael Moraes', null, null, null, null, '\0', '\0', null, null, null, null, null, '\0', null, '\0', null, '\0', null, '', '2016-08-18', '\0', null, '\0', null);
INSERT INTO `person` VALUES ('15', '1', 'Bernardo Alvim', null, null, null, null, '\0', '\0', null, null, null, null, null, '\0', null, '\0', null, '\0', null, '', '2016-05-05', '\0', null, '\0', null);
INSERT INTO `person` VALUES ('16', '1', 'Bráulio Uchoa', null, null, null, null, '\0', '\0', null, null, null, null, null, '\0', null, '\0', null, '\0', null, '', '2016-05-05', '\0', null, '\0', null);
INSERT INTO `person` VALUES ('17', '1', 'Bruno Bueno', null, null, null, null, '\0', '\0', null, null, null, null, null, '\0', null, '\0', null, '\0', null, '\0', null, '\0', null, '\0', null);
INSERT INTO `person` VALUES ('18', '1', 'Bruno César Muniz de Oliveira', null, null, null, null, '\0', '\0', null, null, null, null, null, '\0', null, '\0', null, '\0', null, '\0', null, '\0', null, '\0', null);
INSERT INTO `person` VALUES ('19', '1', 'Bruno de Morais', null, null, null, null, '\0', '\0', null, null, null, null, null, '\0', null, '\0', null, '\0', null, '\0', null, '\0', null, '\0', null);
INSERT INTO `person` VALUES ('20', '1', 'Bruno Machado', null, null, null, null, '\0', '\0', null, null, null, null, null, '\0', null, '\0', null, '\0', null, '\0', null, '\0', null, '\0', null);
INSERT INTO `person` VALUES ('21', '1', 'Bruno Vianna', null, null, null, null, '\0', '\0', null, null, null, null, null, '\0', null, '\0', null, '\0', null, '\0', null, '\0', null, '\0', null);
INSERT INTO `person` VALUES ('22', '1', 'Cainã de Souza Oliveira', null, null, null, null, '\0', '\0', null, null, null, null, null, '\0', null, '\0', null, '\0', null, '\0', null, '\0', null, '\0', null);
INSERT INTO `person` VALUES ('23', '1', 'Caio Monteiro', null, null, null, null, '\0', '\0', null, null, null, null, null, '\0', null, '\0', null, '\0', null, '', '2016-05-05', '\0', null, '\0', null);
INSERT INTO `person` VALUES ('24', '1', 'Carlos Alexandre Leite', null, null, null, null, '\0', '\0', null, null, null, null, null, '\0', null, '\0', null, '\0', null, '\0', null, '\0', null, '\0', null);
INSERT INTO `person` VALUES ('25', '1', 'Carlos Bruno', null, null, null, null, '\0', '\0', null, null, null, null, null, '\0', null, '\0', null, '\0', null, '\0', null, '\0', null, '\0', null);
INSERT INTO `person` VALUES ('26', '1', 'Carlos Henrique Bernardes', null, null, null, null, '\0', '\0', null, null, null, null, null, '\0', null, '\0', null, '\0', null, '\0', null, '\0', null, '\0', null);
INSERT INTO `person` VALUES ('27', '1', 'Carlos Henrique Souza', null, null, null, null, '\0', '\0', null, null, null, null, null, '\0', null, '\0', null, '\0', null, '\0', null, '\0', null, '\0', null);
INSERT INTO `person` VALUES ('28', '1', 'Carlos Rufino', null, null, null, null, '\0', '\0', null, null, null, null, null, '\0', null, '\0', null, '\0', null, '', '2016-05-19', '\0', null, '\0', null);
INSERT INTO `person` VALUES ('29', '1', 'Carlos Seki', null, null, null, null, '\0', '\0', null, null, null, null, null, '\0', null, '\0', null, '\0', null, '', '2016-05-05', '\0', null, '\0', null);
INSERT INTO `person` VALUES ('30', '1', 'Celso Felix', null, null, null, null, '\0', '\0', null, null, null, null, null, '\0', null, '\0', null, '\0', null, '\0', null, '\0', null, '\0', null);
INSERT INTO `person` VALUES ('31', '1', 'Daniel Carlos', null, null, null, null, '\0', '\0', null, null, null, null, null, '\0', null, '\0', null, '\0', null, '\0', null, '\0', null, '\0', null);
INSERT INTO `person` VALUES ('32', '1', 'Daniel de Lima Batista', null, null, null, null, '\0', '\0', null, null, null, null, null, '\0', null, '\0', null, '\0', null, '\0', null, '\0', null, '\0', null);
INSERT INTO `person` VALUES ('33', '1', 'Danilo Elias da Silva', null, null, null, null, '\0', '\0', null, null, null, null, null, '\0', null, '\0', null, '\0', null, '\0', null, '\0', null, '\0', null);
INSERT INTO `person` VALUES ('34', '1', 'Danilo Fonseca Martins', null, null, null, null, '\0', '\0', null, null, null, null, null, '\0', null, '\0', null, '\0', null, '', '2016-05-05', '\0', null, '\0', null);
INSERT INTO `person` VALUES ('35', '1', 'Davi (ITA)', null, null, null, null, '\0', '\0', null, null, null, null, null, '\0', null, '\0', null, '\0', null, '\0', null, '\0', null, '\0', null);
INSERT INTO `person` VALUES ('36', '1', 'Davi Lima de Mesquita', null, null, null, null, '\0', '\0', null, null, null, null, null, '\0', null, '\0', null, '\0', null, '', '2016-05-05', '\0', null, '\0', null);
INSERT INTO `person` VALUES ('37', '1', 'Davi Ramos de Araújo', null, null, null, null, '\0', '\0', null, null, null, null, null, '\0', null, '\0', null, '\0', null, '\0', null, '\0', null, '\0', null);
INSERT INTO `person` VALUES ('38', '1', 'David Amorim Serpa dos Santos', null, null, null, null, '\0', '\0', null, null, null, null, null, '\0', null, '\0', null, '\0', null, '', '2016-05-05', '\0', null, '\0', null);
INSERT INTO `person` VALUES ('39', '1', 'David Mendonça', null, null, null, null, '\0', '\0', null, null, null, null, null, '\0', null, '\0', null, '\0', null, '\0', null, '\0', null, '\0', null);
INSERT INTO `person` VALUES ('40', '1', 'David Nogueira', null, null, null, null, '\0', '\0', null, null, null, null, null, '\0', null, '\0', null, '\0', null, '', '2016-05-05', '\0', null, '\0', null);
INSERT INTO `person` VALUES ('41', '1', 'Denis Ogassawara', null, null, null, null, '\0', '\0', null, null, null, null, null, '\0', null, '\0', null, '\0', null, '', '2016-05-19', '\0', null, '\0', null);
INSERT INTO `person` VALUES ('42', '1', 'Diogo Ramos', null, null, null, null, '\0', '\0', null, null, null, null, null, '\0', null, '\0', null, '\0', null, '', '2016-08-17', '\0', null, '\0', null);
INSERT INTO `person` VALUES ('43', '1', 'Donizete Santana', null, null, null, null, '\0', '\0', null, null, null, null, null, '\0', null, '\0', null, '\0', null, '', '2016-06-29', '\0', null, '\0', null);
INSERT INTO `person` VALUES ('44', '1', 'Douglas Abreu', null, null, null, null, '\0', '\0', null, null, null, null, null, '\0', null, '\0', null, '\0', null, '\0', null, '\0', null, '\0', null);
INSERT INTO `person` VALUES ('45', '1', 'Douglas Felix', null, null, null, null, '\0', '\0', null, null, null, null, null, '\0', null, '\0', null, '\0', null, '\0', null, '\0', null, '\0', null);
INSERT INTO `person` VALUES ('46', '1', 'Douglas Nishiama', null, null, null, null, '\0', '\0', null, null, null, null, null, '\0', null, '\0', null, '\0', null, '\0', null, '\0', null, '\0', null);
INSERT INTO `person` VALUES ('47', '1', 'Edgar Peixoto', null, null, null, null, '\0', '\0', null, null, null, null, null, '\0', null, '\0', null, '\0', null, '\0', null, '\0', null, '\0', null);
INSERT INTO `person` VALUES ('48', '1', 'Eduardo Carvalho', null, null, null, null, '\0', '\0', null, null, null, null, null, '\0', null, '\0', null, '\0', null, '\0', null, '\0', null, '\0', null);
INSERT INTO `person` VALUES ('49', '1', 'Eduardo da Silva', null, null, null, null, '\0', '\0', null, null, null, null, null, '\0', null, '\0', null, '\0', null, '\0', null, '\0', null, '\0', null);
INSERT INTO `person` VALUES ('50', '1', 'Eduardo Facadio', null, null, null, null, '\0', '\0', null, null, null, null, null, '\0', null, '\0', null, '\0', null, '\0', null, '\0', null, '\0', null);
INSERT INTO `person` VALUES ('51', '1', 'Eduardo Grespan', null, null, null, null, '\0', '\0', null, null, null, null, null, '\0', null, '\0', null, '\0', null, '\0', null, '\0', null, '\0', null);
INSERT INTO `person` VALUES ('52', '1', 'Eduardo Longhini', null, null, null, null, '\0', '\0', null, null, null, null, null, '\0', null, '\0', null, '\0', null, '', '2016-05-05', '\0', null, '\0', null);
INSERT INTO `person` VALUES ('53', '1', 'Eduardo Rogério de Lima', null, null, null, null, '\0', '\0', null, null, null, null, null, '\0', null, '\0', null, '\0', null, '\0', null, '\0', null, '\0', null);
INSERT INTO `person` VALUES ('54', '1', 'Elton Gomes', null, null, null, null, '\0', '\0', null, null, null, null, null, '\0', null, '\0', null, '\0', null, '', '2016-05-19', '\0', null, '\0', null);
INSERT INTO `person` VALUES ('55', '1', 'Enzo Ribeiro', null, null, null, null, '\0', '\0', null, null, null, null, null, '\0', null, '\0', null, '\0', null, '\0', null, '\0', null, '\0', null);
INSERT INTO `person` VALUES ('56', '1', 'Eric Gomes Conrado', null, null, null, null, '\0', '\0', null, null, null, null, null, '\0', null, '\0', null, '\0', null, '\0', null, '\0', null, '\0', null);
INSERT INTO `person` VALUES ('57', '1', 'Erick Gonçalves de Lima', null, null, null, null, '\0', '\0', null, null, null, null, null, '\0', null, '\0', null, '\0', null, '', '2016-05-05', '\0', null, '\0', null);
INSERT INTO `person` VALUES ('58', '1', 'Erick Silva', null, null, null, null, '\0', '\0', null, null, null, null, null, '\0', null, '\0', null, '\0', null, '\0', null, '\0', null, '\0', null);
INSERT INTO `person` VALUES ('59', '1', 'Ernesto Resende', null, null, null, null, '\0', '\0', null, null, null, null, null, '\0', null, '\0', null, '\0', null, '\0', null, '\0', null, '\0', null);
INSERT INTO `person` VALUES ('60', '1', 'Fabiano Carvalho de Oliveira', null, null, null, null, '\0', '\0', null, null, null, null, null, '\0', null, '\0', null, '\0', null, '\0', null, '\0', null, '\0', null);
INSERT INTO `person` VALUES ('61', '1', 'Fabiano Dias', null, null, null, null, '\0', '\0', null, null, null, null, null, '\0', null, '\0', null, '\0', null, '\0', null, '\0', null, '\0', null);
INSERT INTO `person` VALUES ('62', '1', 'Fábio de Mello', null, null, null, null, '\0', '\0', null, null, null, null, null, '\0', null, '\0', null, '\0', null, '\0', null, '\0', null, '\0', null);
INSERT INTO `person` VALUES ('63', '1', 'Fábio Nahoto Saito', null, null, null, null, '\0', '\0', null, null, null, null, null, '\0', null, '\0', null, '\0', null, '\0', null, '\0', null, '\0', null);
INSERT INTO `person` VALUES ('64', '1', 'Fábio Oliveira', null, null, null, null, '\0', '\0', null, null, null, null, null, '\0', null, '\0', null, '\0', null, '', '2016-05-10', '\0', null, '\0', null);
INSERT INTO `person` VALUES ('65', '1', 'Fabrício Amaral Nunes da Silva', null, null, null, null, '\0', '\0', null, null, null, null, null, '\0', null, '\0', null, '\0', null, '', '2016-10-03', '\0', null, '\0', null);
INSERT INTO `person` VALUES ('66', '1', 'Felipe Alexandre', null, null, null, null, '\0', '\0', null, null, null, null, null, '\0', null, '\0', null, '\0', null, '\0', null, '\0', null, '\0', null);
INSERT INTO `person` VALUES ('67', '1', 'Felipe Alexandre Lima de Abreu', null, null, null, null, '\0', '\0', null, null, null, null, null, '\0', null, '\0', null, '\0', null, '\0', null, '\0', null, '\0', null);
INSERT INTO `person` VALUES ('68', '1', 'Felipe Bastos', null, null, null, null, '\0', '\0', null, null, null, null, null, '\0', null, '\0', null, '\0', null, '\0', null, '\0', null, '\0', null);
INSERT INTO `person` VALUES ('69', '1', 'Felipe Marino', null, null, null, null, '\0', '\0', null, null, null, null, null, '\0', null, '\0', null, '\0', null, '\0', null, '\0', null, '\0', null);
INSERT INTO `person` VALUES ('70', '1', 'Felipe Neder', null, null, null, null, '\0', '\0', null, null, null, null, null, '\0', null, '\0', null, '\0', null, '', '2016-05-05', '\0', null, '\0', null);
INSERT INTO `person` VALUES ('71', '1', 'Felipe Toyama', null, null, null, null, '\0', '\0', null, null, null, null, null, '\0', null, '\0', null, '\0', null, '\0', null, '\0', null, '\0', null);
INSERT INTO `person` VALUES ('72', '1', 'Felipe Villar', null, null, null, null, '\0', '\0', null, null, null, null, null, '\0', null, '\0', null, '\0', null, '\0', null, '\0', null, '\0', null);
INSERT INTO `person` VALUES ('73', '1', 'Flávio Marchi', null, null, null, null, '\0', '\0', null, null, null, null, null, '\0', null, '\0', null, '\0', null, '\0', null, '\0', null, '\0', null);
INSERT INTO `person` VALUES ('74', '1', 'Francisco Aveiro', null, null, null, null, '\0', '\0', null, null, null, null, null, '\0', null, '\0', null, '\0', null, '', '2016-05-05', '\0', null, '\0', null);
INSERT INTO `person` VALUES ('75', '1', 'Francisco Guilherme', null, null, null, null, '\0', '\0', null, null, null, null, null, '\0', null, '\0', null, '\0', null, '\0', null, '\0', null, '\0', null);
INSERT INTO `person` VALUES ('76', '1', 'Franklin Diniz', null, null, null, null, '\0', '\0', null, null, null, null, null, '\0', null, '\0', null, '\0', null, '\0', null, '\0', null, '\0', null);
INSERT INTO `person` VALUES ('77', '1', 'Gabriel (ITA)', null, null, null, null, '\0', '\0', null, null, null, null, null, '\0', null, '\0', null, '\0', null, '\0', null, '\0', null, '\0', null);
INSERT INTO `person` VALUES ('78', '1', 'Gabriel Azevedo', null, null, null, null, '\0', '\0', null, null, null, null, null, '\0', null, '\0', null, '\0', null, '\0', null, '\0', null, '\0', null);
INSERT INTO `person` VALUES ('79', '1', 'Gabriel Faria', null, null, null, null, '\0', '\0', null, null, null, null, null, '\0', null, '\0', null, '\0', null, '\0', null, '\0', null, '\0', null);
INSERT INTO `person` VALUES ('80', '1', 'Gabriel Gomes', null, null, null, null, '\0', '\0', null, null, null, null, null, '\0', null, '\0', null, '\0', null, '\0', null, '\0', null, '\0', null);
INSERT INTO `person` VALUES ('81', '1', 'Gabriel Kenji', null, null, null, null, '\0', '\0', null, null, null, null, null, '\0', null, '\0', null, '\0', null, '\0', null, '\0', null, '\0', null);
INSERT INTO `person` VALUES ('82', '1', 'Gabriel Lorenzi', null, null, null, null, '\0', '\0', null, null, null, null, null, '\0', null, '\0', null, '\0', null, '', '2016-05-05', '\0', null, '\0', null);
INSERT INTO `person` VALUES ('83', '1', 'Gabriel Luiz dos Santos', null, null, null, null, '\0', '\0', null, null, null, null, null, '\0', null, '\0', null, '\0', null, '\0', null, '\0', null, '\0', null);
INSERT INTO `person` VALUES ('84', '1', 'Gabriel MC', null, null, null, null, '\0', '\0', null, null, null, null, null, '\0', null, '\0', null, '\0', null, '\0', null, '\0', null, '\0', null);
INSERT INTO `person` VALUES ('85', '1', 'Gabriel Nogueira', null, null, null, null, '\0', '\0', null, null, null, null, null, '\0', null, '\0', null, '\0', null, '\0', null, '\0', null, '\0', null);
INSERT INTO `person` VALUES ('86', '1', 'Giorgio Ernesto Testoni', null, null, null, null, '\0', '\0', null, null, null, null, null, '\0', null, '\0', null, '\0', null, '\0', null, '\0', null, '\0', null);
INSERT INTO `person` VALUES ('87', '1', 'Giovanni Oteri', null, null, null, null, '\0', '\0', null, null, null, null, null, '\0', null, '\0', null, '\0', null, '\0', null, '\0', null, '\0', null);
INSERT INTO `person` VALUES ('88', '1', 'Giusepe Matheus Magalhães', null, null, null, null, '\0', '\0', null, null, null, null, null, '\0', null, '\0', null, '\0', null, '\0', null, '\0', null, '\0', null);
INSERT INTO `person` VALUES ('89', '1', 'Guilherme Akio', null, null, null, null, '\0', '\0', null, null, null, null, null, '\0', null, '\0', null, '\0', null, '\0', null, '\0', null, '\0', null);
INSERT INTO `person` VALUES ('90', '1', 'Guilherme Aveiro', null, null, null, null, '\0', '\0', null, null, null, null, null, '\0', null, '\0', null, '\0', null, '', '2016-09-10', '\0', null, '\0', null);
INSERT INTO `person` VALUES ('91', '1', 'Guilherme Carvalho', null, null, null, null, '\0', '\0', null, null, null, null, null, '\0', null, '\0', null, '\0', null, '\0', null, '\0', null, '\0', null);
INSERT INTO `person` VALUES ('92', '1', 'Guilherme Castellanos', null, null, null, null, '\0', '\0', null, null, null, null, null, '\0', null, '\0', null, '\0', null, '\0', null, '\0', null, '\0', null);
INSERT INTO `person` VALUES ('93', '1', 'Guilherme Costa Guimarães Fernandes', null, null, null, null, '\0', '\0', null, null, null, null, null, '\0', null, '\0', null, '\0', null, '', '2016-08-17', '\0', null, '\0', null);
INSERT INTO `person` VALUES ('94', '1', 'Guilherme Grespan', null, null, null, null, '\0', '\0', null, null, null, null, null, '\0', null, '\0', null, '\0', null, '\0', null, '\0', null, '\0', null);
INSERT INTO `person` VALUES ('95', '1', 'Guilherme Lorenzi', null, null, null, null, '\0', '\0', null, null, null, null, null, '\0', null, '\0', null, '\0', null, '\0', null, '\0', null, '\0', null);
INSERT INTO `person` VALUES ('96', '1', 'Guilherme Mendes da Silva', null, null, null, null, '\0', '\0', null, null, null, null, null, '\0', null, '\0', null, '\0', null, '\0', null, '\0', null, '\0', null);
INSERT INTO `person` VALUES ('97', '1', 'Guilherme Nakamura', null, null, null, null, '\0', '\0', null, null, null, null, null, '\0', null, '\0', null, '\0', null, '\0', null, '\0', null, '\0', null);
INSERT INTO `person` VALUES ('98', '1', 'Guilherme Prudente', null, null, null, null, '\0', '\0', null, null, null, null, null, '\0', null, '\0', null, '\0', null, '', '2016-05-19', '\0', null, '\0', null);
INSERT INTO `person` VALUES ('99', '1', 'Guilherme Ribeiro', null, null, null, null, '\0', '\0', null, null, null, null, null, '\0', null, '\0', null, '\0', null, '\0', null, '\0', null, '\0', null);
INSERT INTO `person` VALUES ('100', '1', 'Guilherme Villa', null, null, null, null, '\0', '\0', null, null, null, null, null, '\0', null, '\0', null, '\0', null, '\0', null, '\0', null, '\0', null);
INSERT INTO `person` VALUES ('101', '1', 'Guilherme Vinicius Gomes', null, null, null, null, '\0', '\0', null, null, null, null, null, '\0', null, '\0', null, '\0', null, '\0', null, '\0', null, '\0', null);
INSERT INTO `person` VALUES ('102', '1', 'Guilherme Zebral dos Santos', null, null, null, null, '\0', '\0', null, null, null, null, null, '\0', null, '\0', null, '\0', null, '', '2016-06-27', '\0', null, '\0', null);
INSERT INTO `person` VALUES ('103', '1', 'Guillherme Silveira', null, null, null, null, '\0', '\0', null, null, null, null, null, '\0', null, '\0', null, '\0', null, '\0', null, '\0', null, '\0', null);
INSERT INTO `person` VALUES ('104', '1', 'Gustavo Guerra', null, null, null, null, '\0', '\0', null, null, null, null, null, '\0', null, '\0', null, '\0', null, '\0', null, '\0', null, '\0', null);
INSERT INTO `person` VALUES ('105', '1', 'Gustavo Oki', null, null, null, null, '\0', '\0', null, null, null, null, null, '\0', null, '\0', null, '\0', null, '\0', null, '\0', null, '\0', null);
INSERT INTO `person` VALUES ('106', '1', 'Gustavo Rigueira Silva', null, null, null, null, '\0', '\0', null, null, null, null, null, '\0', null, '\0', null, '\0', null, '', '2016-08-17', '\0', null, '\0', null);
INSERT INTO `person` VALUES ('107', '1', 'Halef Karim', null, null, null, null, '\0', '\0', null, null, null, null, null, '\0', null, '\0', null, '\0', null, '\0', null, '\0', null, '\0', null);
INSERT INTO `person` VALUES ('108', '1', 'Helder Henrique Ferreira', null, null, null, null, '\0', '\0', null, null, null, null, null, '\0', null, '\0', null, '\0', null, '\0', null, '\0', null, '\0', null);
INSERT INTO `person` VALUES ('109', '1', 'Henrique Gasparini', null, null, null, null, '\0', '\0', null, null, null, null, null, '\0', null, '\0', null, '\0', null, '\0', null, '\0', null, '\0', null);
INSERT INTO `person` VALUES ('110', '1', 'Henrique Pacheco', null, null, null, null, '\0', '\0', null, null, null, null, null, '\0', null, '\0', null, '\0', null, '\0', null, '\0', null, '\0', null);
INSERT INTO `person` VALUES ('111', '1', 'Henrique Proglhöf', null, null, null, null, '\0', '\0', null, null, null, null, null, '\0', null, '\0', null, '\0', null, '\0', null, '\0', null, '\0', null);
INSERT INTO `person` VALUES ('112', '1', 'Hericson Rodrigo Medeiro de Almeida', null, null, null, null, '\0', '\0', null, null, null, null, null, '\0', null, '\0', null, '\0', null, '', '2016-05-05', '\0', null, '\0', null);
INSERT INTO `person` VALUES ('113', '1', 'Homero Barrocas', null, null, null, null, '\0', '\0', null, null, null, null, null, '\0', null, '\0', null, '\0', null, '\0', null, '\0', null, '\0', null);
INSERT INTO `person` VALUES ('114', '1', 'Igor Franzoni', null, null, null, null, '\0', '\0', null, null, null, null, null, '\0', null, '\0', null, '\0', null, '', '2016-12-18', '\0', null, '\0', null);
INSERT INTO `person` VALUES ('115', '1', 'Ivan Guilhon', null, null, null, null, '\0', '\0', null, null, null, null, null, '\0', null, '\0', null, '\0', null, '', '2016-05-10', '\0', null, '\0', null);
INSERT INTO `person` VALUES ('116', '1', 'Jaderson', null, null, null, null, '\0', '\0', null, null, null, null, null, '\0', null, '\0', null, '\0', null, '\0', null, '\0', null, '\0', null);
INSERT INTO `person` VALUES ('117', '1', 'Jardiel', null, null, null, null, '\0', '\0', null, null, null, null, null, '\0', null, '\0', null, '\0', null, '\0', null, '\0', null, '\0', null);
INSERT INTO `person` VALUES ('118', '1', 'Jasson', null, null, null, null, '\0', '\0', null, null, null, null, null, '\0', null, '\0', null, '\0', null, '\0', null, '\0', null, '\0', null);
INSERT INTO `person` VALUES ('119', '1', 'Jefferson Arimatéia', null, null, null, null, '\0', '\0', null, null, null, null, null, '\0', null, '\0', null, '\0', null, '\0', null, '\0', null, '\0', null);
INSERT INTO `person` VALUES ('120', '1', 'João Bezerra', null, null, null, null, '\0', '\0', null, null, null, null, null, '\0', null, '\0', null, '\0', null, '\0', null, '\0', null, '\0', null);
INSERT INTO `person` VALUES ('121', '1', 'João Carlos Pimentel da Silva', null, null, null, null, '\0', '\0', null, null, null, null, null, '\0', null, '\0', null, '\0', null, '\0', null, '\0', null, '\0', null);
INSERT INTO `person` VALUES ('122', '1', 'João Gabriel Máximo', null, null, null, null, '\0', '\0', null, null, null, null, null, '\0', null, '\0', null, '\0', null, '\0', null, '\0', null, '\0', null);
INSERT INTO `person` VALUES ('123', '1', 'João Marcos Miranda', null, null, null, null, '\0', '\0', null, null, null, null, null, '\0', null, '\0', null, '\0', null, '', '2016-05-19', '\0', null, '\0', null);
INSERT INTO `person` VALUES ('124', '1', 'João Marcos Viana da Costa', null, null, null, null, '\0', '\0', null, null, null, null, null, '\0', null, '\0', null, '\0', null, '\0', null, '\0', null, '\0', null);
INSERT INTO `person` VALUES ('125', '1', 'João Paulo', null, null, null, null, '\0', '\0', null, null, null, null, null, '\0', null, '\0', null, '\0', null, '\0', null, '\0', null, '\0', null);
INSERT INTO `person` VALUES ('126', '1', 'João Paulo (Lucas B.)', null, null, null, null, '\0', '\0', null, null, null, null, null, '\0', null, '\0', null, '\0', null, '\0', null, '\0', null, '\0', null);
INSERT INTO `person` VALUES ('127', '1', 'João Paulo Gonçalves', null, null, null, null, '\0', '\0', null, null, null, null, null, '\0', null, '\0', null, '\0', null, '\0', null, '\0', null, '\0', null);
INSERT INTO `person` VALUES ('128', '1', 'João Paulo Tavares', null, null, null, null, '\0', '\0', null, null, null, null, null, '\0', null, '\0', null, '\0', null, '\0', null, '\0', null, '\0', null);
INSERT INTO `person` VALUES ('129', '1', 'João Paulo Uchôa', null, null, null, null, '\0', '\0', null, null, null, null, null, '\0', null, '\0', null, '\0', null, '\0', null, '\0', null, '\0', null);
INSERT INTO `person` VALUES ('130', '1', 'João Pedro (Portela)', null, null, null, null, '\0', '\0', null, null, null, null, null, '\0', null, '\0', null, '\0', null, '\0', null, '\0', null, '\0', null);
INSERT INTO `person` VALUES ('131', '1', 'Jonas Bittencourt Santos', null, null, null, null, '\0', '\0', null, null, null, null, null, '\0', null, '\0', null, '\0', null, '', '2016-05-05', '\0', null, '\0', null);
INSERT INTO `person` VALUES ('132', '1', 'Jonas Faria', null, null, null, null, '\0', '\0', null, null, null, null, null, '\0', null, '\0', null, '\0', null, '', '2016-05-06', '\0', null, '\0', null);
INSERT INTO `person` VALUES ('133', '1', 'José Carlos Costa', null, null, null, null, '\0', '\0', null, null, null, null, null, '\0', null, '\0', null, '\0', null, '\0', null, '\0', null, '\0', null);
INSERT INTO `person` VALUES ('134', '1', 'José de Oliveira', null, null, null, null, '\0', '\0', null, null, null, null, null, '\0', null, '\0', null, '\0', null, '\0', null, '\0', null, '\0', null);
INSERT INTO `person` VALUES ('135', '1', 'José Lucas de Alencar Saraiva', null, null, null, null, '\0', '\0', null, null, null, null, null, '\0', null, '\0', null, '\0', null, '', '2016-05-05', '\0', null, '\0', null);
INSERT INTO `person` VALUES ('136', '1', 'José Luís Moreira Arruda', null, null, null, null, '\0', '\0', null, null, null, null, null, '\0', null, '\0', null, '\0', null, '', '2016-08-17', '\0', null, '\0', null);
INSERT INTO `person` VALUES ('137', '1', 'José Maurício Cunha', null, null, null, null, '\0', '\0', null, null, null, null, null, '\0', null, '\0', null, '\0', null, '', '2016-08-17', '\0', null, '\0', null);
INSERT INTO `person` VALUES ('138', '1', 'José Negrin', null, null, null, null, '\0', '\0', null, null, null, null, null, '\0', null, '\0', null, '\0', null, '', '2016-05-19', '\0', null, '\0', null);
INSERT INTO `person` VALUES ('139', '1', 'Juliano', null, null, null, null, '\0', '\0', null, null, null, null, null, '\0', null, '\0', null, '\0', null, '\0', null, '\0', null, '\0', null);
INSERT INTO `person` VALUES ('140', '1', 'Júlio César Toledo Diniz', null, null, null, null, '\0', '\0', null, null, null, null, null, '\0', null, '\0', null, '\0', null, '\0', null, '\0', null, '\0', null);
INSERT INTO `person` VALUES ('141', '1', 'Júlio Kravszenko', null, null, null, null, '\0', '\0', null, null, null, null, null, '\0', null, '\0', null, '\0', null, '', '2016-08-18', '\0', null, '\0', null);
INSERT INTO `person` VALUES ('142', '1', 'Junior Nascimento', null, null, null, null, '\0', '\0', null, null, null, null, null, '\0', null, '\0', null, '\0', null, '', '2016-05-20', '\0', null, '\0', null);
INSERT INTO `person` VALUES ('143', '1', 'Kalil Gebrim Rodrigues', null, null, null, null, '\0', '\0', null, null, null, null, null, '\0', null, '\0', null, '\0', null, '', '2016-08-17', '\0', null, '\0', null);
INSERT INTO `person` VALUES ('144', '1', 'Kallel Goulart', null, null, null, null, '\0', '\0', null, null, null, null, null, '\0', null, '\0', null, '\0', null, '\0', null, '\0', null, '\0', null);
INSERT INTO `person` VALUES ('145', '1', 'Kayo França', null, null, null, null, '\0', '\0', null, null, null, null, null, '\0', null, '\0', null, '\0', null, '\0', null, '\0', null, '\0', null);
INSERT INTO `person` VALUES ('146', '1', 'Kevin Tanaka', null, null, null, null, '\0', '\0', null, null, null, null, null, '\0', null, '\0', null, '\0', null, '\0', null, '\0', null, '\0', null);
INSERT INTO `person` VALUES ('147', '1', 'Leonardo Cardoso', null, null, null, null, '\0', '\0', null, null, null, null, null, '\0', null, '\0', null, '\0', null, '\0', null, '\0', null, '\0', null);
INSERT INTO `person` VALUES ('148', '1', 'Leonardo de Aquino Valentim', null, null, null, null, '\0', '\0', null, null, null, null, null, '\0', null, '\0', null, '\0', null, '\0', null, '\0', null, '\0', null);
INSERT INTO `person` VALUES ('149', '1', 'Leonardo Nogueira', null, null, null, null, '\0', '\0', null, null, null, null, null, '\0', null, '\0', null, '\0', null, '\0', null, '\0', null, '\0', null);
INSERT INTO `person` VALUES ('150', '1', 'Lucas Antonio Maciel', null, null, null, null, '\0', '\0', null, null, null, null, null, '\0', null, '\0', null, '\0', null, '\0', null, '\0', null, '\0', null);
INSERT INTO `person` VALUES ('151', '1', 'Lucas Benedito Nunes', null, null, null, null, '\0', '\0', null, null, null, null, null, '\0', null, '\0', null, '\0', null, '', '2016-05-19', '\0', null, '\0', null);
INSERT INTO `person` VALUES ('152', '1', 'Lucas Farias', null, null, null, null, '\0', '\0', null, null, null, null, null, '\0', null, '\0', null, '\0', null, '\0', null, '\0', null, '\0', null);
INSERT INTO `person` VALUES ('153', '1', 'Lucas França', null, null, null, null, '\0', '\0', null, null, null, null, null, '\0', null, '\0', null, '\0', null, '\0', null, '\0', null, '\0', null);
INSERT INTO `person` VALUES ('154', '1', 'Lucas G. Cunha', null, null, null, null, '\0', '\0', null, null, null, null, null, '\0', null, '\0', null, '\0', null, '\0', null, '\0', null, '\0', null);
INSERT INTO `person` VALUES ('155', '1', 'Lucas Gonçalves de Campos', null, null, null, null, '\0', '\0', null, null, null, null, null, '\0', null, '\0', null, '\0', null, '\0', null, '\0', null, '\0', null);
INSERT INTO `person` VALUES ('156', '1', 'Lucas Inácio da Luz', null, null, null, null, '\0', '\0', null, null, null, null, null, '\0', null, '\0', null, '\0', null, '', '2017-04-17', '\0', null, '\0', null);
INSERT INTO `person` VALUES ('157', '1', 'Lucas Moura Santana', null, null, null, null, '\0', '\0', null, null, null, null, null, '\0', null, '\0', null, '\0', null, '', '2016-08-17', '\0', null, '\0', null);
INSERT INTO `person` VALUES ('158', '1', 'Lucas Nascimento Silva', null, null, null, null, '\0', '\0', null, null, null, null, null, '\0', null, '\0', null, '\0', null, '', '2016-05-14', '\0', null, '\0', null);
INSERT INTO `person` VALUES ('159', '1', 'Lucas Oliveira', null, null, null, null, '\0', '\0', null, null, null, null, null, '\0', null, '\0', null, '\0', null, '\0', null, '\0', null, '\0', null);
INSERT INTO `person` VALUES ('160', '1', 'Lucas Robatto', null, null, null, null, '\0', '\0', null, null, null, null, null, '\0', null, '\0', null, '\0', null, '\0', null, '\0', null, '\0', null);
INSERT INTO `person` VALUES ('161', '1', 'Lucas Rodrigues', null, null, null, null, '\0', '\0', null, null, null, null, null, '\0', null, '\0', null, '\0', null, '\0', null, '\0', null, '\0', null);
INSERT INTO `person` VALUES ('162', '1', 'Lucas Sousa ', null, null, null, null, '\0', '\0', null, null, null, null, null, '\0', null, '\0', null, '\0', null, '\0', null, '\0', null, '\0', null);
INSERT INTO `person` VALUES ('163', '1', 'Lucas Valentim', null, null, null, null, '\0', '\0', null, null, null, null, null, '\0', null, '\0', null, '\0', null, '', '2016-05-05', '\0', null, '\0', null);
INSERT INTO `person` VALUES ('164', '1', 'Lucca', null, null, null, null, '\0', '\0', null, null, null, null, null, '\0', null, '\0', null, '\0', null, '\0', null, '\0', null, '\0', null);
INSERT INTO `person` VALUES ('165', '1', 'Luís Guilherme Medeiros', null, null, null, null, '\0', '\0', null, null, null, null, null, '\0', null, '\0', null, '\0', null, '\0', null, '\0', null, '\0', null);
INSERT INTO `person` VALUES ('166', '1', 'Luis Meazzini', null, null, null, null, '\0', '\0', null, null, null, null, null, '\0', null, '\0', null, '\0', null, '\0', null, '\0', null, '\0', null);
INSERT INTO `person` VALUES ('167', '1', 'Luis Fernando Ramos', null, null, null, null, '\0', '\0', null, null, null, null, null, '\0', null, '\0', null, '\0', null, '\0', null, '\0', null, '\0', null);
INSERT INTO `person` VALUES ('168', '1', 'Luiz Belderrain', null, null, null, null, '\0', '\0', null, null, null, null, null, '\0', null, '\0', null, '\0', null, '\0', null, '\0', null, '\0', null);
INSERT INTO `person` VALUES ('169', '1', 'Luiz Pizano Fonseca', null, null, null, null, '\0', '\0', null, null, null, null, null, '\0', null, '\0', null, '\0', null, '', '2016-08-17', '\0', null, '\0', null);
INSERT INTO `person` VALUES ('170', '1', 'Luiz Soranço', null, null, null, null, '\0', '\0', null, null, null, null, null, '\0', null, '\0', null, '\0', null, '\0', null, '\0', null, '\0', null);
INSERT INTO `person` VALUES ('171', '1', 'Marcelo Cavazzoni', null, null, null, null, '\0', '\0', null, null, null, null, null, '\0', null, '\0', null, '\0', null, '', '2016-08-17', '\0', null, '\0', null);
INSERT INTO `person` VALUES ('172', '1', 'Marcelo Florêncio', null, null, null, null, '\0', '\0', null, null, null, null, null, '\0', null, '\0', null, '\0', null, '\0', null, '\0', null, '\0', null);
INSERT INTO `person` VALUES ('173', '1', 'Marcelo Sobral', null, null, null, null, '\0', '\0', null, null, null, null, null, '\0', null, '\0', null, '\0', null, '\0', null, '\0', null, '\0', null);
INSERT INTO `person` VALUES ('174', '1', 'Márcio Fernando', null, null, null, null, '\0', '\0', null, null, null, null, null, '\0', null, '\0', null, '\0', null, '\0', null, '\0', null, '\0', null);
INSERT INTO `person` VALUES ('175', '1', 'Márcio Fernando (ITA)', null, null, null, null, '\0', '\0', null, null, null, null, null, '\0', null, '\0', null, '\0', null, '\0', null, '\0', null, '\0', null);
INSERT INTO `person` VALUES ('176', '1', 'Marcos Aurélio Zamith', null, null, null, null, '\0', '\0', null, null, null, null, null, '\0', null, '\0', null, '\0', null, '', '2016-10-03', '\0', null, '\0', null);
INSERT INTO `person` VALUES ('177', '1', 'Marcus Silva', null, null, null, null, '\0', '\0', null, null, null, null, null, '\0', null, '\0', null, '\0', null, '\0', null, '\0', null, '\0', null);
INSERT INTO `person` VALUES ('178', '1', 'Marcus Vinício', null, null, null, null, '\0', '\0', null, null, null, null, null, '\0', null, '\0', null, '\0', null, '\0', null, '\0', null, '\0', null);
INSERT INTO `person` VALUES ('179', '1', 'Mário André Peixoto', null, null, null, null, '\0', '\0', null, null, null, null, null, '\0', null, '\0', null, '\0', null, '', '2016-08-17', '\0', null, '\0', null);
INSERT INTO `person` VALUES ('180', '1', 'Mário Lúcio Magela ', null, null, null, null, '\0', '\0', null, null, null, null, null, '\0', null, '\0', null, '\0', null, '\0', null, '\0', null, '\0', null);
INSERT INTO `person` VALUES ('181', '1', 'Mateus Aguiar', null, null, null, null, '\0', '\0', null, null, null, null, null, '\0', null, '\0', null, '\0', null, '\0', null, '\0', null, '\0', null);
INSERT INTO `person` VALUES ('182', '1', 'Mateus Menezes Coelho', null, null, null, null, '\0', '\0', null, null, null, null, null, '\0', null, '\0', null, '\0', null, '\0', null, '\0', null, '\0', null);
INSERT INTO `person` VALUES ('183', '1', 'Mateus Romani', null, null, null, null, '\0', '\0', null, null, null, null, null, '\0', null, '\0', null, '\0', null, '', '2016-05-05', '\0', null, '\0', null);
INSERT INTO `person` VALUES ('184', '1', 'Matheus Alexandre ', null, null, null, null, '\0', '\0', null, null, null, null, null, '\0', null, '\0', null, '\0', null, '\0', null, '\0', null, '\0', null);
INSERT INTO `person` VALUES ('185', '1', 'Matheus Chaves', null, null, null, null, '\0', '\0', null, null, null, null, null, '\0', null, '\0', null, '\0', null, '\0', null, '\0', null, '\0', null);
INSERT INTO `person` VALUES ('186', '1', 'Matheus H. Gomes Monteiro', null, null, null, null, '\0', '\0', null, null, null, null, null, '\0', null, '\0', null, '\0', null, '', '2016-05-05', '\0', null, '\0', null);
INSERT INTO `person` VALUES ('187', '1', 'Matheus Henrique Gomes', null, null, null, null, '\0', '\0', null, null, null, null, null, '\0', null, '\0', null, '\0', null, '\0', null, '\0', null, '\0', null);
INSERT INTO `person` VALUES ('188', '1', 'Matheus Hideki', null, null, null, null, '\0', '\0', null, null, null, null, null, '\0', null, '\0', null, '\0', null, '', '2016-05-05', '\0', null, '\0', null);
INSERT INTO `person` VALUES ('189', '1', 'Matheus Padilha Faria Miranda', null, null, null, null, '\0', '\0', null, null, null, null, null, '\0', null, '\0', null, '\0', null, '\0', null, '\0', null, '\0', null);
INSERT INTO `person` VALUES ('190', '1', 'Matheus Stefano', null, null, null, null, '\0', '\0', null, null, null, null, null, '\0', null, '\0', null, '\0', null, '\0', null, '\0', null, '\0', null);
INSERT INTO `person` VALUES ('191', '1', 'Maurício Avelino', null, null, null, null, '\0', '\0', null, null, null, null, null, '\0', null, '\0', null, '\0', null, '', '2016-05-05', '\0', null, '\0', null);
INSERT INTO `person` VALUES ('192', '1', 'Michel Reis', null, null, null, null, '\0', '\0', null, null, null, null, null, '\0', null, '\0', null, '\0', null, '\0', null, '\0', null, '\0', null);
INSERT INTO `person` VALUES ('193', '1', 'Murilo Pacheco', null, null, null, null, '\0', '\0', null, null, null, null, null, '\0', null, '\0', null, '\0', null, '\0', null, '\0', null, '\0', null);
INSERT INTO `person` VALUES ('194', '1', 'Neimar Juliano Albano', null, null, null, null, '\0', '\0', null, null, null, null, null, '\0', null, '\0', null, '\0', null, '\0', null, '\0', null, '\0', null);
INSERT INTO `person` VALUES ('195', '1', 'Nicolas Fernandes', null, null, null, null, '\0', '\0', null, null, null, null, null, '\0', null, '\0', null, '\0', null, '\0', null, '\0', null, '\0', null);
INSERT INTO `person` VALUES ('196', '1', 'Nicolas Frota', null, null, null, null, '\0', '\0', null, null, null, null, null, '\0', null, '\0', null, '\0', null, '\0', null, '\0', null, '\0', null);
INSERT INTO `person` VALUES ('197', '1', 'Oseias', null, null, null, null, '\0', '\0', null, null, null, null, null, '\0', null, '\0', null, '\0', null, '\0', null, '\0', null, '\0', null);
INSERT INTO `person` VALUES ('198', '1', 'Patrick Korny', null, null, null, null, '\0', '\0', null, null, null, null, null, '\0', null, '\0', null, '\0', null, '\0', null, '\0', null, '\0', null);
INSERT INTO `person` VALUES ('199', '1', 'Paulo Bassani ', null, null, null, null, '\0', '\0', null, null, null, null, null, '\0', null, '\0', null, '\0', null, '', '2016-01-20', '\0', null, '\0', null);
INSERT INTO `person` VALUES ('200', '1', 'Paulo Emílio', null, null, null, null, '\0', '\0', null, null, null, null, null, '\0', null, '\0', null, '\0', null, '\0', null, '\0', null, '\0', null);
INSERT INTO `person` VALUES ('201', '1', 'Paulo Sérgio Junior', null, null, null, null, '\0', '\0', null, null, null, null, null, '\0', null, '\0', null, '\0', null, '\0', null, '\0', null, '\0', null);
INSERT INTO `person` VALUES ('202', '1', 'Paulo Tiago', null, null, null, null, '\0', '\0', null, null, null, null, null, '\0', null, '\0', null, '\0', null, '\0', null, '\0', null, '\0', null);
INSERT INTO `person` VALUES ('203', '1', 'Pedro (Portela)', null, null, null, null, '\0', '\0', null, null, null, null, null, '\0', null, '\0', null, '\0', null, '\0', null, '\0', null, '\0', null);
INSERT INTO `person` VALUES ('204', '1', 'Pedro Augusto Arantes', null, null, null, null, '\0', '\0', null, null, null, null, null, '\0', null, '\0', null, '\0', null, '\0', null, '\0', null, '\0', null);
INSERT INTO `person` VALUES ('205', '1', 'Pedro Augusto Moreira', null, null, null, null, '\0', '\0', null, null, null, null, null, '\0', null, '\0', null, '\0', null, '\0', null, '\0', null, '\0', null);
INSERT INTO `person` VALUES ('206', '1', 'Pedro Bittencourt', null, null, null, null, '\0', '\0', null, null, null, null, null, '\0', null, '\0', null, '\0', null, '\0', null, '\0', null, '\0', null);
INSERT INTO `person` VALUES ('207', '1', 'Pedro Camarotti', null, null, null, null, '\0', '\0', null, null, null, null, null, '\0', null, '\0', null, '\0', null, '\0', null, '\0', null, '\0', null);
INSERT INTO `person` VALUES ('208', '1', 'Pedro Henrique Alves', null, null, null, null, '\0', '\0', null, null, null, null, null, '\0', null, '\0', null, '\0', null, '\0', null, '\0', null, '\0', null);
INSERT INTO `person` VALUES ('209', '1', 'Pedro Jun', null, null, null, null, '\0', '\0', null, null, null, null, null, '\0', null, '\0', null, '\0', null, '\0', null, '\0', null, '\0', null);
INSERT INTO `person` VALUES ('210', '1', 'Pedro Justo', null, null, null, null, '\0', '\0', null, null, null, null, null, '\0', null, '\0', null, '\0', null, '\0', null, '\0', null, '\0', null);
INSERT INTO `person` VALUES ('211', '1', 'Pedro Lucas Rocha', null, null, null, null, '\0', '\0', null, null, null, null, null, '\0', null, '\0', null, '\0', null, '', '2016-05-05', '\0', null, '\0', null);
INSERT INTO `person` VALUES ('212', '1', 'Pedro Henrique Máximo', null, null, null, null, '\0', '\0', null, null, null, null, null, '\0', null, '\0', null, '\0', null, '\0', null, '\0', null, '\0', null);
INSERT INTO `person` VALUES ('213', '1', 'Pedro Vilhena', null, null, null, null, '\0', '\0', null, null, null, null, null, '\0', null, '\0', null, '\0', null, '\0', null, '\0', null, '\0', null);
INSERT INTO `person` VALUES ('214', '1', 'Pedro Yuri Paiva', null, null, null, null, '\0', '\0', null, null, null, null, null, '\0', null, '\0', null, '\0', null, '', '2016-08-05', '\0', null, '\0', null);
INSERT INTO `person` VALUES ('215', '1', 'Rafael Aquino', null, null, null, null, '\0', '\0', null, null, null, null, null, '\0', null, '\0', null, '\0', null, '\0', null, '\0', null, '\0', null);
INSERT INTO `person` VALUES ('216', '1', 'Rafael Carvalho', null, null, null, null, '\0', '\0', null, null, null, null, null, '\0', null, '\0', null, '\0', null, '', '2016-10-24', '\0', null, '\0', null);
INSERT INTO `person` VALUES ('217', '1', 'Raphael Faquineti André', null, null, null, null, '\0', '\0', null, null, null, null, null, '\0', null, '\0', null, '\0', null, '', '2016-05-19', '\0', null, '\0', null);
INSERT INTO `person` VALUES ('218', '1', 'Rafael Froner', null, null, null, null, '\0', '\0', null, null, null, null, null, '\0', null, '\0', null, '\0', null, '\0', null, '\0', null, '\0', null);
INSERT INTO `person` VALUES ('219', '1', 'Rafael Lopes', null, null, null, null, '\0', '\0', null, null, null, null, null, '\0', null, '\0', null, '\0', null, '\0', null, '\0', null, '\0', null);
INSERT INTO `person` VALUES ('220', '1', 'Rafael Luiz dos Santos', null, null, null, null, '\0', '\0', null, null, null, null, null, '\0', null, '\0', null, '\0', null, '\0', null, '\0', null, '\0', null);
INSERT INTO `person` VALUES ('221', '1', 'Rafael Rabelo', null, null, null, null, '\0', '\0', null, null, null, null, null, '\0', null, '\0', null, '\0', null, '\0', null, '\0', null, '\0', null);
INSERT INTO `person` VALUES ('222', '1', 'Rafael Ribeiro', null, null, null, null, '\0', '\0', null, null, null, null, null, '\0', null, '\0', null, '\0', null, '\0', null, '\0', null, '\0', null);
INSERT INTO `person` VALUES ('223', '1', 'Rafael Villa', null, null, null, null, '\0', '\0', null, null, null, null, null, '\0', null, '\0', null, '\0', null, '\0', null, '\0', null, '\0', null);
INSERT INTO `person` VALUES ('224', '1', 'Raphael Bueno Guedes', null, null, null, null, '\0', '\0', null, null, null, null, null, '\0', null, '\0', null, '\0', null, '', '2016-05-05', '\0', null, '\0', null);
INSERT INTO `person` VALUES ('225', '1', 'Raphael Vieira dos Santos', null, null, null, null, '\0', '\0', null, null, null, null, null, '\0', null, '\0', null, '\0', null, '\0', null, '\0', null, '\0', null);
INSERT INTO `person` VALUES ('226', '1', 'Raul Felix', null, null, null, null, '\0', '\0', null, null, null, null, null, '\0', null, '\0', null, '\0', null, '\0', null, '\0', null, '\0', null);
INSERT INTO `person` VALUES ('227', '1', 'Raul Lemos', null, null, null, null, '\0', '\0', null, null, null, null, null, '\0', null, '\0', null, '\0', null, '', '2016-12-25', '\0', null, '\0', null);
INSERT INTO `person` VALUES ('228', '1', 'Renan Souza Toledo', null, null, null, null, '\0', '\0', null, null, null, null, null, '\0', null, '\0', null, '\0', null, '', '2016-05-05', '\0', null, '\0', null);
INSERT INTO `person` VALUES ('229', '1', 'Renê Ribeiro', null, null, null, null, '\0', '\0', null, null, null, null, null, '\0', null, '\0', null, '\0', null, '', '2016-05-05', '\0', null, '\0', null);
INSERT INTO `person` VALUES ('230', '1', 'Roberto Chaves Cavalcante', null, null, null, null, '\0', '\0', null, null, null, null, null, '\0', null, '\0', null, '\0', null, '\0', null, '\0', null, '\0', null);
INSERT INTO `person` VALUES ('231', '1', 'Rodrigo Cartaxo', null, null, null, null, '\0', '\0', null, null, null, null, null, '\0', null, '\0', null, '\0', null, '', '2016-05-05', '\0', null, '\0', null);
INSERT INTO `person` VALUES ('232', '1', 'Rodrigo Floriano', null, null, null, null, '\0', '\0', null, null, null, null, null, '\0', null, '\0', null, '\0', null, '\0', null, '\0', null, '\0', null);
INSERT INTO `person` VALUES ('233', '1', 'Rodrigo Iwashita', null, null, null, null, '\0', '\0', null, null, null, null, null, '\0', null, '\0', null, '\0', null, '\0', null, '\0', null, '\0', null);
INSERT INTO `person` VALUES ('234', '1', 'Rodrigo Marques', null, null, null, null, '\0', '\0', null, null, null, null, null, '\0', null, '\0', null, '\0', null, '', '2016-08-17', '\0', null, '\0', null);
INSERT INTO `person` VALUES ('235', '1', 'Rodrigo Primiceri', null, null, null, null, '\0', '\0', null, null, null, null, null, '\0', null, '\0', null, '\0', null, '\0', null, '\0', null, '\0', null);
INSERT INTO `person` VALUES ('236', '1', 'Rondinei Pereira', null, null, null, null, '\0', '\0', null, null, null, null, null, '\0', null, '\0', null, '\0', null, '\0', null, '\0', null, '\0', null);
INSERT INTO `person` VALUES ('237', '1', 'Samuel Cerqueira Pinto', null, null, null, null, '\0', '\0', null, null, null, null, null, '\0', null, '\0', null, '\0', null, '', '2016-08-17', '\0', null, '\0', null);
INSERT INTO `person` VALUES ('238', '1', 'Samuel Strazzer', null, null, null, null, '\0', '\0', null, null, null, null, null, '\0', null, '\0', null, '\0', null, '\0', null, '\0', null, '\0', null);
INSERT INTO `person` VALUES ('239', '1', 'Sérgio Dener Simões Donizete', null, null, null, null, '\0', '\0', null, null, null, null, null, '\0', null, '\0', null, '\0', null, '\0', null, '\0', null, '\0', null);
INSERT INTO `person` VALUES ('240', '1', 'Suny Watanabe', null, null, null, null, '\0', '\0', null, null, null, null, null, '\0', null, '\0', null, '\0', null, '\0', null, '\0', null, '\0', null);
INSERT INTO `person` VALUES ('241', '1', 'Tales (Guilherme Vinicius)', null, null, null, null, '\0', '\0', null, null, null, null, null, '\0', null, '\0', null, '\0', null, '\0', null, '\0', null, '\0', null);
INSERT INTO `person` VALUES ('242', '1', 'Tariq', null, null, null, null, '\0', '\0', null, null, null, null, null, '\0', null, '\0', null, '\0', null, '\0', null, '\0', null, '\0', null);
INSERT INTO `person` VALUES ('243', '1', 'Técio', null, null, null, null, '\0', '\0', null, null, null, null, null, '\0', null, '\0', null, '\0', null, '\0', null, '\0', null, '\0', null);
INSERT INTO `person` VALUES ('244', '1', 'Téssio Perotti', null, null, null, null, '\0', '\0', null, null, null, null, null, '\0', null, '\0', null, '\0', null, '\0', null, '\0', null, '\0', null);
INSERT INTO `person` VALUES ('245', '1', 'Thales Augusto Pereira', null, null, null, null, '\0', '\0', null, null, null, null, null, '\0', null, '\0', null, '\0', null, '\0', null, '\0', null, '\0', null);
INSERT INTO `person` VALUES ('246', '1', 'Thiago Baumgratz', null, null, null, null, '\0', '\0', null, null, null, null, null, '\0', null, '\0', null, '\0', null, '\0', null, '\0', null, '\0', null);
INSERT INTO `person` VALUES ('247', '1', 'Thiago Pereira Diniz Silva', null, null, null, null, '\0', '\0', null, null, null, null, null, '\0', null, '\0', null, '\0', null, '', '2016-05-23', '\0', null, '\0', null);
INSERT INTO `person` VALUES ('248', '1', 'Thiago Portela', null, null, null, null, '\0', '\0', null, null, null, null, null, '\0', null, '\0', null, '\0', null, '\0', null, '\0', null, '\0', null);
INSERT INTO `person` VALUES ('249', '1', 'Thiago Vilhena', null, null, null, null, '\0', '\0', null, null, null, null, null, '\0', null, '\0', null, '\0', null, '\0', null, '\0', null, '\0', null);
INSERT INTO `person` VALUES ('250', '1', 'Thomas Fisch', null, null, null, null, '\0', '\0', null, null, null, null, null, '\0', null, '\0', null, '\0', null, '\0', null, '\0', null, '\0', null);
INSERT INTO `person` VALUES ('251', '1', 'Thomas Teixeira', null, null, null, null, '\0', '\0', null, null, null, null, null, '\0', null, '\0', null, '\0', null, '', '2016-11-09', '\0', null, '\0', null);
INSERT INTO `person` VALUES ('252', '1', 'Tiago (Flavinho)', null, null, null, null, '\0', '\0', null, null, null, null, null, '\0', null, '\0', null, '\0', null, '\0', null, '\0', null, '\0', null);
INSERT INTO `person` VALUES ('253', '1', 'Tiago Soares', null, null, null, null, '\0', '\0', null, null, null, null, null, '\0', null, '\0', null, '\0', null, '\0', null, '\0', null, '\0', null);
INSERT INTO `person` VALUES ('254', '1', 'Victor Araújo', null, null, null, null, '\0', '\0', null, null, null, null, null, '\0', null, '\0', null, '\0', null, '\0', null, '\0', null, '\0', null);
INSERT INTO `person` VALUES ('255', '1', 'Victor de Souza Bonfim', null, null, null, null, '\0', '\0', null, null, null, null, null, '\0', null, '\0', null, '\0', null, '', '2016-05-06', '\0', null, '\0', null);
INSERT INTO `person` VALUES ('256', '1', 'Victor Jucá', null, null, null, null, '\0', '\0', null, null, null, null, null, '\0', null, '\0', null, '\0', null, '', '2016-08-18', '\0', null, '\0', null);
INSERT INTO `person` VALUES ('257', '1', 'Victor Montalvão', null, null, null, null, '\0', '\0', null, null, null, null, null, '\0', null, '\0', null, '\0', null, '\0', null, '\0', null, '\0', null);
INSERT INTO `person` VALUES ('258', '1', 'Vinicius ', null, null, null, null, '\0', '\0', null, null, null, null, null, '\0', null, '\0', null, '\0', null, '\0', null, '\0', null, '\0', null);
INSERT INTO `person` VALUES ('259', '1', 'Vinicius Duarte', null, null, null, null, '\0', '\0', null, null, null, null, null, '\0', null, '\0', null, '\0', null, '', '2016-08-17', '\0', null, '\0', null);
INSERT INTO `person` VALUES ('260', '1', 'Vinicius Gonçalves', null, null, null, null, '\0', '\0', null, null, null, null, null, '\0', null, '\0', null, '\0', null, '\0', null, '\0', null, '\0', null);
INSERT INTO `person` VALUES ('261', '1', 'Vinícius Pereira', null, null, null, null, '\0', '\0', null, null, null, null, null, '\0', null, '\0', null, '\0', null, '\0', null, '\0', null, '\0', null);
INSERT INTO `person` VALUES ('262', '1', 'Vitor (Lucas B.)', null, null, null, null, '\0', '\0', null, null, null, null, null, '\0', null, '\0', null, '\0', null, '\0', null, '\0', null, '\0', null);
INSERT INTO `person` VALUES ('263', '1', 'Vitor Montalvão', null, null, null, null, '\0', '\0', null, null, null, null, null, '\0', null, '\0', null, '\0', null, '\0', null, '\0', null, '\0', null);
INSERT INTO `person` VALUES ('264', '1', 'Vitor Yuti', null, null, null, null, '\0', '\0', null, null, null, null, null, '\0', null, '\0', null, '\0', null, '\0', null, '\0', null, '\0', null);
INSERT INTO `person` VALUES ('265', '1', 'Wesley', null, null, null, null, '\0', '\0', null, null, null, null, null, '\0', null, '\0', null, '\0', null, '\0', null, '\0', null, '\0', null);
INSERT INTO `person` VALUES ('266', '1', 'William Pinho', null, null, null, null, '\0', '\0', null, null, null, null, null, '\0', null, '\0', null, '\0', null, '\0', null, '\0', null, '\0', null);
INSERT INTO `person` VALUES ('267', '1', 'Yagner', null, null, null, null, '\0', '\0', null, null, null, null, null, '\0', null, '\0', null, '\0', null, '\0', null, '\0', null, '\0', null);
INSERT INTO `person` VALUES ('268', '1', 'Yitzhak', null, null, null, null, '\0', '\0', null, null, null, null, null, '\0', null, '\0', null, '\0', null, '\0', null, '\0', null, '\0', null);
INSERT INTO `person` VALUES ('269', '1', 'Daniel Pestana', null, null, null, null, '\0', '\0', null, null, null, null, null, '\0', null, '\0', null, '\0', null, '\0', null, '\0', null, '\0', null);
INSERT INTO `person` VALUES ('270', '1', 'João Paulo Murta Alves', null, null, null, null, '\0', '\0', null, null, null, null, null, '\0', null, '\0', null, '\0', null, '\0', null, '\0', null, '\0', null);
INSERT INTO `person` VALUES ('271', '1', 'João Victor Taveira Parente', null, null, null, null, '\0', '\0', null, null, null, null, null, '\0', null, '\0', null, '\0', null, '', '2016-05-22', '\0', null, '\0', null);
INSERT INTO `person` VALUES ('272', '1', 'Murilo Zebral dos Santos', null, null, null, null, '\0', '\0', null, null, null, null, null, '\0', null, '\0', null, '\0', null, '\0', null, '\0', null, '\0', null);
INSERT INTO `person` VALUES ('273', '1', 'Fabrício Santos Flauzino', null, null, null, null, '\0', '\0', null, null, null, null, null, '\0', null, '\0', null, '\0', null, '', '2016-06-03', '\0', null, '\0', null);
INSERT INTO `person` VALUES ('274', '1', 'José Lucas', null, null, null, null, '\0', '\0', null, null, null, null, null, '\0', null, '\0', null, '\0', null, '\0', null, '\0', null, '\0', null);
INSERT INTO `person` VALUES ('275', '1', 'Pedro Bernardes', null, null, null, null, '\0', '\0', null, null, null, null, null, '\0', null, '\0', null, '\0', null, '\0', null, '\0', null, '\0', null);
INSERT INTO `person` VALUES ('276', '1', 'Alex Henrique Gusmão Freitas', null, null, null, null, '\0', '\0', null, null, null, null, null, '\0', null, '\0', null, '\0', null, '\0', null, '\0', null, '\0', null);
INSERT INTO `person` VALUES ('277', '1', 'André Gracioso', null, null, null, null, '\0', '\0', null, null, null, null, null, '\0', null, '\0', null, '\0', null, '\0', null, '\0', null, '\0', null);
INSERT INTO `person` VALUES ('278', '1', 'Armando de Sousa R. Modenes', null, null, null, null, '\0', '\0', null, null, null, null, null, '\0', null, '\0', null, '\0', null, '\0', null, '\0', null, '\0', null);
INSERT INTO `person` VALUES ('279', '1', 'Arthur Barbosa Silva', null, null, null, null, '\0', '\0', null, null, null, null, null, '\0', null, '\0', null, '\0', null, '\0', null, '\0', null, '\0', null);
INSERT INTO `person` VALUES ('280', '1', 'João Marcelo Aguiar Pereira', null, null, null, null, '\0', '\0', null, null, null, null, null, '\0', null, '\0', null, '\0', null, '', '2016-05-05', '\0', null, '\0', null);
INSERT INTO `person` VALUES ('281', '1', 'Luciano Leal', null, null, null, null, '\0', '\0', null, null, null, null, null, '\0', null, '\0', null, '\0', null, '\0', null, '\0', null, '\0', null);
INSERT INTO `person` VALUES ('282', '1', 'Wesley Vinicius', null, null, null, null, '\0', '\0', null, null, null, null, null, '\0', null, '\0', null, '\0', null, '\0', null, '\0', null, '\0', null);
INSERT INTO `person` VALUES ('283', '1', 'Willian Bittencourt Ribeiro', null, null, null, null, '\0', '\0', null, null, null, null, null, '\0', null, '\0', null, '\0', null, '', '2016-05-05', '\0', null, '\0', null);
INSERT INTO `person` VALUES ('284', '1', 'Danilo Gustavo da Silva', null, null, null, null, '\0', '\0', null, null, null, null, null, '\0', null, '\0', null, '\0', null, '\0', null, '\0', null, '\0', null);
INSERT INTO `person` VALUES ('285', '1', 'Eduardo Marques', null, null, null, null, '\0', '\0', null, null, null, null, null, '\0', null, '\0', null, '\0', null, '\0', null, '\0', null, '\0', null);
INSERT INTO `person` VALUES ('286', '1', 'Heitor Campos', null, null, null, null, '\0', '\0', null, null, null, null, null, '\0', null, '\0', null, '\0', null, '\0', null, '\0', null, '\0', null);
INSERT INTO `person` VALUES ('287', '1', 'Rafael Oliveira Andrade', null, null, null, null, '\0', '\0', null, null, null, null, null, '\0', null, '\0', null, '\0', null, '\0', null, '\0', null, '\0', null);
INSERT INTO `person` VALUES ('288', '1', 'Sydney Santos', null, null, null, null, '\0', '\0', null, null, null, null, null, '\0', null, '\0', null, '\0', null, '\0', null, '\0', null, '\0', null);
INSERT INTO `person` VALUES ('289', '1', 'Igor César de Lima', null, null, null, null, '\0', '\0', null, null, null, null, null, '\0', null, '\0', null, '\0', null, '\0', null, '\0', null, '\0', null);
INSERT INTO `person` VALUES ('290', '1', 'Nathan Galvão', null, null, null, null, '\0', '\0', null, null, null, null, null, '\0', null, '\0', null, '\0', null, '\0', null, '\0', null, '\0', null);
INSERT INTO `person` VALUES ('291', '1', 'Tibor', null, null, null, null, '\0', '\0', null, null, null, null, null, '\0', null, '\0', null, '\0', null, '\0', null, '\0', null, '\0', null);
INSERT INTO `person` VALUES ('292', '1', 'João Guilherme Bidóia de Lima', null, null, null, null, '\0', '\0', null, null, null, null, null, '\0', null, '\0', null, '\0', null, '\0', null, '\0', null, '\0', null);
INSERT INTO `person` VALUES ('293', '1', 'Abel França Malinverno', null, null, null, null, '\0', '\0', null, null, null, null, null, '\0', null, '\0', null, '\0', null, '\0', null, '\0', null, '\0', null);
INSERT INTO `person` VALUES ('295', '1', 'Leonardo Mendes', null, null, null, null, '\0', '\0', null, null, null, null, null, '\0', null, '\0', null, '\0', null, '\0', null, '\0', null, '\0', null);
INSERT INTO `person` VALUES ('296', '1', 'Rian', null, null, null, null, '\0', '\0', null, null, null, null, null, '\0', null, '\0', null, '\0', null, '\0', null, '\0', null, '\0', null);
INSERT INTO `person` VALUES ('297', '1', 'Joel Pereira das Neves', null, null, null, null, '\0', '\0', null, null, null, null, null, '\0', null, '\0', null, '\0', null, '\0', null, '\0', null, '\0', null);
INSERT INTO `person` VALUES ('298', '1', 'André Eugênio', null, null, null, null, '\0', '\0', null, null, null, null, null, '\0', null, '\0', null, '\0', null, '\0', null, '\0', null, '\0', null);
INSERT INTO `person` VALUES ('299', '1', 'Artur Covatti', null, null, null, null, '\0', '\0', null, null, null, null, null, '\0', null, '\0', null, '\0', null, '\0', null, '\0', null, '\0', null);
INSERT INTO `person` VALUES ('300', '1', 'Danilo Nossa', null, null, null, null, '\0', '\0', null, null, null, null, null, '\0', null, '\0', null, '\0', null, '', '2016-05-19', '\0', null, '\0', null);
INSERT INTO `person` VALUES ('301', '1', 'Diogo Modesto', null, null, null, null, '\0', '\0', null, null, null, null, null, '\0', null, '\0', null, '\0', null, '\0', null, '\0', null, '\0', null);
INSERT INTO `person` VALUES ('302', '1', 'Gabriel José Ferreira Lopes', null, null, null, null, '\0', '\0', null, null, null, null, null, '\0', null, '\0', null, '\0', null, '', '2016-05-28', '\0', null, '\0', null);
INSERT INTO `person` VALUES ('303', '1', 'Gabriel Lemes Justino', null, null, null, null, '\0', '\0', null, null, null, null, null, '\0', null, '\0', null, '\0', null, '', '2016-05-21', '\0', null, '\0', null);
INSERT INTO `person` VALUES ('304', '1', 'Giovani Machado', null, null, null, null, '\0', '\0', null, null, null, null, null, '\0', null, '\0', null, '\0', null, '\0', null, '\0', null, '\0', null);
INSERT INTO `person` VALUES ('306', '1', 'Jonas Rodrigues', null, null, null, null, '\0', '\0', null, null, null, null, null, '\0', null, '\0', null, '\0', null, '', '2016-05-24', '\0', null, '\0', null);
INSERT INTO `person` VALUES ('307', '1', 'Lucas Aguiar Pereira', null, null, null, null, '\0', '\0', null, null, null, null, null, '\0', null, '\0', null, '\0', null, '\0', null, '\0', null, '\0', null);
INSERT INTO `person` VALUES ('308', '1', 'Marcos Diniz', null, null, null, null, '\0', '\0', null, null, null, null, null, '\0', null, '\0', null, '\0', null, '\0', null, '\0', null, '\0', null);
INSERT INTO `person` VALUES ('309', '1', 'Maurício Resende', null, null, null, null, '\0', '\0', null, null, null, null, null, '\0', null, '\0', null, '\0', null, '\0', null, '\0', null, '\0', null);
INSERT INTO `person` VALUES ('310', '1', 'Thomas Guedes', null, null, null, null, '\0', '\0', null, null, null, null, null, '\0', null, '\0', null, '\0', null, '', '2016-09-21', '\0', null, '\0', null);
INSERT INTO `person` VALUES ('311', '1', 'Pedro Santiago', null, null, null, null, '\0', '\0', null, null, null, null, null, '\0', null, '\0', null, '\0', null, '\0', null, '\0', null, '\0', null);
INSERT INTO `person` VALUES ('312', '1', 'Eduardo Dias', null, null, null, null, '\0', '\0', null, null, null, null, null, '\0', null, '\0', null, '\0', null, '', '2016-06-03', '\0', null, '\0', null);
INSERT INTO `person` VALUES ('313', '1', 'Caio Negreiros', null, null, null, null, '\0', '\0', null, null, null, null, null, '\0', null, '\0', null, '\0', null, '', '2016-08-17', '\0', null, '\0', null);
INSERT INTO `person` VALUES ('314', '1', 'Brendo Yugi Katagi', null, null, null, null, '\0', '\0', null, null, null, null, null, '\0', null, '\0', null, '\0', null, '', '2016-08-17', '\0', null, '\0', null);
INSERT INTO `person` VALUES ('315', '1', 'Vinicius Lazaroti da Silva', null, null, null, null, '\0', '\0', null, null, null, null, null, '\0', null, '\0', null, '\0', null, '', '2016-06-03', '\0', null, '\0', null);
INSERT INTO `person` VALUES ('316', '1', 'André Luiz da Silva', null, null, null, null, '\0', '\0', null, null, null, null, null, '\0', null, '\0', null, '\0', null, '\0', null, '\0', null, '\0', null);
INSERT INTO `person` VALUES ('317', '1', 'Gustavo Loureiro dos Reis', null, null, null, null, '\0', '\0', null, null, null, null, null, '\0', null, '\0', null, '\0', null, '\0', null, '\0', null, '\0', null);
INSERT INTO `person` VALUES ('318', '1', 'Hilton', null, null, null, null, '\0', '\0', null, null, null, null, null, '\0', null, '\0', null, '\0', null, '\0', null, '\0', null, '\0', null);
INSERT INTO `person` VALUES ('319', '1', 'Natanel Davi', null, null, null, null, '\0', '\0', null, null, null, null, null, '\0', null, '\0', null, '\0', null, '\0', null, '\0', null, '\0', null);
INSERT INTO `person` VALUES ('320', '1', 'Lucas Campos', null, null, null, null, '\0', '\0', null, null, null, null, null, '\0', null, '\0', null, '\0', null, '', '2016-08-29', '\0', null, '\0', null);
INSERT INTO `person` VALUES ('321', '1', 'Thiago Acessor', null, null, null, null, '\0', '\0', null, null, null, null, null, '\0', null, '\0', null, '\0', null, '', '2016-06-06', '\0', null, '\0', null);
INSERT INTO `person` VALUES ('322', '1', 'Lucca Grandinetti', null, null, null, null, '\0', '\0', null, null, null, null, null, '\0', null, '\0', null, '\0', null, '', '2016-08-15', '\0', null, '\0', null);
INSERT INTO `person` VALUES ('323', '1', 'Caio Gomes de Figueredo', null, null, null, null, '\0', '\0', null, null, null, null, null, '\0', null, '\0', null, '\0', null, '', '2016-10-22', '\0', null, '\0', null);
INSERT INTO `person` VALUES ('324', '1', 'Glauber de Farias Martins', null, null, null, null, '\0', '\0', null, null, null, null, null, '\0', null, '\0', null, '\0', null, '', '2016-09-05', '\0', null, '\0', null);
INSERT INTO `person` VALUES ('326', '1', 'Jefferson Colaço', null, null, null, null, '\0', '\0', null, null, null, null, null, '\0', null, '\0', null, '\0', null, '\0', null, '\0', null, '\0', null);
INSERT INTO `person` VALUES ('327', '1', 'José Faria Neto', null, null, null, null, '\0', '\0', null, null, null, null, null, '\0', null, '\0', null, '\0', null, '\0', null, '\0', null, '\0', null);
INSERT INTO `person` VALUES ('328', '1', 'Mateus Leite', null, null, null, null, '\0', '\0', null, null, null, null, null, '\0', null, '\0', null, '\0', null, '\0', null, '\0', null, '\0', null);
INSERT INTO `person` VALUES ('329', '1', 'Yves Alvim', null, null, null, null, '\0', '\0', null, null, null, null, null, '\0', null, '\0', null, '\0', null, '', '2016-12-02', '\0', null, '\0', null);
INSERT INTO `person` VALUES ('330', '1', 'Guilherme H. Vilela Santos', null, null, null, null, '\0', '\0', null, null, null, null, null, '\0', null, '\0', null, '\0', null, '\0', null, '\0', null, '\0', null);
INSERT INTO `person` VALUES ('331', '1', 'Marcos Vinicius', null, null, null, null, '\0', '\0', null, null, null, null, null, '\0', null, '\0', null, '\0', null, '\0', null, '\0', null, '\0', null);
INSERT INTO `person` VALUES ('332', '1', 'Luan Barros de Oliveira', null, null, null, null, '\0', '\0', null, null, null, null, null, '\0', null, '\0', null, '\0', null, '\0', null, '\0', null, '\0', null);
INSERT INTO `person` VALUES ('333', '1', 'Lucas de Paiva Ribeiro', null, null, null, null, '\0', '\0', null, null, null, null, null, '\0', null, '\0', null, '\0', null, '\0', null, '\0', null, '\0', null);
INSERT INTO `person` VALUES ('334', '1', 'Pedro Gabriel de Freitas Pinheiro', null, null, null, null, '\0', '\0', null, null, null, null, null, '\0', null, '\0', null, '\0', null, '\0', null, '\0', null, '\0', null);
INSERT INTO `person` VALUES ('335', '1', 'Rodrigo Carvalho', null, null, null, null, '\0', '\0', null, null, null, null, null, '\0', null, '\0', null, '\0', null, '\0', null, '\0', null, '\0', null);
INSERT INTO `person` VALUES ('336', '1', 'Alexandre Liiberal', null, null, null, null, '\0', '\0', null, null, null, null, null, '\0', null, '\0', null, '\0', null, '', '2017-04-23', '\0', null, '\0', null);
INSERT INTO `person` VALUES ('337', '1', 'Francisco Assis', null, null, null, null, '\0', '\0', null, null, null, null, null, '\0', null, '\0', null, '\0', null, '\0', null, '\0', null, '\0', null);
INSERT INTO `person` VALUES ('338', '1', 'Diego B. Lima', null, null, null, null, '\0', '\0', null, null, null, null, null, '\0', null, '\0', null, '\0', null, '\0', null, '\0', null, '\0', null);
INSERT INTO `person` VALUES ('339', '1', 'Júlio César Ferreira Filho', null, null, null, null, '\0', '\0', null, null, null, null, null, '\0', null, '\0', null, '\0', null, '\0', null, '\0', null, '\0', null);
INSERT INTO `person` VALUES ('340', '1', 'Breno Torres', null, null, null, null, '\0', '\0', null, null, null, null, null, '\0', null, '\0', null, '\0', null, '\0', null, '\0', null, '\0', null);
INSERT INTO `person` VALUES ('341', '1', 'Diego Alves Leite', null, null, null, null, '\0', '\0', null, null, null, null, null, '\0', null, '\0', null, '\0', null, '\0', null, '\0', null, '\0', null);
INSERT INTO `person` VALUES ('342', '1', 'Carlos Alonso', null, null, null, null, '\0', '\0', null, null, null, null, null, '\0', null, '\0', null, '\0', null, '', '2016-05-05', '\0', null, '\0', null);
INSERT INTO `person` VALUES ('343', '1', 'Eliseu Boer', null, null, null, null, '\0', '\0', null, null, null, null, null, '\0', null, '\0', null, '\0', null, '', '2016-05-05', '\0', null, '\0', null);
INSERT INTO `person` VALUES ('344', '1', 'Evandro Sinisgalli', null, null, null, null, '\0', '\0', null, null, null, null, null, '\0', null, '\0', null, '\0', null, '', '2016-05-05', '\0', null, '\0', null);
INSERT INTO `person` VALUES ('345', '1', 'Fernando Masanori', null, null, null, null, '\0', '\0', null, null, null, null, null, '\0', null, '\0', null, '\0', null, '', '2016-05-05', '\0', null, '\0', null);
INSERT INTO `person` VALUES ('346', '1', 'Ivan Balducii', null, null, null, null, '\0', '\0', null, null, null, null, null, '\0', null, '\0', null, '\0', null, '', '2016-05-05', '\0', null, '\0', null);
INSERT INTO `person` VALUES ('347', '1', 'Marcelo Saba', null, null, null, null, '\0', '\0', null, null, null, null, null, '\0', null, '\0', null, '\0', null, '', '2016-05-05', '\0', null, '\0', null);
INSERT INTO `person` VALUES ('348', '1', 'Matheus Mascarenhas', null, null, null, null, '\0', '\0', null, null, null, null, null, '\0', null, '\0', null, '\0', null, '', '2016-05-05', '\0', null, '\0', null);
INSERT INTO `person` VALUES ('349', '1', 'Pe. Cesário Motta', null, null, null, null, '\0', '\0', null, null, null, null, null, '\0', null, '\0', null, '\0', null, '', '2016-05-05', '\0', null, '\0', null);
INSERT INTO `person` VALUES ('350', '1', 'Pe. Guilherme Ximenes', null, null, null, null, '\0', '\0', null, null, null, null, null, '\0', null, '\0', null, '\0', null, '', '2016-05-05', '\0', null, '\0', null);
INSERT INTO `person` VALUES ('351', '1', 'Jonas Lemos', null, null, null, null, '\0', '\0', null, null, null, null, null, '\0', null, '\0', null, '\0', null, '', '2016-05-10', '\0', null, '\0', null);
INSERT INTO `person` VALUES ('352', '1', 'Ronaldo Pelá', null, null, null, null, '\0', '\0', null, null, null, null, null, '\0', null, '\0', null, '\0', null, '', '2016-05-11', '\0', null, '\0', null);
INSERT INTO `person` VALUES ('353', '1', 'Tânia Maria Carvalho de Paula', null, null, null, null, '\0', '\0', null, null, null, null, null, '\0', null, '\0', null, '\0', null, '', '2016-05-05', '\0', null, '\0', null);
INSERT INTO `person` VALUES ('354', '1', 'Felipe Marmiti', null, null, null, null, '\0', '\0', null, null, null, null, null, '\0', null, '\0', null, '\0', null, '', '2016-11-05', '\0', null, '\0', null);
INSERT INTO `person` VALUES ('355', '1', 'Guilherme de Paula Santos Galhardo', null, null, null, null, '\0', '\0', null, null, null, null, null, '\0', null, '\0', null, '\0', null, '\0', null, '\0', null, '\0', null);
INSERT INTO `person` VALUES ('356', '1', 'Vinicius Peluso', null, null, null, null, '\0', '\0', null, null, null, null, null, '\0', null, '\0', null, '\0', null, '', '2016-10-31', '\0', null, '\0', null);
INSERT INTO `person` VALUES ('357', '1', 'Alexandre Toshio', null, null, null, null, '\0', '\0', null, null, null, null, null, '\0', null, '\0', null, '\0', null, '', '2016-11-30', '\0', null, '\0', null);
INSERT INTO `person` VALUES ('358', '1', 'Igor Cesar Ribeiro', null, null, null, null, '\0', '\0', null, null, null, null, null, '\0', null, '\0', null, '\0', null, '', '2016-12-07', '\0', null, '\0', null);
INSERT INTO `person` VALUES ('359', '1', 'José Adalberto de Paula', null, null, null, null, '\0', '\0', null, null, null, null, null, '\0', null, '\0', null, '\0', null, '', '2016-12-20', '\0', null, '\0', null);
INSERT INTO `person` VALUES ('360', '1', 'Miguel (tio Fabi)', null, null, null, null, '\0', '\0', null, null, null, null, null, '\0', null, '\0', null, '\0', null, '', '2016-12-31', '\0', null, '\0', null);
INSERT INTO `person` VALUES ('361', '1', 'Elber Silva dos Santos', null, null, null, null, '\0', '\0', null, null, null, null, null, '\0', null, '\0', null, '\0', null, '', '2016-01-05', '\0', null, '\0', null);
INSERT INTO `person` VALUES ('362', '1', 'Rodrigo Neves', null, null, null, null, '\0', '\0', null, null, null, null, null, '\0', null, '\0', null, '\0', null, '', '2017-01-08', '\0', null, '\0', null);
INSERT INTO `person` VALUES ('363', '1', 'Rafael Sales Martins', null, null, null, null, '\0', '\0', null, null, null, null, null, '\0', null, '\0', null, '\0', null, '\0', null, '\0', null, '\0', null);
INSERT INTO `person` VALUES ('364', '1', 'Rafael Prata de Souza', null, null, null, null, '\0', '\0', null, null, null, null, null, '\0', null, '\0', null, '\0', null, '', '2017-01-14', '\0', null, '\0', null);
INSERT INTO `person` VALUES ('365', '1', 'David Renan Mendonça', null, null, null, null, '\0', '\0', null, null, null, null, null, '\0', null, '\0', null, '\0', null, '', '2017-01-14', '\0', null, '\0', null);
INSERT INTO `person` VALUES ('366', '1', 'Luiz Gustavo', null, null, null, null, '\0', '\0', null, null, null, null, null, '\0', null, '\0', null, '\0', null, '', '2017-01-15', '\0', null, '\0', null);
INSERT INTO `person` VALUES ('367', '1', 'Raphael Gramelich', null, null, null, null, '\0', '\0', null, null, null, null, null, '\0', null, '\0', null, '\0', null, '', '2017-01-16', '\0', null, '\0', null);
INSERT INTO `person` VALUES ('368', '1', 'Miguel Saggin', null, null, null, null, '\0', '\0', null, null, null, null, null, '\0', null, '\0', null, '\0', null, '', '2017-03-09', '\0', null, '\0', null);
INSERT INTO `person` VALUES ('369', '1', 'Henrique Pereira ITA', null, null, null, null, '\0', '\0', null, null, null, null, null, '\0', null, '\0', null, '\0', null, '', '2017-03-09', '\0', null, '\0', null);
INSERT INTO `person` VALUES ('370', null, 'Lucas Silva Soares da Costa', null, null, null, null, '\0', '\0', null, null, null, null, null, '\0', null, '\0', null, '\0', null, '', '2017-05-02', '\0', null, '\0', null);
INSERT INTO `person` VALUES ('371', '1', 'Nicolas Gebrim (NEW)', null, null, null, null, '\0', '\0', '0', null, null, null, null, '\0', null, '\0', null, '\0', null, '\0', null, '\0', null, '\0', null);
INSERT INTO `person` VALUES ('372', '1', 'Wilson Mendes de Souza (NEW)', null, null, null, null, '\0', '\0', '0', null, null, null, null, '\0', null, '\0', null, '\0', null, '\0', null, '\0', null, '\0', null);
INSERT INTO `person` VALUES ('373', '1', 'Emerson Castro (NEW)', null, null, null, null, '\0', '\0', '0', null, null, null, null, '\0', null, '\0', null, '\0', null, '\0', null, '\0', null, '\0', null);
INSERT INTO `person` VALUES ('374', '1', 'Rafael (amigo do Artur) (NEW)', null, null, null, null, '\0', '\0', '0', null, null, null, null, '\0', null, '\0', null, '\0', null, '\0', null, '\0', null, '\0', null);
INSERT INTO `person` VALUES ('375', '1', 'Diego Barreto (NEW)', null, null, null, null, '\0', '\0', '0', null, null, null, null, '\0', null, '\0', null, '\0', null, '\0', null, '\0', null, '\0', null);
INSERT INTO `person` VALUES ('376', '1', 'Gilles Dias (NEW)', null, null, null, null, '\0', '\0', '0', null, null, null, null, '\0', null, '\0', null, '\0', null, '\0', null, '\0', null, '\0', null);
INSERT INTO `person` VALUES ('377', '1', 'null (NEW)', null, null, null, null, '\0', '\0', '0', null, null, null, null, '\0', null, '\0', null, '\0', null, '\0', null, '\0', null, '\0', null);
INSERT INTO `person` VALUES ('381', '1', 'Bruno Freitas', null, null, null, null, '\0', '\0', null, null, null, null, null, '\0', null, '\0', null, '\0', null, '\0', null, '\0', null, '\0', null);
INSERT INTO `person` VALUES ('382', '1', 'Luis Felipe Romano', null, null, null, null, '\0', '\0', null, null, null, null, null, '\0', null, '\0', null, '\0', null, '\0', null, '\0', null, '\0', null);
INSERT INTO `person` VALUES ('383', '1', 'Mateus Rossato', null, null, null, null, '\0', '\0', null, null, null, null, null, '\0', null, '\0', null, '\0', null, '\0', null, '\0', null, '\0', null);
INSERT INTO `person` VALUES ('384', '1', 'Nicolas Marcondes', null, null, null, null, '\0', '\0', null, null, null, null, null, '\0', null, '\0', null, '\0', null, '\0', null, '\0', null, '\0', null);
INSERT INTO `person` VALUES ('385', '1', 'Raul Toledo', null, null, null, null, '\0', '\0', null, null, null, null, null, '\0', null, '\0', null, '\0', null, '\0', null, '\0', null, '\0', null);
INSERT INTO `person` VALUES ('386', '1', 'Thiago Alcântara', null, null, null, null, '\0', '\0', null, null, null, null, null, '\0', null, '\0', null, '\0', null, '\0', null, '\0', null, '\0', null);

-- ----------------------------
-- Table structure for sharing
-- ----------------------------
DROP TABLE IF EXISTS `sharing`;
CREATE TABLE `sharing` (
  `id` bigint(20) NOT NULL AUTO_INCREMENT,
  `type` char(1) DEFAULT NULL,
  `activity_id` bigint(20) DEFAULT NULL,
  `user_id` bigint(20) DEFAULT NULL,
  PRIMARY KEY (`id`),
  KEY `FKern95y6g83x9tocqnxup92vmr` (`activity_id`) USING BTREE,
  KEY `FKb6lnq5lh9klrgdkx854j9cry1` (`user_id`) USING BTREE,
  CONSTRAINT `sharing_ibfk_1` FOREIGN KEY (`user_id`) REFERENCES `user` (`id`),
  CONSTRAINT `sharing_ibfk_2` FOREIGN KEY (`activity_id`) REFERENCES `activity` (`id`)
) ENGINE=InnoDB AUTO_INCREMENT=9 DEFAULT CHARSET=latin1;

-- ----------------------------
-- Records of sharing
-- ----------------------------
INSERT INTO `sharing` VALUES ('1', 'O', '1', '1');
INSERT INTO `sharing` VALUES ('2', 'O', '2', '1');
INSERT INTO `sharing` VALUES ('3', 'O', '3', '1');
INSERT INTO `sharing` VALUES ('4', 'O', '4', '1');
INSERT INTO `sharing` VALUES ('5', 'O', '5', '1');
INSERT INTO `sharing` VALUES ('6', 'O', '6', '1');
INSERT INTO `sharing` VALUES ('7', 'O', '7', '1');
INSERT INTO `sharing` VALUES ('8', 'O', '8', '1');

-- ----------------------------
-- Table structure for temp_migration
-- ----------------------------
DROP TABLE IF EXISTS `temp_migration`;
CREATE TABLE `temp_migration` (
  `ano` varchar(255) NOT NULL,
  `nome` varchar(255) NOT NULL,
  `atividade` varchar(255) DEFAULT NULL
) ENGINE=MyISAM DEFAULT CHARSET=latin1;

-- ----------------------------
-- Records of temp_migration
-- ----------------------------
INSERT INTO `temp_migration` VALUES ('2016', 'Alan Nelson Gusmão Freitas', 'medit');
INSERT INTO `temp_migration` VALUES ('2016', 'Afonso Alves', 'medit');
INSERT INTO `temp_migration` VALUES ('2016', 'Abel França Malinverno', 'desp');
INSERT INTO `temp_migration` VALUES ('2016', 'Alan Nelson Gusmão Freitas', 'desp');
INSERT INTO `temp_migration` VALUES ('2016', 'Alex Henrique Gusmão Freitas', 'desp');
INSERT INTO `temp_migration` VALUES ('2016', 'Alexander Rafael Gonçalves', 'desp');
INSERT INTO `temp_migration` VALUES ('2016', 'Anderson Valões Silva', 'desp');
INSERT INTO `temp_migration` VALUES ('2016', 'André Gracioso', 'desp');
INSERT INTO `temp_migration` VALUES ('2016', 'André Luiz da Silva', 'desp');
INSERT INTO `temp_migration` VALUES ('2016', 'André Saraiva', 'desp');
INSERT INTO `temp_migration` VALUES ('2016', 'Armando de Sousa R. Modenes', 'desp');
INSERT INTO `temp_migration` VALUES ('2016', 'Arthur Barbosa Silva', 'desp');
INSERT INTO `temp_migration` VALUES ('2016', 'Atos Anael Moraes', 'desp');
INSERT INTO `temp_migration` VALUES ('2016', 'Bernardo Alvim', 'desp');
INSERT INTO `temp_migration` VALUES ('2016', 'Bráulio Uchoa', 'desp');
INSERT INTO `temp_migration` VALUES ('2016', 'Brendo Yugi Katagi', 'desp');
INSERT INTO `temp_migration` VALUES ('2016', 'Bruno César Muniz de Oliveira', 'desp');
INSERT INTO `temp_migration` VALUES ('2016', 'Bruno de Morais', 'desp');
INSERT INTO `temp_migration` VALUES ('2016', 'Bruno Freitas', 'desp');
INSERT INTO `temp_migration` VALUES ('2016', 'Cainã de Souza Oliveira', 'desp');
INSERT INTO `temp_migration` VALUES ('2016', 'Carlos Seki', 'desp');
INSERT INTO `temp_migration` VALUES ('2016', 'Danilo Elias da Silva', 'desp');
INSERT INTO `temp_migration` VALUES ('2016', 'Danilo Fonseca Martins', 'desp');
INSERT INTO `temp_migration` VALUES ('2016', 'Davi Lima de Mesquita', 'desp');
INSERT INTO `temp_migration` VALUES ('2016', 'Davi Ramos de Araújo', 'desp');
INSERT INTO `temp_migration` VALUES ('2016', 'David Amorim Serpa dos Santos', 'desp');
INSERT INTO `temp_migration` VALUES ('2016', 'David Mendonça', 'desp');
INSERT INTO `temp_migration` VALUES ('2016', 'David Nogueira', 'desp');
INSERT INTO `temp_migration` VALUES ('2016', 'Diogo Ramos', 'desp');
INSERT INTO `temp_migration` VALUES ('2016', 'Douglas Abreu', 'desp');
INSERT INTO `temp_migration` VALUES ('2016', 'Eduardo da Silva', 'desp');
INSERT INTO `temp_migration` VALUES ('2016', 'Eduardo Facadio', 'desp');
INSERT INTO `temp_migration` VALUES ('2016', 'Eduardo Longhini', 'desp');
INSERT INTO `temp_migration` VALUES ('2016', 'Eduardo Rogério de Lima', 'desp');
INSERT INTO `temp_migration` VALUES ('2016', 'Erick Gonçalves de Lima', 'desp');
INSERT INTO `temp_migration` VALUES ('2016', 'Fabiano Carvalho de Oliveira', 'desp');
INSERT INTO `temp_migration` VALUES ('2016', 'Fábio Nahoto Saito', 'desp');
INSERT INTO `temp_migration` VALUES ('2016', 'Fabrício Amaral Nunes da Silva', 'desp');
INSERT INTO `temp_migration` VALUES ('2016', 'Fabrício Santos Flauzino', 'desp');
INSERT INTO `temp_migration` VALUES ('2016', 'Felipe Alexandre Lima de Abreu', 'desp');
INSERT INTO `temp_migration` VALUES ('2016', 'Felipe Neder', 'desp');
INSERT INTO `temp_migration` VALUES ('2016', 'Franklin Diniz', 'desp');
INSERT INTO `temp_migration` VALUES ('2016', 'Gabriel José Ferreira Lopes', 'desp');
INSERT INTO `temp_migration` VALUES ('2016', 'Gabriel Luiz dos Santos', 'desp');
INSERT INTO `temp_migration` VALUES ('2016', 'Gabriel MC', 'desp');
INSERT INTO `temp_migration` VALUES ('2016', 'Giusepe Matheus Magalhães', 'desp');
INSERT INTO `temp_migration` VALUES ('2016', 'Glauber de Farias Martins', 'desp');
INSERT INTO `temp_migration` VALUES ('2016', 'Guilherme Castellanos', 'desp');
INSERT INTO `temp_migration` VALUES ('2016', 'Guilherme de Paula Santos Galhardo', 'desp');
INSERT INTO `temp_migration` VALUES ('2016', 'Guilherme Prudente', 'desp');
INSERT INTO `temp_migration` VALUES ('2016', 'Guilherme Zebral dos Santos', 'desp');
INSERT INTO `temp_migration` VALUES ('2016', 'Guillherme Silveira', 'desp');
INSERT INTO `temp_migration` VALUES ('2016', 'Gustavo Loureiro dos Reis', 'desp');
INSERT INTO `temp_migration` VALUES ('2016', 'Gustavo Rigueira Silva', 'desp');
INSERT INTO `temp_migration` VALUES ('2016', 'Halef Karim', 'desp');
INSERT INTO `temp_migration` VALUES ('2016', 'Helder Henrique Ferreira', 'desp');
INSERT INTO `temp_migration` VALUES ('2016', 'Hericson Rodrigo Medeiro de Almeida', 'desp');
INSERT INTO `temp_migration` VALUES ('2016', 'Hilton', 'desp');
INSERT INTO `temp_migration` VALUES ('2016', 'Igor Franzoni', 'desp');
INSERT INTO `temp_migration` VALUES ('2016', 'Ivan Guilhon', 'desp');
INSERT INTO `temp_migration` VALUES ('2016', 'Jefferson Arimatéia', 'desp');
INSERT INTO `temp_migration` VALUES ('2016', 'João Guilherme Bidóia de Lima', 'desp');
INSERT INTO `temp_migration` VALUES ('2016', 'João Marcelo Aguiar Pereira', 'desp');
INSERT INTO `temp_migration` VALUES ('2016', 'João Marcos Miranda', 'desp');
INSERT INTO `temp_migration` VALUES ('2016', 'João Paulo Murta Alves', 'desp');
INSERT INTO `temp_migration` VALUES ('2016', 'João Victor Taveira Parente', 'desp');
INSERT INTO `temp_migration` VALUES ('2016', 'Jonas Bittencourt Santos', 'desp');
INSERT INTO `temp_migration` VALUES ('2016', 'José Carlos Costa', 'desp');
INSERT INTO `temp_migration` VALUES ('2016', 'José Lucas', 'desp');
INSERT INTO `temp_migration` VALUES ('2016', 'José Lucas de Alencar Saraiva', 'desp');
INSERT INTO `temp_migration` VALUES ('2016', 'José Luís Moreira Arruda', 'desp');
INSERT INTO `temp_migration` VALUES ('2016', 'Júlio César Ferreira Filho', 'desp');
INSERT INTO `temp_migration` VALUES ('2016', 'Júlio Kravszenko', 'desp');
INSERT INTO `temp_migration` VALUES ('2016', 'Kalil Gebrim Rodrigues', 'desp');
INSERT INTO `temp_migration` VALUES ('2016', 'Leonardo Cardoso', 'desp');
INSERT INTO `temp_migration` VALUES ('2016', 'Leonardo de Aquino Valentim', 'desp');
INSERT INTO `temp_migration` VALUES ('2016', 'Luan Barros de Oliveira', 'desp');
INSERT INTO `temp_migration` VALUES ('2016', 'Lucas Antonio Maciel', 'desp');
INSERT INTO `temp_migration` VALUES ('2016', 'Lucas Benedito Nunes', 'desp');
INSERT INTO `temp_migration` VALUES ('2016', 'Lucas de Paiva Ribeiro', 'desp');
INSERT INTO `temp_migration` VALUES ('2016', 'Lucas Gonçalves de Campos', 'desp');
INSERT INTO `temp_migration` VALUES ('2016', 'Lucas Inácio da Luz', 'desp');
INSERT INTO `temp_migration` VALUES ('2016', 'Lucas Moura Santana', 'desp');
INSERT INTO `temp_migration` VALUES ('2016', 'Luciano Leal', 'desp');
INSERT INTO `temp_migration` VALUES ('2016', 'Luis Fernando Ramos', 'desp');
INSERT INTO `temp_migration` VALUES ('2016', 'Luiz Pizano Fonseca', 'desp');
INSERT INTO `temp_migration` VALUES ('2016', 'Mário André Peixoto', 'desp');
INSERT INTO `temp_migration` VALUES ('2016', 'Mateus Romani', 'desp');
INSERT INTO `temp_migration` VALUES ('2016', 'Matheus Alexandre ', 'desp');
INSERT INTO `temp_migration` VALUES ('2016', 'Matheus Chaves', 'desp');
INSERT INTO `temp_migration` VALUES ('2016', 'Matheus H. Gomes Monteiro', 'desp');
INSERT INTO `temp_migration` VALUES ('2016', 'Matheus Hideki', 'desp');
INSERT INTO `temp_migration` VALUES ('2016', 'Matheus Padilha Faria Miranda', 'desp');
INSERT INTO `temp_migration` VALUES ('2016', 'Maurício Avelino', 'desp');
INSERT INTO `temp_migration` VALUES ('2016', 'Natanel Davi', 'desp');
INSERT INTO `temp_migration` VALUES ('2016', 'Pedro Augusto Arantes', 'desp');
INSERT INTO `temp_migration` VALUES ('2016', 'Pedro Bernardes', 'desp');
INSERT INTO `temp_migration` VALUES ('2016', 'Pedro Gabriel de Freitas Pinheiro', 'desp');
INSERT INTO `temp_migration` VALUES ('2016', 'Pedro Henrique Alves', 'desp');
INSERT INTO `temp_migration` VALUES ('2016', 'Pedro Yuri Paiva', 'desp');
INSERT INTO `temp_migration` VALUES ('2016', 'Rafael Ribeiro', 'desp');
INSERT INTO `temp_migration` VALUES ('2016', 'Raphael Bueno Guedes', 'desp');
INSERT INTO `temp_migration` VALUES ('2016', 'Raphael Faquineti André', 'desp');
INSERT INTO `temp_migration` VALUES ('2016', 'Raphael Vieira dos Santos', 'desp');
INSERT INTO `temp_migration` VALUES ('2016', 'Raul Lemos', 'desp');
INSERT INTO `temp_migration` VALUES ('2016', 'Raul Toledo', 'desp');
INSERT INTO `temp_migration` VALUES ('2016', 'Renan Souza Toledo', 'desp');
INSERT INTO `temp_migration` VALUES ('2016', 'Renê Ribeiro', 'desp');
INSERT INTO `temp_migration` VALUES ('2016', 'Roberto Chaves Cavalcante', 'desp');
INSERT INTO `temp_migration` VALUES ('2016', 'Rodrigo Cartaxo', 'desp');
INSERT INTO `temp_migration` VALUES ('2016', 'Rodrigo Marques', 'desp');
INSERT INTO `temp_migration` VALUES ('2016', 'Samuel Cerqueira Pinto', 'desp');
INSERT INTO `temp_migration` VALUES ('2016', 'Samuel Strazzer', 'desp');
INSERT INTO `temp_migration` VALUES ('2016', 'Sérgio Dener Simões Donizete', 'desp');
INSERT INTO `temp_migration` VALUES ('2016', 'Sydney Santos', 'desp');
INSERT INTO `temp_migration` VALUES ('2016', 'Téssio Perotti', 'desp');
INSERT INTO `temp_migration` VALUES ('2016', 'Thiago Baumgratz', 'desp');
INSERT INTO `temp_migration` VALUES ('2016', 'Thiago Pereira Diniz Silva', 'desp');
INSERT INTO `temp_migration` VALUES ('2016', 'Thomas Teixeira', 'desp');
INSERT INTO `temp_migration` VALUES ('2016', 'Tiago (Flavinho)', 'desp');
INSERT INTO `temp_migration` VALUES ('2016', 'Victor de Souza Bonfim', 'desp');
INSERT INTO `temp_migration` VALUES ('2016', 'Victor Jucá', 'desp');
INSERT INTO `temp_migration` VALUES ('2016', 'Vinicius Duarte', 'desp');
INSERT INTO `temp_migration` VALUES ('2016', 'Vinicius Lazaroti da Silva', 'desp');
INSERT INTO `temp_migration` VALUES ('2016', 'Wesley Vinicius', 'desp');
INSERT INTO `temp_migration` VALUES ('2016', 'Willian Bittencourt Ribeiro', 'desp');
INSERT INTO `temp_migration` VALUES ('2016', 'Yitzhak', 'desp');
INSERT INTO `temp_migration` VALUES ('2016', 'Yves Alvim', 'desp');
INSERT INTO `temp_migration` VALUES ('2016', 'Luiz Belderrain', 'desp');
INSERT INTO `temp_migration` VALUES ('2016', 'Alessandro José Faria', 'medit');
INSERT INTO `temp_migration` VALUES ('2016', 'Anderson Valões Silva', 'medit');
INSERT INTO `temp_migration` VALUES ('2016', 'André Eugênio', 'medit');
INSERT INTO `temp_migration` VALUES ('2016', 'André Saraiva', 'medit');
INSERT INTO `temp_migration` VALUES ('2016', 'Armando de Sousa R. Modenes', 'medit');
INSERT INTO `temp_migration` VALUES ('2016', 'Artur Covatti', 'medit');
INSERT INTO `temp_migration` VALUES ('2016', 'Atos Anael Moraes', 'medit');
INSERT INTO `temp_migration` VALUES ('2016', 'Bernardo Alvim', 'medit');
INSERT INTO `temp_migration` VALUES ('2016', 'Bráulio Uchoa', 'medit');
INSERT INTO `temp_migration` VALUES ('2016', 'Brendo Yugi Katagi', 'medit');
INSERT INTO `temp_migration` VALUES ('2016', 'Bruno de Morais', 'medit');
INSERT INTO `temp_migration` VALUES ('2016', 'Bruno Machado', 'medit');
INSERT INTO `temp_migration` VALUES ('2016', 'Cainã de Souza Oliveira', 'medit');
INSERT INTO `temp_migration` VALUES ('2016', 'Caio Gomes de Figueredo', 'medit');
INSERT INTO `temp_migration` VALUES ('2016', 'Caio Negreiros', 'medit');
INSERT INTO `temp_migration` VALUES ('2016', 'Carlos Rufino', 'medit');
INSERT INTO `temp_migration` VALUES ('2016', 'Daniel Pestana', 'medit');
INSERT INTO `temp_migration` VALUES ('2016', 'Danilo Elias da Silva', 'medit');
INSERT INTO `temp_migration` VALUES ('2016', 'Danilo Fonseca Martins', 'medit');
INSERT INTO `temp_migration` VALUES ('2016', 'Danilo Gustavo da Silva', 'medit');
INSERT INTO `temp_migration` VALUES ('2016', 'Danilo Nossa', 'medit');
INSERT INTO `temp_migration` VALUES ('2016', 'Davi Lima de Mesquita', 'medit');
INSERT INTO `temp_migration` VALUES ('2016', 'David Amorim Serpa dos Santos', 'medit');
INSERT INTO `temp_migration` VALUES ('2016', 'David Mendonça', 'medit');
INSERT INTO `temp_migration` VALUES ('2016', 'David Nogueira', 'medit');
INSERT INTO `temp_migration` VALUES ('2016', 'Denis Ogassawara', 'medit');
INSERT INTO `temp_migration` VALUES ('2016', 'Diogo Modesto', 'medit');
INSERT INTO `temp_migration` VALUES ('2016', 'Diogo Ramos', 'medit');
INSERT INTO `temp_migration` VALUES ('2016', 'Douglas Abreu', 'medit');
INSERT INTO `temp_migration` VALUES ('2016', 'Douglas Nishiama', 'medit');
INSERT INTO `temp_migration` VALUES ('2016', 'Eduardo Dias', 'medit');
INSERT INTO `temp_migration` VALUES ('2016', 'Eduardo Longhini', 'medit');
INSERT INTO `temp_migration` VALUES ('2016', 'Eduardo Marques', 'medit');
INSERT INTO `temp_migration` VALUES ('2016', 'Eduardo Rogério de Lima', 'medit');
INSERT INTO `temp_migration` VALUES ('2016', 'Elton Gomes', 'medit');
INSERT INTO `temp_migration` VALUES ('2016', 'Erick Gonçalves de Lima', 'medit');
INSERT INTO `temp_migration` VALUES ('2016', 'Fábio de Mello', 'medit');
INSERT INTO `temp_migration` VALUES ('2016', 'Fabrício Amaral Nunes da Silva', 'medit');
INSERT INTO `temp_migration` VALUES ('2016', 'Fabrício Santos Flauzino', 'medit');
INSERT INTO `temp_migration` VALUES ('2016', 'Felipe Alexandre Lima de Abreu', 'medit');
INSERT INTO `temp_migration` VALUES ('2016', 'Felipe Marmiti', 'medit');
INSERT INTO `temp_migration` VALUES ('2016', 'Felipe Neder', 'medit');
INSERT INTO `temp_migration` VALUES ('2016', 'Felipe Toyama', 'medit');
INSERT INTO `temp_migration` VALUES ('2016', 'Francisco Aveiro', 'medit');
INSERT INTO `temp_migration` VALUES ('2016', 'Franklin Diniz', 'medit');
INSERT INTO `temp_migration` VALUES ('2016', 'Gabriel José Ferreira Lopes', 'medit');
INSERT INTO `temp_migration` VALUES ('2016', 'Gabriel Lemes Justino', 'medit');
INSERT INTO `temp_migration` VALUES ('2016', 'Gabriel Lorenzi', 'medit');
INSERT INTO `temp_migration` VALUES ('2016', 'Gabriel Luiz dos Santos', 'medit');
INSERT INTO `temp_migration` VALUES ('2016', 'Giovani Machado', 'medit');
INSERT INTO `temp_migration` VALUES ('2016', 'Glauber de Farias Martins', 'medit');
INSERT INTO `temp_migration` VALUES ('2016', 'Guilherme Aveiro', 'medit');
INSERT INTO `temp_migration` VALUES ('2016', 'Guilherme Carvalho', 'medit');
INSERT INTO `temp_migration` VALUES ('2016', 'Guilherme Costa Guimarães Fernandes', 'medit');
INSERT INTO `temp_migration` VALUES ('2016', 'Guilherme H. Vilela Santos', 'medit');
INSERT INTO `temp_migration` VALUES ('2016', 'Guilherme Nakamura', 'medit');
INSERT INTO `temp_migration` VALUES ('2016', 'Guilherme Prudente', 'medit');
INSERT INTO `temp_migration` VALUES ('2016', 'Guilherme Ribeiro', 'medit');
INSERT INTO `temp_migration` VALUES ('2016', 'Guilherme Vinicius Gomes', 'medit');
INSERT INTO `temp_migration` VALUES ('2016', 'Guilherme Zebral dos Santos', 'medit');
INSERT INTO `temp_migration` VALUES ('2016', 'Halef Karim', 'medit');
INSERT INTO `temp_migration` VALUES ('2016', 'Heitor Campos', 'medit');
INSERT INTO `temp_migration` VALUES ('2016', 'Helder Henrique Ferreira', 'medit');
INSERT INTO `temp_migration` VALUES ('2016', 'Hericson Rodrigo Medeiro de Almeida', 'medit');
INSERT INTO `temp_migration` VALUES ('2016', 'Ivan Guilhon', 'medit');
INSERT INTO `temp_migration` VALUES ('2016', 'Jasson', 'medit');
INSERT INTO `temp_migration` VALUES ('2016', 'Jefferson Colaço', 'medit');
INSERT INTO `temp_migration` VALUES ('2016', 'João Bezerra', 'medit');
INSERT INTO `temp_migration` VALUES ('2016', 'João Carlos Pimentel da Silva', 'medit');
INSERT INTO `temp_migration` VALUES ('2016', 'João Gabriel Máximo', 'medit');
INSERT INTO `temp_migration` VALUES ('2016', 'João Guilherme Bidóia de Lima', 'medit');
INSERT INTO `temp_migration` VALUES ('2016', 'João Marcelo Aguiar Pereira', 'medit');
INSERT INTO `temp_migration` VALUES ('2016', 'João Marcos Miranda', 'medit');
INSERT INTO `temp_migration` VALUES ('2016', 'João Paulo Murta Alves', 'medit');
INSERT INTO `temp_migration` VALUES ('2016', 'João Victor Taveira Parente', 'medit');
INSERT INTO `temp_migration` VALUES ('2016', 'Jonas Bittencourt Santos', 'medit');
INSERT INTO `temp_migration` VALUES ('2016', 'Jonas Rodrigues', 'medit');
INSERT INTO `temp_migration` VALUES ('2016', 'José Faria Neto', 'medit');
INSERT INTO `temp_migration` VALUES ('2016', 'José Lucas de Alencar Saraiva', 'medit');
INSERT INTO `temp_migration` VALUES ('2016', 'José Luís Moreira Arruda', 'medit');
INSERT INTO `temp_migration` VALUES ('2016', 'José Maurício Cunha', 'medit');
INSERT INTO `temp_migration` VALUES ('2016', 'José Negrin', 'medit');
INSERT INTO `temp_migration` VALUES ('2016', 'Júlio César Toledo Diniz', 'medit');
INSERT INTO `temp_migration` VALUES ('2016', 'Júlio Kravszenko', 'medit');
INSERT INTO `temp_migration` VALUES ('2016', 'Junior Nascimento', 'medit');
INSERT INTO `temp_migration` VALUES ('2016', 'Kalil Gebrim Rodrigues', 'medit');
INSERT INTO `temp_migration` VALUES ('2016', 'Leonardo Cardoso', 'medit');
INSERT INTO `temp_migration` VALUES ('2016', 'Leonardo Mendes', 'medit');
INSERT INTO `temp_migration` VALUES ('2016', 'Lucas Aguiar Pereira', 'medit');
INSERT INTO `temp_migration` VALUES ('2016', 'Lucas Antonio Maciel', 'medit');
INSERT INTO `temp_migration` VALUES ('2016', 'Lucas Benedito Nunes', 'medit');
INSERT INTO `temp_migration` VALUES ('2016', 'Lucas Farias', 'medit');
INSERT INTO `temp_migration` VALUES ('2016', 'Lucas Gonçalves de Campos', 'medit');
INSERT INTO `temp_migration` VALUES ('2016', 'Lucas Inácio da Luz', 'medit');
INSERT INTO `temp_migration` VALUES ('2016', 'Lucas Moura Santana', 'medit');
INSERT INTO `temp_migration` VALUES ('2016', 'Lucas Nascimento Silva', 'medit');
INSERT INTO `temp_migration` VALUES ('2016', 'Lucas Oliveira', 'medit');
INSERT INTO `temp_migration` VALUES ('2016', 'Lucas Valentim', 'medit');
INSERT INTO `temp_migration` VALUES ('2016', 'Luis Fernando Ramos', 'medit');
INSERT INTO `temp_migration` VALUES ('2016', 'Luiz Belderrain', 'medit');
INSERT INTO `temp_migration` VALUES ('2016', 'Luiz Pizano Fonseca', 'medit');
INSERT INTO `temp_migration` VALUES ('2016', 'Marcelo Cavazzoni', 'medit');
INSERT INTO `temp_migration` VALUES ('2016', 'Marcos Diniz', 'medit');
INSERT INTO `temp_migration` VALUES ('2016', 'Marcos Vinicius', 'medit');
INSERT INTO `temp_migration` VALUES ('2016', 'Mário André Peixoto', 'medit');
INSERT INTO `temp_migration` VALUES ('2016', 'Mateus Leite', 'medit');
INSERT INTO `temp_migration` VALUES ('2016', 'Mateus Menezes Coelho', 'medit');
INSERT INTO `temp_migration` VALUES ('2016', 'Mateus Romani', 'medit');
INSERT INTO `temp_migration` VALUES ('2016', 'Matheus Chaves', 'medit');
INSERT INTO `temp_migration` VALUES ('2016', 'Matheus H. Gomes Monteiro', 'medit');
INSERT INTO `temp_migration` VALUES ('2016', 'Matheus Hideki', 'medit');
INSERT INTO `temp_migration` VALUES ('2016', 'Maurício Resende', 'medit');
INSERT INTO `temp_migration` VALUES ('2016', 'Murilo Zebral dos Santos', 'medit');
INSERT INTO `temp_migration` VALUES ('2016', 'Nathan Galvão', 'medit');
INSERT INTO `temp_migration` VALUES ('2016', 'Neimar Juliano Albano', 'medit');
INSERT INTO `temp_migration` VALUES ('2016', 'Nicolas Marcondes', 'medit');
INSERT INTO `temp_migration` VALUES ('2016', 'Patrick Korny', 'medit');
INSERT INTO `temp_migration` VALUES ('2016', 'Paulo Bassani ', 'medit');
INSERT INTO `temp_migration` VALUES ('2016', 'Paulo Emílio', 'medit');
INSERT INTO `temp_migration` VALUES ('2016', 'Pedro Bittencourt', 'medit');
INSERT INTO `temp_migration` VALUES ('2016', 'Pedro Henrique Alves', 'medit');
INSERT INTO `temp_migration` VALUES ('2016', 'Pedro Henrique Máximo', 'medit');
INSERT INTO `temp_migration` VALUES ('2016', 'Pedro Jun', 'medit');
INSERT INTO `temp_migration` VALUES ('2016', 'Pedro Santiago', 'medit');
INSERT INTO `temp_migration` VALUES ('2016', 'Pedro Vilhena', 'medit');
INSERT INTO `temp_migration` VALUES ('2016', 'Pedro Yuri Paiva', 'medit');
INSERT INTO `temp_migration` VALUES ('2016', 'Rafael Carvalho', 'medit');
INSERT INTO `temp_migration` VALUES ('2016', 'Rafael Lopes', 'medit');
INSERT INTO `temp_migration` VALUES ('2016', 'Rafael Luiz dos Santos', 'medit');
INSERT INTO `temp_migration` VALUES ('2016', 'Rafael Oliveira Andrade', 'medit');
INSERT INTO `temp_migration` VALUES ('2016', 'Rafael Ribeiro', 'medit');
INSERT INTO `temp_migration` VALUES ('2016', 'Rafael Sales Martins', 'medit');
INSERT INTO `temp_migration` VALUES ('2016', 'Raphael Faquineti André', 'medit');
INSERT INTO `temp_migration` VALUES ('2016', 'Raul Lemos', 'medit');
INSERT INTO `temp_migration` VALUES ('2016', 'Renan Souza Toledo', 'medit');
INSERT INTO `temp_migration` VALUES ('2016', 'Renê Ribeiro', 'medit');
INSERT INTO `temp_migration` VALUES ('2016', 'Roberto Chaves Cavalcante', 'medit');
INSERT INTO `temp_migration` VALUES ('2016', 'Rodrigo Cartaxo', 'medit');
INSERT INTO `temp_migration` VALUES ('2016', 'Rodrigo Iwashita', 'medit');
INSERT INTO `temp_migration` VALUES ('2016', 'Rodrigo Marques', 'medit');
INSERT INTO `temp_migration` VALUES ('2016', 'Samuel Cerqueira Pinto', 'medit');
INSERT INTO `temp_migration` VALUES ('2016', 'Sérgio Dener Simões Donizete', 'medit');
INSERT INTO `temp_migration` VALUES ('2016', 'Thiago Pereira Diniz Silva', 'medit');
INSERT INTO `temp_migration` VALUES ('2016', 'Thiago Portela', 'medit');
INSERT INTO `temp_migration` VALUES ('2016', 'Thiago Vilhena', 'medit');
INSERT INTO `temp_migration` VALUES ('2016', 'Thomas Guedes', 'medit');
INSERT INTO `temp_migration` VALUES ('2016', 'Thomas Teixeira', 'medit');
INSERT INTO `temp_migration` VALUES ('2016', 'Tibor', 'medit');
INSERT INTO `temp_migration` VALUES ('2016', 'Victor de Souza Bonfim', 'medit');
INSERT INTO `temp_migration` VALUES ('2016', 'Victor Jucá', 'medit');
INSERT INTO `temp_migration` VALUES ('2016', 'Vinicius Duarte', 'medit');
INSERT INTO `temp_migration` VALUES ('2016', 'Vinicius Gonçalves', 'medit');
INSERT INTO `temp_migration` VALUES ('2016', 'Vitor Yuti', 'medit');
INSERT INTO `temp_migration` VALUES ('2016', 'Willian Bittencourt Ribeiro', 'medit');
INSERT INTO `temp_migration` VALUES ('2016', 'Yitzhak', 'medit');
INSERT INTO `temp_migration` VALUES ('2016', 'Yves Alvim', 'medit');
INSERT INTO `temp_migration` VALUES ('2016', 'Pedro Augusto Arantes', 'medit');
INSERT INTO `temp_migration` VALUES ('2016', 'Thiago Alcântara', 'medit');
INSERT INTO `temp_migration` VALUES ('2016', 'Mateus Rossato', 'medit');
INSERT INTO `temp_migration` VALUES ('2016', 'Marcus Silva', 'medit');
INSERT INTO `temp_migration` VALUES ('2016', 'Igor Franzoni', 'medit');
INSERT INTO `temp_migration` VALUES ('2016', 'Luis Felipe Romano', 'medit');
INSERT INTO `temp_migration` VALUES ('2016', 'Luis Felipe Romano', 'medit');
INSERT INTO `temp_migration` VALUES ('2016', 'Alan Nelson Gusmão Freitas', 'reco');
INSERT INTO `temp_migration` VALUES ('2016', 'André Eugênio', 'medit');
INSERT INTO `temp_migration` VALUES ('2016', 'André Saraiva', 'reco');
INSERT INTO `temp_migration` VALUES ('2016', 'Atos Anael Moraes', 'medit');
INSERT INTO `temp_migration` VALUES ('2016', 'Bráulio Uchoa', 'reco');
INSERT INTO `temp_migration` VALUES ('2016', 'Brendo Yugi Katagi', 'medit');
INSERT INTO `temp_migration` VALUES ('2016', 'Bruno de Morais', 'reco');
INSERT INTO `temp_migration` VALUES ('2016', 'Caio Gomes de Figueredo', 'medit');
INSERT INTO `temp_migration` VALUES ('2016', 'Caio Monteiro', 'reco');
INSERT INTO `temp_migration` VALUES ('2016', 'Caio Negreiros', 'medit');
INSERT INTO `temp_migration` VALUES ('2016', 'Daniel Pestana', 'reco');
INSERT INTO `temp_migration` VALUES ('2016', 'Danilo Fonseca Martins', 'medit');
INSERT INTO `temp_migration` VALUES ('2016', 'Davi Lima de Mesquita', 'reco');
INSERT INTO `temp_migration` VALUES ('2016', 'David Mendonça', 'medit');
INSERT INTO `temp_migration` VALUES ('2016', 'David Nogueira', 'reco');
INSERT INTO `temp_migration` VALUES ('2016', 'Donizete Santana', 'medit');
INSERT INTO `temp_migration` VALUES ('2016', 'Douglas Abreu', 'reco');
INSERT INTO `temp_migration` VALUES ('2016', 'Douglas Nishiama', 'medit');
INSERT INTO `temp_migration` VALUES ('2016', 'Eduardo Longhini', 'reco');
INSERT INTO `temp_migration` VALUES ('2016', 'Eric Gomes Conrado', 'medit');
INSERT INTO `temp_migration` VALUES ('2016', 'Erick Gonçalves de Lima', 'reco');
INSERT INTO `temp_migration` VALUES ('2016', 'Fabrício Santos Flauzino', 'medit');
INSERT INTO `temp_migration` VALUES ('2016', 'Felipe Neder', 'reco');
INSERT INTO `temp_migration` VALUES ('2016', 'Francisco Aveiro', 'medit');
INSERT INTO `temp_migration` VALUES ('2016', 'Franklin Diniz', 'reco');
INSERT INTO `temp_migration` VALUES ('2016', 'Gabriel José Ferreira Lopes', 'medit');
INSERT INTO `temp_migration` VALUES ('2016', 'Gabriel Lemes Justino', 'reco');
INSERT INTO `temp_migration` VALUES ('2016', 'Glauber de Farias Martins', 'medit');
INSERT INTO `temp_migration` VALUES ('2016', 'Guilherme Costa Guimarães Fernandes', 'reco');
INSERT INTO `temp_migration` VALUES ('2016', 'Halef Karim', 'medit');
INSERT INTO `temp_migration` VALUES ('2016', 'Hericson Rodrigo Medeiro de Almeida', 'reco');
INSERT INTO `temp_migration` VALUES ('2016', 'Igor César de Lima', 'medit');
INSERT INTO `temp_migration` VALUES ('2016', 'Ivan Guilhon', 'reco');
INSERT INTO `temp_migration` VALUES ('2016', 'João Marcelo Aguiar Pereira', 'medit');
INSERT INTO `temp_migration` VALUES ('2016', 'João Marcos Miranda', 'reco');
INSERT INTO `temp_migration` VALUES ('2016', 'João Victor Taveira Parente', 'medit');
INSERT INTO `temp_migration` VALUES ('2016', 'Jonas Bittencourt Santos', 'reco');
INSERT INTO `temp_migration` VALUES ('2016', 'Jonas Rodrigues', 'medit');
INSERT INTO `temp_migration` VALUES ('2016', 'José Lucas de Alencar Saraiva', 'reco');
INSERT INTO `temp_migration` VALUES ('2016', 'José Luís Moreira Arruda', 'medit');
INSERT INTO `temp_migration` VALUES ('2016', 'José Maurício Cunha', 'reco');
INSERT INTO `temp_migration` VALUES ('2016', 'José Negrin', 'medit');
INSERT INTO `temp_migration` VALUES ('2016', 'Kalil Gebrim Rodrigues', 'reco');
INSERT INTO `temp_migration` VALUES ('2016', 'Leonardo Cardoso', 'medit');
INSERT INTO `temp_migration` VALUES ('2016', 'Lucas Benedito Nunes', 'reco');
INSERT INTO `temp_migration` VALUES ('2016', 'Lucas Moura Santana', 'medit');
INSERT INTO `temp_migration` VALUES ('2016', 'Lucas Valentim', 'reco');
INSERT INTO `temp_migration` VALUES ('2016', 'Luis Meazzini', 'medit');
INSERT INTO `temp_migration` VALUES ('2016', 'Marcelo Cavazzoni', 'reco');
INSERT INTO `temp_migration` VALUES ('2016', 'Marcos Diniz', 'medit');
INSERT INTO `temp_migration` VALUES ('2016', 'Marcus Silva', 'reco');
INSERT INTO `temp_migration` VALUES ('2016', 'Mário André Peixoto', 'medit');
INSERT INTO `temp_migration` VALUES ('2016', 'Mateus Leite', 'reco');
INSERT INTO `temp_migration` VALUES ('2016', 'Mateus Romani', 'medit');
INSERT INTO `temp_migration` VALUES ('2016', 'Matheus Chaves', 'reco');
INSERT INTO `temp_migration` VALUES ('2016', 'Matheus Hideki', 'medit');
INSERT INTO `temp_migration` VALUES ('2016', 'Patrick Korny', 'reco');
INSERT INTO `temp_migration` VALUES ('2016', 'Pedro Henrique Alves', 'medit');
INSERT INTO `temp_migration` VALUES ('2016', 'Pedro Yuri Paiva', 'reco');
INSERT INTO `temp_migration` VALUES ('2016', 'Rafael Lopes', 'medit');
INSERT INTO `temp_migration` VALUES ('2016', 'Rafael Ribeiro', 'reco');
INSERT INTO `temp_migration` VALUES ('2016', 'Raul Lemos', 'medit');
INSERT INTO `temp_migration` VALUES ('2016', 'Rian', 'reco');
INSERT INTO `temp_migration` VALUES ('2016', 'Roberto Chaves Cavalcante', 'medit');
INSERT INTO `temp_migration` VALUES ('2016', 'Rodrigo Cartaxo', 'reco');
INSERT INTO `temp_migration` VALUES ('2016', 'Rodrigo Iwashita', 'medit');
INSERT INTO `temp_migration` VALUES ('2016', 'Rodrigo Marques', 'reco');
INSERT INTO `temp_migration` VALUES ('2016', 'Samuel Cerqueira Pinto', 'medit');
INSERT INTO `temp_migration` VALUES ('2016', 'Thiago Pereira Diniz Silva', 'reco');
INSERT INTO `temp_migration` VALUES ('2016', 'Thomas Guedes', 'medit');
INSERT INTO `temp_migration` VALUES ('2016', 'Thomas Teixeira', 'reco');
INSERT INTO `temp_migration` VALUES ('2016', 'Victor de Souza Bonfim', 'medit');
INSERT INTO `temp_migration` VALUES ('2016', 'Victor Jucá', 'reco');
INSERT INTO `temp_migration` VALUES ('2016', 'Vinicius Duarte', 'medit');
INSERT INTO `temp_migration` VALUES ('2016', 'Vinicius Gonçalves', 'reco');
INSERT INTO `temp_migration` VALUES ('2016', 'Willian Bittencourt Ribeiro', 'medit');
INSERT INTO `temp_migration` VALUES ('2016', 'Yitzhak', 'reco');
INSERT INTO `temp_migration` VALUES ('2016', 'Felipe Marmiti', 'medit');
INSERT INTO `temp_migration` VALUES ('2016', 'Guilherme de Paula Santos Galhardo', 'reco');
INSERT INTO `temp_migration` VALUES ('2016', 'Igor Franzoni', 'medit');
INSERT INTO `temp_migration` VALUES ('2016', 'Luis Felipe Romano', 'reco');
INSERT INTO `temp_migration` VALUES ('2016', 'Luis Felipe Romano', 'reco');
INSERT INTO `temp_migration` VALUES ('2016', 'Alexandre Alli', 'reco');
INSERT INTO `temp_migration` VALUES ('2016', 'Luis Felipe Romano', 'reco');
INSERT INTO `temp_migration` VALUES ('2016', 'Alexandre Alli', 'reco');
INSERT INTO `temp_migration` VALUES ('2016', 'Alexandre Liiberal', 'reco');
INSERT INTO `temp_migration` VALUES ('2016', 'Atos Anael Moraes', 'reco');
INSERT INTO `temp_migration` VALUES ('2016', 'Bernardo Alvim', 'reco');
INSERT INTO `temp_migration` VALUES ('2016', 'Breno Torres', 'reco');
INSERT INTO `temp_migration` VALUES ('2016', 'Diego Alves Leite', 'reco');
INSERT INTO `temp_migration` VALUES ('2016', 'Diego B. Lima', 'reco');
INSERT INTO `temp_migration` VALUES ('2016', 'Erick Gonçalves de Lima', 'reco');
INSERT INTO `temp_migration` VALUES ('2016', 'Francisco Assis', 'reco');
INSERT INTO `temp_migration` VALUES ('2016', 'Gabriel José Ferreira Lopes', 'reco');
INSERT INTO `temp_migration` VALUES ('2016', 'Gabriel Nogueira', 'reco');
INSERT INTO `temp_migration` VALUES ('2016', 'Ivan Guilhon', 'reco');
INSERT INTO `temp_migration` VALUES ('2016', 'Jasson', 'reco');
INSERT INTO `temp_migration` VALUES ('2016', 'Jefferson Colaço', 'reco');
INSERT INTO `temp_migration` VALUES ('2016', 'João Bezerra', 'reco');
INSERT INTO `temp_migration` VALUES ('2016', 'João Victor Taveira Parente', 'reco');
INSERT INTO `temp_migration` VALUES ('2016', 'Júlio César Ferreira Filho', 'reco');
INSERT INTO `temp_migration` VALUES ('2016', 'Lucas Campos', 'reco');
INSERT INTO `temp_migration` VALUES ('2016', 'Lucas França', 'reco');
INSERT INTO `temp_migration` VALUES ('2016', 'Matheus Hideki', 'reco');
INSERT INTO `temp_migration` VALUES ('2016', 'Pedro Justo', 'reco');
INSERT INTO `temp_migration` VALUES ('2016', 'Rafael Carvalho', 'reco');
INSERT INTO `temp_migration` VALUES ('2016', 'Rodrigo Carvalho', 'reco');
INSERT INTO `temp_migration` VALUES ('2016', 'Willian Bittencourt Ribeiro', 'reco');
INSERT INTO `temp_migration` VALUES ('2016', 'Rodrigo Carvalho', 'cateq');
INSERT INTO `temp_migration` VALUES ('2016', 'Willian Bittencourt Ribeiro', 'cateq');
INSERT INTO `temp_migration` VALUES ('2016', 'Eduardo Longhini', 'cateq');
INSERT INTO `temp_migration` VALUES ('2016', 'Erick Gonçalves de Lima', 'cateq');
INSERT INTO `temp_migration` VALUES ('2016', 'Hericson Rodrigo Medeiro de Almeida', 'cateq');
INSERT INTO `temp_migration` VALUES ('2016', 'João Marcelo Aguiar Pereira', 'cateq');
INSERT INTO `temp_migration` VALUES ('2016', 'Willian Bittencourt Ribeiro', 'cateq');
INSERT INTO `temp_migration` VALUES ('2016', 'Carlos Rufino', 'vpv');
INSERT INTO `temp_migration` VALUES ('2016', 'Erick Gonçalves de Lima', 'vpv');
INSERT INTO `temp_migration` VALUES ('2016', 'Gabriel José Ferreira Lopes', 'vpv');
INSERT INTO `temp_migration` VALUES ('2016', 'Hericson Rodrigo Medeiro de Almeida', 'vpv');
INSERT INTO `temp_migration` VALUES ('2016', 'Igor César de Lima', 'vpv');
INSERT INTO `temp_migration` VALUES ('2016', 'João Marcelo Aguiar Pereira', 'vpv');
INSERT INTO `temp_migration` VALUES ('2016', 'Joel Pereira das Neves', 'vpv');
INSERT INTO `temp_migration` VALUES ('2016', 'Lucas Valentim', 'vpv');
INSERT INTO `temp_migration` VALUES ('2016', 'Mateus Romani', 'vpv');
INSERT INTO `temp_migration` VALUES ('2016', 'Matheus Hideki', 'vpv');
INSERT INTO `temp_migration` VALUES ('2016', 'Glauber de Farias Martins', 'vpv');
INSERT INTO `temp_migration` VALUES ('2016', 'Willian Bittencourt Ribeiro', 'vpv');
INSERT INTO `temp_migration` VALUES ('2016', 'Pedro Yuri Paiva', 'vpv');
INSERT INTO `temp_migration` VALUES ('2016', 'Samuel Cerqueira Pinto', 'vpv');
INSERT INTO `temp_migration` VALUES ('2016', 'Lucas Moura Santana', 'vpv');
INSERT INTO `temp_migration` VALUES ('2016', 'Rodrigo Marques', 'vpv');
INSERT INTO `temp_migration` VALUES ('2016', 'André Gracioso', 'cv');
INSERT INTO `temp_migration` VALUES ('2016', 'Carlos Rufino', 'cv');
INSERT INTO `temp_migration` VALUES ('2016', 'Danilo Fonseca Martins', 'cv');
INSERT INTO `temp_migration` VALUES ('2016', 'Davi Lima de Mesquita', 'cv');
INSERT INTO `temp_migration` VALUES ('2016', 'Diogo Ramos', 'cv');
INSERT INTO `temp_migration` VALUES ('2016', 'Eduardo Longhini', 'cv');
INSERT INTO `temp_migration` VALUES ('2016', 'Erick Gonçalves de Lima', 'cv');
INSERT INTO `temp_migration` VALUES ('2016', 'Fabrício Santos Flauzino', 'cv');
INSERT INTO `temp_migration` VALUES ('2016', 'Gabriel José Ferreira Lopes', 'cv');
INSERT INTO `temp_migration` VALUES ('2016', 'Glauber de Farias Martins', 'cv');
INSERT INTO `temp_migration` VALUES ('2016', 'Henrique Gasparini', 'cv');
INSERT INTO `temp_migration` VALUES ('2016', 'Igor Franzoni', 'cv');
INSERT INTO `temp_migration` VALUES ('2016', 'João Marcos Miranda', 'cv');
INSERT INTO `temp_migration` VALUES ('2016', 'José Luís Moreira Arruda', 'cv');
INSERT INTO `temp_migration` VALUES ('2016', 'Lucas Moura Santana', 'cv');
INSERT INTO `temp_migration` VALUES ('2016', 'Lucas Valentim', 'cv');
INSERT INTO `temp_migration` VALUES ('2016', 'Luiz Pizano Fonseca', 'cv');
INSERT INTO `temp_migration` VALUES ('2016', 'Marcelo Cavazzoni', 'cv');
INSERT INTO `temp_migration` VALUES ('2016', 'Mateus Romani', 'cv');
INSERT INTO `temp_migration` VALUES ('2016', 'Matheus Hideki', 'cv');
INSERT INTO `temp_migration` VALUES ('2016', 'Pedro Yuri Paiva', 'cv');
INSERT INTO `temp_migration` VALUES ('2016', 'Raul Lemos', 'cv');
INSERT INTO `temp_migration` VALUES ('2016', 'Rodrigo Cartaxo', 'cv');
INSERT INTO `temp_migration` VALUES ('2016', 'Rodrigo Marques', 'cv');
INSERT INTO `temp_migration` VALUES ('2016', 'Samuel Cerqueira Pinto', 'cv');
INSERT INTO `temp_migration` VALUES ('2016', 'Victor de Souza Bonfim', 'cv');
INSERT INTO `temp_migration` VALUES ('2016', 'Victor de Souza Bonfim', 'cv');
INSERT INTO `temp_migration` VALUES ('2016', 'Victor Jucá', 'cv');
INSERT INTO `temp_migration` VALUES ('2016', 'Willian Bittencourt Ribeiro', 'cv');

-- ----------------------------
-- Table structure for user
-- ----------------------------
DROP TABLE IF EXISTS `user`;
CREATE TABLE `user` (
  `id` bigint(20) NOT NULL AUTO_INCREMENT,
  `email` varchar(255) DEFAULT NULL,
  `name` varchar(255) DEFAULT NULL,
  `username` varchar(255) DEFAULT NULL,
  PRIMARY KEY (`id`)
) ENGINE=InnoDB AUTO_INCREMENT=2 DEFAULT CHARSET=latin1;

-- ----------------------------
-- Records of user
-- ----------------------------
INSERT INTO `user` VALUES ('1', 'adrinaocarv', 'Adriano Carvalho de Paula', 'adrianocarv@gmail.com');

-- ----------------------------
-- View structure for vw_1_attendance
-- ----------------------------
DROP VIEW IF EXISTS `vw_1_attendance`;
CREATE ALGORITHM=UNDEFINED DEFINER=`root`@`localhost` SQL SECURITY DEFINER  VIEW `vw_1_attendance` AS select `a`.`person_id` AS `person_id`,`p`.`name` AS `name`,`a`.`activity_id` AS `activity_id`,`v`.`name` AS `activity`,`a`.`date` AS `date`,`a`.`id` AS `id` from ((`attendance` `a` join `person` `p`) join `activity` `v`) where ((`a`.`person_id` = `p`.`id`) and (`a`.`activity_id` = `v`.`id`)) ;
