/*
Navicat MySQL Data Transfer

Source Server         : localhost
Source Server Version : 50133
Source Host           : localhost:3306
Source Database       : attendance

Target Server Type    : MYSQL
Target Server Version : 50133
File Encoding         : 65001

Date: 2016-12-30 16:25:09
*/

SET FOREIGN_KEY_CHECKS=0;
-- ----------------------------
-- Table structure for `activity`
-- ----------------------------
DROP TABLE IF EXISTS `activity`;
CREATE TABLE `activity` (
  `id` bigint(20) NOT NULL,
  `name` varchar(255) NOT NULL,
  `complement_name` varchar(255) DEFAULT NULL,
  `description` varchar(255) DEFAULT NULL,
  `entity_id` bigint(20) NOT NULL,
  PRIMARY KEY (`id`),
  KEY `entity_id` (`entity_id`),
  CONSTRAINT `fk_activity_entity1` FOREIGN KEY (`entity_id`) REFERENCES `entity` (`id`) ON DELETE NO ACTION ON UPDATE NO ACTION
) ENGINE=InnoDB DEFAULT CHARSET=latin1;

-- ----------------------------
-- Records of activity
-- ----------------------------
INSERT INTO activity VALUES ('1', 'Direção espiritual', 'sr', null, '1');
INSERT INTO activity VALUES ('2', 'Meditação', 'sr', null, '1');
INSERT INTO activity VALUES ('3', 'Recolhimento', 'sr', null, '1');
INSERT INTO activity VALUES ('4', 'Curso Básico de Doutrina ', null, null, '1');
INSERT INTO activity VALUES ('5', 'Catequese', null, null, '1');
INSERT INTO activity VALUES ('6', 'Círculo', 'sr', null, '1');
INSERT INTO activity VALUES ('7', 'Retiro', 'sr', null, '1');
INSERT INTO activity VALUES ('8', 'Convívio', 'sr', null, '1');
INSERT INTO activity VALUES ('9', 'vpv', null, null, '1');

-- ----------------------------
-- Table structure for `attendance`
-- ----------------------------
DROP TABLE IF EXISTS `attendance`;
CREATE TABLE `attendance` (
  `id` bigint(20) NOT NULL AUTO_INCREMENT,
  `date` date NOT NULL,
  `activity_id` bigint(20) NOT NULL,
  `person_id` bigint(20) NOT NULL,
  PRIMARY KEY (`id`),
  UNIQUE KEY `attendance_unique_index` (`date`,`activity_id`,`person_id`),
  KEY `fk_attendance_activity1_idx` (`activity_id`),
  KEY `fk_attendance_person1_idx` (`person_id`),
  CONSTRAINT `fk_attendance_activity1` FOREIGN KEY (`activity_id`) REFERENCES `activity` (`id`) ON DELETE NO ACTION ON UPDATE NO ACTION,
  CONSTRAINT `fk_attendance_person1` FOREIGN KEY (`person_id`) REFERENCES `person` (`id`) ON DELETE NO ACTION ON UPDATE NO ACTION
) ENGINE=InnoDB AUTO_INCREMENT=3378 DEFAULT CHARSET=latin1;

-- ----------------------------
-- Records of attendance
-- ----------------------------
INSERT INTO attendance VALUES ('93', '2015-01-01', '1', '10');
INSERT INTO attendance VALUES ('138', '2015-01-01', '1', '19');
INSERT INTO attendance VALUES ('149', '2015-01-01', '1', '34');
INSERT INTO attendance VALUES ('199', '2015-01-01', '1', '40');
INSERT INTO attendance VALUES ('206', '2015-01-01', '1', '43');
INSERT INTO attendance VALUES ('212', '2015-01-01', '1', '46');
INSERT INTO attendance VALUES ('233', '2015-01-01', '1', '50');
INSERT INTO attendance VALUES ('252', '2015-01-01', '1', '69');
INSERT INTO attendance VALUES ('255', '2015-01-01', '1', '76');
INSERT INTO attendance VALUES ('274', '2015-01-01', '1', '78');
INSERT INTO attendance VALUES ('289', '2015-01-01', '1', '102');
INSERT INTO attendance VALUES ('310', '2015-01-01', '1', '109');
INSERT INTO attendance VALUES ('312', '2015-01-01', '1', '112');
INSERT INTO attendance VALUES ('341', '2015-01-01', '1', '123');
INSERT INTO attendance VALUES ('406', '2015-01-01', '1', '143');
INSERT INTO attendance VALUES ('421', '2015-01-01', '1', '147');
INSERT INTO attendance VALUES ('437', '2015-01-01', '1', '168');
INSERT INTO attendance VALUES ('448', '2015-01-01', '1', '179');
INSERT INTO attendance VALUES ('468', '2015-01-01', '1', '185');
INSERT INTO attendance VALUES ('503', '2015-01-01', '1', '208');
INSERT INTO attendance VALUES ('536', '2015-01-01', '1', '227');
INSERT INTO attendance VALUES ('603', '2015-01-01', '1', '245');
INSERT INTO attendance VALUES ('604', '2015-01-01', '1', '246');
INSERT INTO attendance VALUES ('618', '2015-01-01', '1', '255');
INSERT INTO attendance VALUES ('645', '2015-01-01', '1', '261');
INSERT INTO attendance VALUES ('647', '2015-01-01', '1', '267');
INSERT INTO attendance VALUES ('727', '2015-01-01', '2', '34');
INSERT INTO attendance VALUES ('779', '2015-01-01', '2', '41');
INSERT INTO attendance VALUES ('849', '2015-01-01', '2', '59');
INSERT INTO attendance VALUES ('899', '2015-01-01', '2', '82');
INSERT INTO attendance VALUES ('1265', '2015-01-01', '2', '227');
INSERT INTO attendance VALUES ('1281', '2015-01-01', '2', '233');
INSERT INTO attendance VALUES ('1488', '2015-01-01', '3', '233');
INSERT INTO attendance VALUES ('1921', '2015-01-01', '8', '82');
INSERT INTO attendance VALUES ('1924', '2015-01-02', '8', '171');
INSERT INTO attendance VALUES ('1923', '2015-01-02', '8', '234');
INSERT INTO attendance VALUES ('150', '2015-01-08', '1', '34');
INSERT INTO attendance VALUES ('213', '2015-01-08', '1', '46');
INSERT INTO attendance VALUES ('256', '2015-01-08', '1', '76');
INSERT INTO attendance VALUES ('313', '2015-01-08', '1', '112');
INSERT INTO attendance VALUES ('342', '2015-01-08', '1', '123');
INSERT INTO attendance VALUES ('449', '2015-01-08', '1', '179');
INSERT INTO attendance VALUES ('469', '2015-01-08', '1', '185');
INSERT INTO attendance VALUES ('605', '2015-01-08', '1', '246');
INSERT INTO attendance VALUES ('704', '2015-01-08', '2', '16');
INSERT INTO attendance VALUES ('1048', '2015-01-08', '2', '138');
INSERT INTO attendance VALUES ('1160', '2015-01-08', '2', '185');
INSERT INTO attendance VALUES ('1273', '2015-01-08', '2', '229');
INSERT INTO attendance VALUES ('1282', '2015-01-08', '2', '233');
INSERT INTO attendance VALUES ('1423', '2015-01-08', '2', '268');
INSERT INTO attendance VALUES ('151', '2015-01-15', '1', '34');
INSERT INTO attendance VALUES ('214', '2015-01-15', '1', '46');
INSERT INTO attendance VALUES ('257', '2015-01-15', '1', '76');
INSERT INTO attendance VALUES ('292', '2015-01-15', '1', '104');
INSERT INTO attendance VALUES ('450', '2015-01-15', '1', '179');
INSERT INTO attendance VALUES ('728', '2015-01-15', '2', '34');
INSERT INTO attendance VALUES ('900', '2015-01-15', '2', '82');
INSERT INTO attendance VALUES ('1049', '2015-01-15', '2', '138');
INSERT INTO attendance VALUES ('1283', '2015-01-15', '2', '233');
INSERT INTO attendance VALUES ('152', '2015-01-22', '1', '34');
INSERT INTO attendance VALUES ('279', '2015-01-22', '1', '88');
INSERT INTO attendance VALUES ('958', '2015-01-22', '2', '104');
INSERT INTO attendance VALUES ('1128', '2015-01-22', '2', '171');
INSERT INTO attendance VALUES ('1284', '2015-01-22', '2', '233');
INSERT INTO attendance VALUES ('1324', '2015-01-22', '2', '234');
INSERT INTO attendance VALUES ('153', '2015-01-29', '1', '34');
INSERT INTO attendance VALUES ('215', '2015-01-29', '1', '46');
INSERT INTO attendance VALUES ('311', '2015-01-29', '1', '110');
INSERT INTO attendance VALUES ('499', '2015-01-29', '1', '193');
INSERT INTO attendance VALUES ('537', '2015-01-29', '1', '227');
INSERT INTO attendance VALUES ('729', '2015-01-29', '2', '34');
INSERT INTO attendance VALUES ('817', '2015-01-29', '2', '46');
INSERT INTO attendance VALUES ('860', '2015-01-29', '2', '70');
INSERT INTO attendance VALUES ('1129', '2015-01-29', '2', '171');
INSERT INTO attendance VALUES ('1207', '2015-01-29', '2', '198');
INSERT INTO attendance VALUES ('1285', '2015-01-29', '2', '233');
INSERT INTO attendance VALUES ('1433', '2015-02-01', '3', '14');
INSERT INTO attendance VALUES ('1434', '2015-02-01', '3', '16');
INSERT INTO attendance VALUES ('1456', '2015-02-01', '3', '76');
INSERT INTO attendance VALUES ('1457', '2015-02-01', '3', '80');
INSERT INTO attendance VALUES ('1460', '2015-02-01', '3', '112');
INSERT INTO attendance VALUES ('1464', '2015-02-01', '3', '116');
INSERT INTO attendance VALUES ('1470', '2015-02-01', '3', '138');
INSERT INTO attendance VALUES ('1475', '2015-02-01', '3', '166');
INSERT INTO attendance VALUES ('1477', '2015-02-01', '3', '177');
INSERT INTO attendance VALUES ('1478', '2015-02-01', '3', '185');
INSERT INTO attendance VALUES ('1489', '2015-02-01', '3', '233');
INSERT INTO attendance VALUES ('1928', '2015-02-01', '8', '34');
INSERT INTO attendance VALUES ('216', '2015-02-05', '1', '46');
INSERT INTO attendance VALUES ('253', '2015-02-05', '1', '70');
INSERT INTO attendance VALUES ('470', '2015-02-05', '1', '185');
INSERT INTO attendance VALUES ('483', '2015-02-05', '1', '186');
INSERT INTO attendance VALUES ('504', '2015-02-05', '1', '208');
INSERT INTO attendance VALUES ('818', '2015-02-05', '2', '46');
INSERT INTO attendance VALUES ('861', '2015-02-05', '2', '70');
INSERT INTO attendance VALUES ('1050', '2015-02-05', '2', '138');
INSERT INTO attendance VALUES ('1286', '2015-02-05', '2', '233');
INSERT INTO attendance VALUES ('1394', '2015-02-05', '2', '255');
INSERT INTO attendance VALUES ('154', '2015-02-12', '1', '34');
INSERT INTO attendance VALUES ('217', '2015-02-12', '1', '46');
INSERT INTO attendance VALUES ('258', '2015-02-12', '1', '76');
INSERT INTO attendance VALUES ('314', '2015-02-12', '1', '112');
INSERT INTO attendance VALUES ('407', '2015-02-12', '1', '143');
INSERT INTO attendance VALUES ('422', '2015-02-12', '1', '147');
INSERT INTO attendance VALUES ('451', '2015-02-12', '1', '179');
INSERT INTO attendance VALUES ('484', '2015-02-12', '1', '186');
INSERT INTO attendance VALUES ('619', '2015-02-12', '1', '255');
INSERT INTO attendance VALUES ('705', '2015-02-12', '2', '16');
INSERT INTO attendance VALUES ('730', '2015-02-12', '2', '34');
INSERT INTO attendance VALUES ('819', '2015-02-12', '2', '46');
INSERT INTO attendance VALUES ('968', '2015-02-12', '2', '112');
INSERT INTO attendance VALUES ('1161', '2015-02-12', '2', '185');
INSERT INTO attendance VALUES ('1169', '2015-02-12', '2', '186');
INSERT INTO attendance VALUES ('1287', '2015-02-12', '2', '233');
INSERT INTO attendance VALUES ('1395', '2015-02-12', '2', '255');
INSERT INTO attendance VALUES ('1424', '2015-02-12', '2', '268');
INSERT INTO attendance VALUES ('1886', '2015-02-15', '5', '86');
INSERT INTO attendance VALUES ('229', '2015-02-19', '1', '47');
INSERT INTO attendance VALUES ('372', '2015-02-19', '1', '129');
INSERT INTO attendance VALUES ('452', '2015-02-19', '1', '179');
INSERT INTO attendance VALUES ('500', '2015-02-19', '1', '201');
INSERT INTO attendance VALUES ('538', '2015-02-19', '1', '227');
INSERT INTO attendance VALUES ('620', '2015-02-19', '1', '255');
INSERT INTO attendance VALUES ('731', '2015-02-19', '2', '34');
INSERT INTO attendance VALUES ('862', '2015-02-19', '2', '70');
INSERT INTO attendance VALUES ('1042', '2015-02-19', '2', '137');
INSERT INTO attendance VALUES ('1051', '2015-02-19', '2', '138');
INSERT INTO attendance VALUES ('1097', '2015-02-19', '2', '158');
INSERT INTO attendance VALUES ('1135', '2015-02-19', '2', '183');
INSERT INTO attendance VALUES ('1162', '2015-02-19', '2', '185');
INSERT INTO attendance VALUES ('1205', '2015-02-19', '2', '196');
INSERT INTO attendance VALUES ('1266', '2015-02-19', '2', '227');
INSERT INTO attendance VALUES ('1288', '2015-02-19', '2', '233');
INSERT INTO attendance VALUES ('1396', '2015-02-19', '2', '255');
INSERT INTO attendance VALUES ('1425', '2015-02-19', '2', '268');
INSERT INTO attendance VALUES ('218', '2015-02-26', '1', '46');
INSERT INTO attendance VALUES ('259', '2015-02-26', '1', '76');
INSERT INTO attendance VALUES ('343', '2015-02-26', '1', '123');
INSERT INTO attendance VALUES ('485', '2015-02-26', '1', '186');
INSERT INTO attendance VALUES ('621', '2015-02-26', '1', '255');
INSERT INTO attendance VALUES ('680', '2015-02-26', '2', '14');
INSERT INTO attendance VALUES ('706', '2015-02-26', '2', '16');
INSERT INTO attendance VALUES ('820', '2015-02-26', '2', '46');
INSERT INTO attendance VALUES ('893', '2015-02-26', '2', '76');
INSERT INTO attendance VALUES ('898', '2015-02-26', '2', '80');
INSERT INTO attendance VALUES ('969', '2015-02-26', '2', '112');
INSERT INTO attendance VALUES ('998', '2015-02-26', '2', '116');
INSERT INTO attendance VALUES ('1052', '2015-02-26', '2', '138');
INSERT INTO attendance VALUES ('1115', '2015-02-26', '2', '166');
INSERT INTO attendance VALUES ('1133', '2015-02-26', '2', '177');
INSERT INTO attendance VALUES ('1163', '2015-02-26', '2', '185');
INSERT INTO attendance VALUES ('1289', '2015-02-26', '2', '233');
INSERT INTO attendance VALUES ('1397', '2015-02-26', '2', '255');
INSERT INTO attendance VALUES ('1458', '2015-03-01', '3', '107');
INSERT INTO attendance VALUES ('1471', '2015-03-01', '3', '138');
INSERT INTO attendance VALUES ('1473', '2015-03-01', '3', '147');
INSERT INTO attendance VALUES ('1479', '2015-03-01', '3', '185');
INSERT INTO attendance VALUES ('1481', '2015-03-01', '3', '208');
INSERT INTO attendance VALUES ('1482', '2015-03-01', '3', '214');
INSERT INTO attendance VALUES ('1490', '2015-03-01', '3', '233');
INSERT INTO attendance VALUES ('1497', '2015-03-01', '3', '234');
INSERT INTO attendance VALUES ('1499', '2015-03-01', '3', '247');
INSERT INTO attendance VALUES ('1502', '2015-03-01', '3', '255');
INSERT INTO attendance VALUES ('1507', '2015-03-01', '3', '268');
INSERT INTO attendance VALUES ('1922', '2015-03-01', '7', '137');
INSERT INTO attendance VALUES ('94', '2015-03-05', '1', '10');
INSERT INTO attendance VALUES ('126', '2015-03-05', '1', '14');
INSERT INTO attendance VALUES ('155', '2015-03-05', '1', '34');
INSERT INTO attendance VALUES ('293', '2015-03-05', '1', '106');
INSERT INTO attendance VALUES ('315', '2015-03-05', '1', '112');
INSERT INTO attendance VALUES ('344', '2015-03-05', '1', '123');
INSERT INTO attendance VALUES ('408', '2015-03-05', '1', '143');
INSERT INTO attendance VALUES ('457', '2015-03-05', '1', '183');
INSERT INTO attendance VALUES ('471', '2015-03-05', '1', '185');
INSERT INTO attendance VALUES ('622', '2015-03-05', '1', '255');
INSERT INTO attendance VALUES ('649', '2015-03-05', '2', '2');
INSERT INTO attendance VALUES ('660', '2015-03-05', '2', '10');
INSERT INTO attendance VALUES ('732', '2015-03-05', '2', '34');
INSERT INTO attendance VALUES ('782', '2015-03-05', '2', '42');
INSERT INTO attendance VALUES ('870', '2015-03-05', '2', '74');
INSERT INTO attendance VALUES ('948', '2015-03-05', '2', '102');
INSERT INTO attendance VALUES ('1000', '2015-03-05', '2', '123');
INSERT INTO attendance VALUES ('1053', '2015-03-05', '2', '138');
INSERT INTO attendance VALUES ('1098', '2015-03-05', '2', '158');
INSERT INTO attendance VALUES ('1209', '2015-03-05', '2', '199');
INSERT INTO attendance VALUES ('1221', '2015-03-05', '2', '213');
INSERT INTO attendance VALUES ('1231', '2015-03-05', '2', '214');
INSERT INTO attendance VALUES ('1267', '2015-03-05', '2', '227');
INSERT INTO attendance VALUES ('1290', '2015-03-05', '2', '233');
INSERT INTO attendance VALUES ('1325', '2015-03-05', '2', '234');
INSERT INTO attendance VALUES ('1398', '2015-03-05', '2', '255');
INSERT INTO attendance VALUES ('1887', '2015-03-08', '5', '86');
INSERT INTO attendance VALUES ('1905', '2015-03-08', '5', '185');
INSERT INTO attendance VALUES ('156', '2015-03-12', '1', '34');
INSERT INTO attendance VALUES ('219', '2015-03-12', '1', '46');
INSERT INTO attendance VALUES ('254', '2015-03-12', '1', '70');
INSERT INTO attendance VALUES ('260', '2015-03-12', '1', '76');
INSERT INTO attendance VALUES ('316', '2015-03-12', '1', '112');
INSERT INTO attendance VALUES ('345', '2015-03-12', '1', '123');
INSERT INTO attendance VALUES ('510', '2015-03-12', '1', '214');
INSERT INTO attendance VALUES ('539', '2015-03-12', '1', '227');
INSERT INTO attendance VALUES ('562', '2015-03-12', '1', '228');
INSERT INTO attendance VALUES ('650', '2015-03-12', '2', '2');
INSERT INTO attendance VALUES ('783', '2015-03-12', '2', '42');
INSERT INTO attendance VALUES ('821', '2015-03-12', '2', '46');
INSERT INTO attendance VALUES ('851', '2015-03-12', '2', '62');
INSERT INTO attendance VALUES ('863', '2015-03-12', '2', '70');
INSERT INTO attendance VALUES ('871', '2015-03-12', '2', '74');
INSERT INTO attendance VALUES ('913', '2015-03-12', '2', '90');
INSERT INTO attendance VALUES ('1043', '2015-03-12', '2', '137');
INSERT INTO attendance VALUES ('1136', '2015-03-12', '2', '183');
INSERT INTO attendance VALUES ('1164', '2015-03-12', '2', '185');
INSERT INTO attendance VALUES ('1172', '2015-03-12', '2', '188');
INSERT INTO attendance VALUES ('1210', '2015-03-12', '2', '199');
INSERT INTO attendance VALUES ('1232', '2015-03-12', '2', '214');
INSERT INTO attendance VALUES ('1291', '2015-03-12', '2', '233');
INSERT INTO attendance VALUES ('1326', '2015-03-12', '2', '234');
INSERT INTO attendance VALUES ('1387', '2015-03-12', '2', '251');
INSERT INTO attendance VALUES ('1399', '2015-03-12', '2', '255');
INSERT INTO attendance VALUES ('1684', '2015-03-12', '4', '14');
INSERT INTO attendance VALUES ('1752', '2015-03-12', '4', '71');
INSERT INTO attendance VALUES ('1737', '2015-03-12', '4', '152');
INSERT INTO attendance VALUES ('1704', '2015-03-12', '4', '183');
INSERT INTO attendance VALUES ('95', '2015-03-19', '1', '10');
INSERT INTO attendance VALUES ('132', '2015-03-19', '1', '16');
INSERT INTO attendance VALUES ('157', '2015-03-19', '1', '34');
INSERT INTO attendance VALUES ('200', '2015-03-19', '1', '40');
INSERT INTO attendance VALUES ('261', '2015-03-19', '1', '76');
INSERT INTO attendance VALUES ('275', '2015-03-19', '1', '83');
INSERT INTO attendance VALUES ('346', '2015-03-19', '1', '123');
INSERT INTO attendance VALUES ('430', '2015-03-19', '1', '151');
INSERT INTO attendance VALUES ('458', '2015-03-19', '1', '183');
INSERT INTO attendance VALUES ('563', '2015-03-19', '1', '228');
INSERT INTO attendance VALUES ('607', '2015-03-19', '1', '247');
INSERT INTO attendance VALUES ('613', '2015-03-19', '1', '248');
INSERT INTO attendance VALUES ('623', '2015-03-19', '1', '255');
INSERT INTO attendance VALUES ('682', '2015-03-19', '2', '15');
INSERT INTO attendance VALUES ('707', '2015-03-19', '2', '16');
INSERT INTO attendance VALUES ('776', '2015-03-19', '2', '40');
INSERT INTO attendance VALUES ('784', '2015-03-19', '2', '42');
INSERT INTO attendance VALUES ('822', '2015-03-19', '2', '46');
INSERT INTO attendance VALUES ('872', '2015-03-19', '2', '74');
INSERT INTO attendance VALUES ('914', '2015-03-19', '2', '90');
INSERT INTO attendance VALUES ('934', '2015-03-19', '2', '93');
INSERT INTO attendance VALUES ('949', '2015-03-19', '2', '102');
INSERT INTO attendance VALUES ('959', '2015-03-19', '2', '107');
INSERT INTO attendance VALUES ('1001', '2015-03-19', '2', '123');
INSERT INTO attendance VALUES ('1072', '2015-03-19', '2', '151');
INSERT INTO attendance VALUES ('1137', '2015-03-19', '2', '183');
INSERT INTO attendance VALUES ('1222', '2015-03-19', '2', '213');
INSERT INTO attendance VALUES ('1233', '2015-03-19', '2', '214');
INSERT INTO attendance VALUES ('1268', '2015-03-19', '2', '227');
INSERT INTO attendance VALUES ('1292', '2015-03-19', '2', '233');
INSERT INTO attendance VALUES ('1349', '2015-03-19', '2', '247');
INSERT INTO attendance VALUES ('1375', '2015-03-19', '2', '248');
INSERT INTO attendance VALUES ('1685', '2015-03-19', '4', '14');
INSERT INTO attendance VALUES ('1753', '2015-03-19', '4', '71');
INSERT INTO attendance VALUES ('1738', '2015-03-19', '4', '152');
INSERT INTO attendance VALUES ('1705', '2015-03-19', '4', '183');
INSERT INTO attendance VALUES ('1906', '2015-03-22', '5', '185');
INSERT INTO attendance VALUES ('1909', '2015-03-22', '5', '234');
INSERT INTO attendance VALUES ('96', '2015-03-26', '1', '10');
INSERT INTO attendance VALUES ('158', '2015-03-26', '1', '34');
INSERT INTO attendance VALUES ('220', '2015-03-26', '1', '46');
INSERT INTO attendance VALUES ('262', '2015-03-26', '1', '76');
INSERT INTO attendance VALUES ('294', '2015-03-26', '1', '106');
INSERT INTO attendance VALUES ('347', '2015-03-26', '1', '123');
INSERT INTO attendance VALUES ('423', '2015-03-26', '1', '147');
INSERT INTO attendance VALUES ('465', '2015-03-26', '1', '184');
INSERT INTO attendance VALUES ('486', '2015-03-26', '1', '186');
INSERT INTO attendance VALUES ('511', '2015-03-26', '1', '214');
INSERT INTO attendance VALUES ('540', '2015-03-26', '1', '227');
INSERT INTO attendance VALUES ('564', '2015-03-26', '1', '228');
INSERT INTO attendance VALUES ('575', '2015-03-26', '1', '229');
INSERT INTO attendance VALUES ('584', '2015-03-26', '1', '234');
INSERT INTO attendance VALUES ('608', '2015-03-26', '1', '247');
INSERT INTO attendance VALUES ('624', '2015-03-26', '1', '255');
INSERT INTO attendance VALUES ('785', '2015-03-26', '2', '42');
INSERT INTO attendance VALUES ('823', '2015-03-26', '2', '46');
INSERT INTO attendance VALUES ('852', '2015-03-26', '2', '62');
INSERT INTO attendance VALUES ('873', '2015-03-26', '2', '74');
INSERT INTO attendance VALUES ('915', '2015-03-26', '2', '90');
INSERT INTO attendance VALUES ('950', '2015-03-26', '2', '102');
INSERT INTO attendance VALUES ('960', '2015-03-26', '2', '107');
INSERT INTO attendance VALUES ('1002', '2015-03-26', '2', '123');
INSERT INTO attendance VALUES ('1044', '2015-03-26', '2', '137');
INSERT INTO attendance VALUES ('1054', '2015-03-26', '2', '138');
INSERT INTO attendance VALUES ('1070', '2015-03-26', '2', '147');
INSERT INTO attendance VALUES ('1118', '2015-03-26', '2', '169');
INSERT INTO attendance VALUES ('1138', '2015-03-26', '2', '183');
INSERT INTO attendance VALUES ('1173', '2015-03-26', '2', '188');
INSERT INTO attendance VALUES ('1217', '2015-03-26', '2', '208');
INSERT INTO attendance VALUES ('1223', '2015-03-26', '2', '213');
INSERT INTO attendance VALUES ('1234', '2015-03-26', '2', '214');
INSERT INTO attendance VALUES ('1293', '2015-03-26', '2', '233');
INSERT INTO attendance VALUES ('1327', '2015-03-26', '2', '234');
INSERT INTO attendance VALUES ('1350', '2015-03-26', '2', '247');
INSERT INTO attendance VALUES ('1376', '2015-03-26', '2', '248');
INSERT INTO attendance VALUES ('1379', '2015-03-26', '2', '249');
INSERT INTO attendance VALUES ('1400', '2015-03-26', '2', '255');
INSERT INTO attendance VALUES ('1426', '2015-03-26', '2', '268');
INSERT INTO attendance VALUES ('1706', '2015-03-26', '4', '183');
INSERT INTO attendance VALUES ('1916', '2015-04-01', '9', '234');
INSERT INTO attendance VALUES ('159', '2015-04-02', '1', '34');
INSERT INTO attendance VALUES ('202', '2015-04-02', '1', '42');
INSERT INTO attendance VALUES ('317', '2015-04-02', '1', '112');
INSERT INTO attendance VALUES ('348', '2015-04-02', '1', '123');
INSERT INTO attendance VALUES ('405', '2015-04-02', '1', '142');
INSERT INTO attendance VALUES ('409', '2015-04-02', '1', '143');
INSERT INTO attendance VALUES ('498', '2015-04-02', '1', '191');
INSERT INTO attendance VALUES ('609', '2015-04-02', '1', '247');
INSERT INTO attendance VALUES ('651', '2015-04-02', '2', '2');
INSERT INTO attendance VALUES ('659', '2015-04-02', '2', '9');
INSERT INTO attendance VALUES ('683', '2015-04-02', '2', '15');
INSERT INTO attendance VALUES ('721', '2015-04-02', '2', '20');
INSERT INTO attendance VALUES ('733', '2015-04-02', '2', '34');
INSERT INTO attendance VALUES ('786', '2015-04-02', '2', '42');
INSERT INTO attendance VALUES ('853', '2015-04-02', '2', '62');
INSERT INTO attendance VALUES ('874', '2015-04-02', '2', '74');
INSERT INTO attendance VALUES ('902', '2015-04-02', '2', '83');
INSERT INTO attendance VALUES ('916', '2015-04-02', '2', '90');
INSERT INTO attendance VALUES ('935', '2015-04-02', '2', '93');
INSERT INTO attendance VALUES ('951', '2015-04-02', '2', '102');
INSERT INTO attendance VALUES ('961', '2015-04-02', '2', '107');
INSERT INTO attendance VALUES ('1003', '2015-04-02', '2', '123');
INSERT INTO attendance VALUES ('1060', '2015-04-02', '2', '139');
INSERT INTO attendance VALUES ('1090', '2015-04-02', '2', '157');
INSERT INTO attendance VALUES ('1099', '2015-04-02', '2', '158');
INSERT INTO attendance VALUES ('1119', '2015-04-02', '2', '169');
INSERT INTO attendance VALUES ('1174', '2015-04-02', '2', '188');
INSERT INTO attendance VALUES ('1224', '2015-04-02', '2', '213');
INSERT INTO attendance VALUES ('1235', '2015-04-02', '2', '214');
INSERT INTO attendance VALUES ('1294', '2015-04-02', '2', '233');
INSERT INTO attendance VALUES ('1328', '2015-04-02', '2', '234');
INSERT INTO attendance VALUES ('1339', '2015-04-02', '2', '237');
INSERT INTO attendance VALUES ('1351', '2015-04-02', '2', '247');
INSERT INTO attendance VALUES ('1380', '2015-04-02', '2', '249');
INSERT INTO attendance VALUES ('1416', '2015-04-02', '2', '258');
INSERT INTO attendance VALUES ('1754', '2015-04-02', '4', '71');
INSERT INTO attendance VALUES ('1739', '2015-04-02', '4', '152');
INSERT INTO attendance VALUES ('1907', '2015-04-08', '5', '185');
INSERT INTO attendance VALUES ('1910', '2015-04-08', '5', '234');
INSERT INTO attendance VALUES ('97', '2015-04-09', '1', '10');
INSERT INTO attendance VALUES ('160', '2015-04-09', '1', '34');
INSERT INTO attendance VALUES ('287', '2015-04-09', '1', '96');
INSERT INTO attendance VALUES ('290', '2015-04-09', '1', '102');
INSERT INTO attendance VALUES ('306', '2015-04-09', '1', '107');
INSERT INTO attendance VALUES ('349', '2015-04-09', '1', '123');
INSERT INTO attendance VALUES ('401', '2015-04-09', '1', '141');
INSERT INTO attendance VALUES ('410', '2015-04-09', '1', '143');
INSERT INTO attendance VALUES ('438', '2015-04-09', '1', '169');
INSERT INTO attendance VALUES ('472', '2015-04-09', '1', '185');
INSERT INTO attendance VALUES ('512', '2015-04-09', '1', '214');
INSERT INTO attendance VALUES ('565', '2015-04-09', '1', '228');
INSERT INTO attendance VALUES ('585', '2015-04-09', '1', '234');
INSERT INTO attendance VALUES ('610', '2015-04-09', '1', '247');
INSERT INTO attendance VALUES ('625', '2015-04-09', '1', '255');
INSERT INTO attendance VALUES ('661', '2015-04-09', '2', '10');
INSERT INTO attendance VALUES ('722', '2015-04-09', '2', '20');
INSERT INTO attendance VALUES ('734', '2015-04-09', '2', '34');
INSERT INTO attendance VALUES ('777', '2015-04-09', '2', '40');
INSERT INTO attendance VALUES ('787', '2015-04-09', '2', '42');
INSERT INTO attendance VALUES ('854', '2015-04-09', '2', '62');
INSERT INTO attendance VALUES ('875', '2015-04-09', '2', '74');
INSERT INTO attendance VALUES ('903', '2015-04-09', '2', '83');
INSERT INTO attendance VALUES ('917', '2015-04-09', '2', '90');
INSERT INTO attendance VALUES ('991', '2015-04-09', '2', '115');
INSERT INTO attendance VALUES ('1004', '2015-04-09', '2', '123');
INSERT INTO attendance VALUES ('1055', '2015-04-09', '2', '138');
INSERT INTO attendance VALUES ('1091', '2015-04-09', '2', '157');
INSERT INTO attendance VALUES ('1120', '2015-04-09', '2', '169');
INSERT INTO attendance VALUES ('1175', '2015-04-09', '2', '188');
INSERT INTO attendance VALUES ('1225', '2015-04-09', '2', '213');
INSERT INTO attendance VALUES ('1236', '2015-04-09', '2', '214');
INSERT INTO attendance VALUES ('1295', '2015-04-09', '2', '233');
INSERT INTO attendance VALUES ('1329', '2015-04-09', '2', '234');
INSERT INTO attendance VALUES ('1340', '2015-04-09', '2', '237');
INSERT INTO attendance VALUES ('1381', '2015-04-09', '2', '249');
INSERT INTO attendance VALUES ('1755', '2015-04-09', '4', '71');
INSERT INTO attendance VALUES ('1740', '2015-04-09', '4', '152');
INSERT INTO attendance VALUES ('1707', '2015-04-09', '4', '183');
INSERT INTO attendance VALUES ('1911', '2015-04-15', '5', '234');
INSERT INTO attendance VALUES ('98', '2015-04-16', '1', '10');
INSERT INTO attendance VALUES ('161', '2015-04-16', '1', '34');
INSERT INTO attendance VALUES ('283', '2015-04-16', '1', '92');
INSERT INTO attendance VALUES ('350', '2015-04-16', '1', '123');
INSERT INTO attendance VALUES ('411', '2015-04-16', '1', '143');
INSERT INTO attendance VALUES ('473', '2015-04-16', '1', '185');
INSERT INTO attendance VALUES ('513', '2015-04-16', '1', '214');
INSERT INTO attendance VALUES ('541', '2015-04-16', '1', '227');
INSERT INTO attendance VALUES ('566', '2015-04-16', '1', '228');
INSERT INTO attendance VALUES ('586', '2015-04-16', '1', '234');
INSERT INTO attendance VALUES ('611', '2015-04-16', '1', '247');
INSERT INTO attendance VALUES ('652', '2015-04-16', '2', '2');
INSERT INTO attendance VALUES ('684', '2015-04-16', '2', '15');
INSERT INTO attendance VALUES ('708', '2015-04-16', '2', '16');
INSERT INTO attendance VALUES ('735', '2015-04-16', '2', '34');
INSERT INTO attendance VALUES ('824', '2015-04-16', '2', '46');
INSERT INTO attendance VALUES ('876', '2015-04-16', '2', '74');
INSERT INTO attendance VALUES ('904', '2015-04-16', '2', '83');
INSERT INTO attendance VALUES ('918', '2015-04-16', '2', '90');
INSERT INTO attendance VALUES ('952', '2015-04-16', '2', '102');
INSERT INTO attendance VALUES ('970', '2015-04-16', '2', '112');
INSERT INTO attendance VALUES ('1032', '2015-04-16', '2', '132');
INSERT INTO attendance VALUES ('1092', '2015-04-16', '2', '157');
INSERT INTO attendance VALUES ('1100', '2015-04-16', '2', '158');
INSERT INTO attendance VALUES ('1121', '2015-04-16', '2', '169');
INSERT INTO attendance VALUES ('1176', '2015-04-16', '2', '188');
INSERT INTO attendance VALUES ('1226', '2015-04-16', '2', '213');
INSERT INTO attendance VALUES ('1237', '2015-04-16', '2', '214');
INSERT INTO attendance VALUES ('1296', '2015-04-16', '2', '233');
INSERT INTO attendance VALUES ('1330', '2015-04-16', '2', '234');
INSERT INTO attendance VALUES ('1382', '2015-04-16', '2', '249');
INSERT INTO attendance VALUES ('1388', '2015-04-16', '2', '251');
INSERT INTO attendance VALUES ('1401', '2015-04-16', '2', '255');
INSERT INTO attendance VALUES ('1756', '2015-04-16', '4', '71');
INSERT INTO attendance VALUES ('1741', '2015-04-16', '4', '152');
INSERT INTO attendance VALUES ('1912', '2015-04-22', '5', '234');
INSERT INTO attendance VALUES ('142', '2015-04-23', '1', '25');
INSERT INTO attendance VALUES ('145', '2015-04-23', '1', '32');
INSERT INTO attendance VALUES ('263', '2015-04-23', '1', '76');
INSERT INTO attendance VALUES ('318', '2015-04-23', '1', '112');
INSERT INTO attendance VALUES ('412', '2015-04-23', '1', '143');
INSERT INTO attendance VALUES ('424', '2015-04-23', '1', '147');
INSERT INTO attendance VALUES ('439', '2015-04-23', '1', '169');
INSERT INTO attendance VALUES ('459', '2015-04-23', '1', '183');
INSERT INTO attendance VALUES ('542', '2015-04-23', '1', '227');
INSERT INTO attendance VALUES ('567', '2015-04-23', '1', '228');
INSERT INTO attendance VALUES ('614', '2015-04-23', '1', '251');
INSERT INTO attendance VALUES ('626', '2015-04-23', '1', '255');
INSERT INTO attendance VALUES ('685', '2015-04-23', '2', '15');
INSERT INTO attendance VALUES ('736', '2015-04-23', '2', '34');
INSERT INTO attendance VALUES ('793', '2015-04-23', '2', '44');
INSERT INTO attendance VALUES ('877', '2015-04-23', '2', '74');
INSERT INTO attendance VALUES ('905', '2015-04-23', '2', '83');
INSERT INTO attendance VALUES ('971', '2015-04-23', '2', '112');
INSERT INTO attendance VALUES ('1073', '2015-04-23', '2', '151');
INSERT INTO attendance VALUES ('1139', '2015-04-23', '2', '183');
INSERT INTO attendance VALUES ('1258', '2015-04-23', '2', '220');
INSERT INTO attendance VALUES ('1274', '2015-04-23', '2', '229');
INSERT INTO attendance VALUES ('1297', '2015-04-23', '2', '233');
INSERT INTO attendance VALUES ('1352', '2015-04-23', '2', '247');
INSERT INTO attendance VALUES ('1708', '2015-04-23', '4', '183');
INSERT INTO attendance VALUES ('1437', '2015-05-01', '3', '34');
INSERT INTO attendance VALUES ('1443', '2015-05-01', '3', '44');
INSERT INTO attendance VALUES ('1449', '2015-05-01', '3', '46');
INSERT INTO attendance VALUES ('1455', '2015-05-01', '3', '57');
INSERT INTO attendance VALUES ('1459', '2015-05-01', '3', '107');
INSERT INTO attendance VALUES ('1483', '2015-05-01', '3', '219');
INSERT INTO attendance VALUES ('1491', '2015-05-01', '3', '233');
INSERT INTO attendance VALUES ('1500', '2015-05-01', '3', '247');
INSERT INTO attendance VALUES ('1503', '2015-05-01', '3', '255');
INSERT INTO attendance VALUES ('1506', '2015-05-01', '3', '260');
INSERT INTO attendance VALUES ('1508', '2015-05-01', '3', '268');
INSERT INTO attendance VALUES ('1884', '2015-05-01', '5', '46');
INSERT INTO attendance VALUES ('1888', '2015-05-01', '5', '112');
INSERT INTO attendance VALUES ('1926', '2015-05-01', '7', '169');
INSERT INTO attendance VALUES ('1927', '2015-05-01', '7', '214');
INSERT INTO attendance VALUES ('1925', '2015-05-01', '7', '234');
INSERT INTO attendance VALUES ('133', '2015-05-07', '1', '16');
INSERT INTO attendance VALUES ('162', '2015-05-07', '1', '34');
INSERT INTO attendance VALUES ('201', '2015-05-07', '1', '40');
INSERT INTO attendance VALUES ('207', '2015-05-07', '1', '44');
INSERT INTO attendance VALUES ('221', '2015-05-07', '1', '46');
INSERT INTO attendance VALUES ('264', '2015-05-07', '1', '76');
INSERT INTO attendance VALUES ('280', '2015-05-07', '1', '88');
INSERT INTO attendance VALUES ('284', '2015-05-07', '1', '92');
INSERT INTO attendance VALUES ('295', '2015-05-07', '1', '106');
INSERT INTO attendance VALUES ('319', '2015-05-07', '1', '112');
INSERT INTO attendance VALUES ('351', '2015-05-07', '1', '123');
INSERT INTO attendance VALUES ('425', '2015-05-07', '1', '147');
INSERT INTO attendance VALUES ('440', '2015-05-07', '1', '169');
INSERT INTO attendance VALUES ('474', '2015-05-07', '1', '185');
INSERT INTO attendance VALUES ('514', '2015-05-07', '1', '214');
INSERT INTO attendance VALUES ('576', '2015-05-07', '1', '230');
INSERT INTO attendance VALUES ('627', '2015-05-07', '1', '255');
INSERT INTO attendance VALUES ('686', '2015-05-07', '2', '15');
INSERT INTO attendance VALUES ('709', '2015-05-07', '2', '16');
INSERT INTO attendance VALUES ('788', '2015-05-07', '2', '42');
INSERT INTO attendance VALUES ('825', '2015-05-07', '2', '46');
INSERT INTO attendance VALUES ('878', '2015-05-07', '2', '74');
INSERT INTO attendance VALUES ('919', '2015-05-07', '2', '90');
INSERT INTO attendance VALUES ('936', '2015-05-07', '2', '93');
INSERT INTO attendance VALUES ('946', '2015-05-07', '2', '101');
INSERT INTO attendance VALUES ('972', '2015-05-07', '2', '112');
INSERT INTO attendance VALUES ('992', '2015-05-07', '2', '115');
INSERT INTO attendance VALUES ('1056', '2015-05-07', '2', '138');
INSERT INTO attendance VALUES ('1093', '2015-05-07', '2', '157');
INSERT INTO attendance VALUES ('1101', '2015-05-07', '2', '158');
INSERT INTO attendance VALUES ('1122', '2015-05-07', '2', '169');
INSERT INTO attendance VALUES ('1140', '2015-05-07', '2', '183');
INSERT INTO attendance VALUES ('1177', '2015-05-07', '2', '188');
INSERT INTO attendance VALUES ('1211', '2015-05-07', '2', '199');
INSERT INTO attendance VALUES ('1238', '2015-05-07', '2', '214');
INSERT INTO attendance VALUES ('1298', '2015-05-07', '2', '233');
INSERT INTO attendance VALUES ('1353', '2015-05-07', '2', '247');
INSERT INTO attendance VALUES ('1402', '2015-05-07', '2', '255');
INSERT INTO attendance VALUES ('1757', '2015-05-07', '4', '71');
INSERT INTO attendance VALUES ('1742', '2015-05-07', '4', '152');
INSERT INTO attendance VALUES ('1709', '2015-05-07', '4', '183');
INSERT INTO attendance VALUES ('1885', '2015-05-08', '5', '46');
INSERT INTO attendance VALUES ('1889', '2015-05-08', '5', '112');
INSERT INTO attendance VALUES ('99', '2015-05-14', '1', '10');
INSERT INTO attendance VALUES ('130', '2015-05-14', '1', '15');
INSERT INTO attendance VALUES ('163', '2015-05-14', '1', '34');
INSERT INTO attendance VALUES ('203', '2015-05-14', '1', '42');
INSERT INTO attendance VALUES ('251', '2015-05-14', '1', '67');
INSERT INTO attendance VALUES ('352', '2015-05-14', '1', '123');
INSERT INTO attendance VALUES ('413', '2015-05-14', '1', '143');
INSERT INTO attendance VALUES ('441', '2015-05-14', '1', '169');
INSERT INTO attendance VALUES ('460', '2015-05-14', '1', '183');
INSERT INTO attendance VALUES ('475', '2015-05-14', '1', '185');
INSERT INTO attendance VALUES ('529', '2015-05-14', '1', '222');
INSERT INTO attendance VALUES ('543', '2015-05-14', '1', '227');
INSERT INTO attendance VALUES ('653', '2015-05-14', '2', '2');
INSERT INTO attendance VALUES ('687', '2015-05-14', '2', '15');
INSERT INTO attendance VALUES ('737', '2015-05-14', '2', '34');
INSERT INTO attendance VALUES ('789', '2015-05-14', '2', '42');
INSERT INTO attendance VALUES ('794', '2015-05-14', '2', '44');
INSERT INTO attendance VALUES ('855', '2015-05-14', '2', '62');
INSERT INTO attendance VALUES ('879', '2015-05-14', '2', '74');
INSERT INTO attendance VALUES ('906', '2015-05-14', '2', '83');
INSERT INTO attendance VALUES ('920', '2015-05-14', '2', '90');
INSERT INTO attendance VALUES ('953', '2015-05-14', '2', '102');
INSERT INTO attendance VALUES ('973', '2015-05-14', '2', '112');
INSERT INTO attendance VALUES ('1123', '2015-05-14', '2', '169');
INSERT INTO attendance VALUES ('1141', '2015-05-14', '2', '183');
INSERT INTO attendance VALUES ('1178', '2015-05-14', '2', '188');
INSERT INTO attendance VALUES ('1212', '2015-05-14', '2', '199');
INSERT INTO attendance VALUES ('1227', '2015-05-14', '2', '213');
INSERT INTO attendance VALUES ('1239', '2015-05-14', '2', '214');
INSERT INTO attendance VALUES ('1259', '2015-05-14', '2', '220');
INSERT INTO attendance VALUES ('1299', '2015-05-14', '2', '233');
INSERT INTO attendance VALUES ('1331', '2015-05-14', '2', '234');
INSERT INTO attendance VALUES ('1354', '2015-05-14', '2', '247');
INSERT INTO attendance VALUES ('1383', '2015-05-14', '2', '249');
INSERT INTO attendance VALUES ('1389', '2015-05-14', '2', '251');
INSERT INTO attendance VALUES ('1427', '2015-05-14', '2', '268');
INSERT INTO attendance VALUES ('1686', '2015-05-14', '4', '14');
INSERT INTO attendance VALUES ('1758', '2015-05-14', '4', '71');
INSERT INTO attendance VALUES ('1743', '2015-05-14', '4', '152');
INSERT INTO attendance VALUES ('1710', '2015-05-14', '4', '183');
INSERT INTO attendance VALUES ('1890', '2015-05-15', '5', '112');
INSERT INTO attendance VALUES ('1913', '2015-05-15', '5', '234');
INSERT INTO attendance VALUES ('100', '2015-05-21', '1', '10');
INSERT INTO attendance VALUES ('204', '2015-05-21', '1', '42');
INSERT INTO attendance VALUES ('222', '2015-05-21', '1', '46');
INSERT INTO attendance VALUES ('265', '2015-05-21', '1', '76');
INSERT INTO attendance VALUES ('281', '2015-05-21', '1', '88');
INSERT INTO attendance VALUES ('320', '2015-05-21', '1', '112');
INSERT INTO attendance VALUES ('353', '2015-05-21', '1', '123');
INSERT INTO attendance VALUES ('383', '2015-05-21', '1', '135');
INSERT INTO attendance VALUES ('414', '2015-05-21', '1', '143');
INSERT INTO attendance VALUES ('442', '2015-05-21', '1', '169');
INSERT INTO attendance VALUES ('476', '2015-05-21', '1', '185');
INSERT INTO attendance VALUES ('515', '2015-05-21', '1', '214');
INSERT INTO attendance VALUES ('530', '2015-05-21', '1', '222');
INSERT INTO attendance VALUES ('544', '2015-05-21', '1', '227');
INSERT INTO attendance VALUES ('568', '2015-05-21', '1', '228');
INSERT INTO attendance VALUES ('587', '2015-05-21', '1', '234');
INSERT INTO attendance VALUES ('628', '2015-05-21', '1', '255');
INSERT INTO attendance VALUES ('688', '2015-05-21', '2', '15');
INSERT INTO attendance VALUES ('738', '2015-05-21', '2', '34');
INSERT INTO attendance VALUES ('795', '2015-05-21', '2', '44');
INSERT INTO attendance VALUES ('826', '2015-05-21', '2', '46');
INSERT INTO attendance VALUES ('848', '2015-05-21', '2', '57');
INSERT INTO attendance VALUES ('880', '2015-05-21', '2', '74');
INSERT INTO attendance VALUES ('907', '2015-05-21', '2', '83');
INSERT INTO attendance VALUES ('921', '2015-05-21', '2', '90');
INSERT INTO attendance VALUES ('937', '2015-05-21', '2', '93');
INSERT INTO attendance VALUES ('962', '2015-05-21', '2', '107');
INSERT INTO attendance VALUES ('1005', '2015-05-21', '2', '123');
INSERT INTO attendance VALUES ('1045', '2015-05-21', '2', '137');
INSERT INTO attendance VALUES ('1102', '2015-05-21', '2', '158');
INSERT INTO attendance VALUES ('1109', '2015-05-21', '2', '159');
INSERT INTO attendance VALUES ('1124', '2015-05-21', '2', '169');
INSERT INTO attendance VALUES ('1142', '2015-05-21', '2', '183');
INSERT INTO attendance VALUES ('1165', '2015-05-21', '2', '185');
INSERT INTO attendance VALUES ('1179', '2015-05-21', '2', '188');
INSERT INTO attendance VALUES ('1228', '2015-05-21', '2', '213');
INSERT INTO attendance VALUES ('1240', '2015-05-21', '2', '214');
INSERT INTO attendance VALUES ('1257', '2015-05-21', '2', '219');
INSERT INTO attendance VALUES ('1260', '2015-05-21', '2', '220');
INSERT INTO attendance VALUES ('1300', '2015-05-21', '2', '233');
INSERT INTO attendance VALUES ('1332', '2015-05-21', '2', '234');
INSERT INTO attendance VALUES ('1355', '2015-05-21', '2', '247');
INSERT INTO attendance VALUES ('1377', '2015-05-21', '2', '248');
INSERT INTO attendance VALUES ('1384', '2015-05-21', '2', '249');
INSERT INTO attendance VALUES ('1418', '2015-05-21', '2', '260');
INSERT INTO attendance VALUES ('1428', '2015-05-21', '2', '268');
INSERT INTO attendance VALUES ('1687', '2015-05-21', '4', '14');
INSERT INTO attendance VALUES ('1759', '2015-05-21', '4', '71');
INSERT INTO attendance VALUES ('1744', '2015-05-21', '4', '152');
INSERT INTO attendance VALUES ('1711', '2015-05-21', '4', '183');
INSERT INTO attendance VALUES ('1891', '2015-05-22', '5', '112');
INSERT INTO attendance VALUES ('101', '2015-05-28', '1', '10');
INSERT INTO attendance VALUES ('164', '2015-05-28', '1', '34');
INSERT INTO attendance VALUES ('208', '2015-05-28', '1', '44');
INSERT INTO attendance VALUES ('354', '2015-05-28', '1', '123');
INSERT INTO attendance VALUES ('384', '2015-05-28', '1', '135');
INSERT INTO attendance VALUES ('477', '2015-05-28', '1', '185');
INSERT INTO attendance VALUES ('590', '2015-05-28', '1', '237');
INSERT INTO attendance VALUES ('612', '2015-05-28', '1', '247');
INSERT INTO attendance VALUES ('629', '2015-05-28', '1', '255');
INSERT INTO attendance VALUES ('689', '2015-05-28', '2', '15');
INSERT INTO attendance VALUES ('710', '2015-05-28', '2', '16');
INSERT INTO attendance VALUES ('739', '2015-05-28', '2', '34');
INSERT INTO attendance VALUES ('796', '2015-05-28', '2', '44');
INSERT INTO attendance VALUES ('856', '2015-05-28', '2', '62');
INSERT INTO attendance VALUES ('881', '2015-05-28', '2', '74');
INSERT INTO attendance VALUES ('922', '2015-05-28', '2', '90');
INSERT INTO attendance VALUES ('954', '2015-05-28', '2', '102');
INSERT INTO attendance VALUES ('963', '2015-05-28', '2', '107');
INSERT INTO attendance VALUES ('1012', '2015-05-28', '2', '131');
INSERT INTO attendance VALUES ('1103', '2015-05-28', '2', '158');
INSERT INTO attendance VALUES ('1143', '2015-05-28', '2', '183');
INSERT INTO attendance VALUES ('1166', '2015-05-28', '2', '185');
INSERT INTO attendance VALUES ('1180', '2015-05-28', '2', '188');
INSERT INTO attendance VALUES ('1301', '2015-05-28', '2', '233');
INSERT INTO attendance VALUES ('1333', '2015-05-28', '2', '234');
INSERT INTO attendance VALUES ('1356', '2015-05-28', '2', '247');
INSERT INTO attendance VALUES ('1390', '2015-05-28', '2', '251');
INSERT INTO attendance VALUES ('1403', '2015-05-28', '2', '255');
INSERT INTO attendance VALUES ('1760', '2015-05-28', '4', '71');
INSERT INTO attendance VALUES ('1745', '2015-05-28', '4', '152');
INSERT INTO attendance VALUES ('1712', '2015-05-28', '4', '183');
INSERT INTO attendance VALUES ('1908', '2015-05-29', '5', '185');
INSERT INTO attendance VALUES ('1914', '2015-05-29', '5', '234');
INSERT INTO attendance VALUES ('1430', '2015-06-01', '3', '3');
INSERT INTO attendance VALUES ('1435', '2015-06-01', '3', '19');
INSERT INTO attendance VALUES ('1444', '2015-06-01', '3', '44');
INSERT INTO attendance VALUES ('1454', '2015-06-01', '3', '56');
INSERT INTO attendance VALUES ('1461', '2015-06-01', '3', '112');
INSERT INTO attendance VALUES ('1466', '2015-06-01', '3', '131');
INSERT INTO attendance VALUES ('1484', '2015-06-01', '3', '222');
INSERT INTO attendance VALUES ('1485', '2015-06-01', '3', '227');
INSERT INTO attendance VALUES ('102', '2015-06-04', '1', '10');
INSERT INTO attendance VALUES ('223', '2015-06-04', '1', '46');
INSERT INTO attendance VALUES ('266', '2015-06-04', '1', '76');
INSERT INTO attendance VALUES ('355', '2015-06-04', '1', '123');
INSERT INTO attendance VALUES ('373', '2015-06-04', '1', '131');
INSERT INTO attendance VALUES ('402', '2015-06-04', '1', '141');
INSERT INTO attendance VALUES ('443', '2015-06-04', '1', '169');
INSERT INTO attendance VALUES ('453', '2015-06-04', '1', '179');
INSERT INTO attendance VALUES ('478', '2015-06-04', '1', '185');
INSERT INTO attendance VALUES ('516', '2015-06-04', '1', '214');
INSERT INTO attendance VALUES ('534', '2015-06-04', '1', '224');
INSERT INTO attendance VALUES ('545', '2015-06-04', '1', '227');
INSERT INTO attendance VALUES ('577', '2015-06-04', '1', '230');
INSERT INTO attendance VALUES ('630', '2015-06-04', '1', '255');
INSERT INTO attendance VALUES ('654', '2015-06-04', '2', '2');
INSERT INTO attendance VALUES ('662', '2015-06-04', '2', '10');
INSERT INTO attendance VALUES ('711', '2015-06-04', '2', '16');
INSERT INTO attendance VALUES ('740', '2015-06-04', '2', '34');
INSERT INTO attendance VALUES ('780', '2015-06-04', '2', '41');
INSERT INTO attendance VALUES ('790', '2015-06-04', '2', '42');
INSERT INTO attendance VALUES ('866', '2015-06-04', '2', '71');
INSERT INTO attendance VALUES ('955', '2015-06-04', '2', '102');
INSERT INTO attendance VALUES ('990', '2015-06-04', '2', '114');
INSERT INTO attendance VALUES ('1013', '2015-06-04', '2', '131');
INSERT INTO attendance VALUES ('1033', '2015-06-04', '2', '135');
INSERT INTO attendance VALUES ('1046', '2015-06-04', '2', '137');
INSERT INTO attendance VALUES ('1074', '2015-06-04', '2', '151');
INSERT INTO attendance VALUES ('1094', '2015-06-04', '2', '157');
INSERT INTO attendance VALUES ('1104', '2015-06-04', '2', '158');
INSERT INTO attendance VALUES ('1167', '2015-06-04', '2', '185');
INSERT INTO attendance VALUES ('1241', '2015-06-04', '2', '214');
INSERT INTO attendance VALUES ('1302', '2015-06-04', '2', '233');
INSERT INTO attendance VALUES ('1334', '2015-06-04', '2', '234');
INSERT INTO attendance VALUES ('1341', '2015-06-04', '2', '237');
INSERT INTO attendance VALUES ('1357', '2015-06-04', '2', '247');
INSERT INTO attendance VALUES ('1404', '2015-06-04', '2', '255');
INSERT INTO attendance VALUES ('1761', '2015-06-04', '4', '71');
INSERT INTO attendance VALUES ('1746', '2015-06-04', '4', '152');
INSERT INTO attendance VALUES ('1713', '2015-06-04', '4', '183');
INSERT INTO attendance VALUES ('103', '2015-06-11', '1', '10');
INSERT INTO attendance VALUES ('165', '2015-06-11', '1', '34');
INSERT INTO attendance VALUES ('187', '2015-06-11', '1', '37');
INSERT INTO attendance VALUES ('224', '2015-06-11', '1', '46');
INSERT INTO attendance VALUES ('285', '2015-06-11', '1', '92');
INSERT INTO attendance VALUES ('296', '2015-06-11', '1', '106');
INSERT INTO attendance VALUES ('356', '2015-06-11', '1', '123');
INSERT INTO attendance VALUES ('374', '2015-06-11', '1', '131');
INSERT INTO attendance VALUES ('385', '2015-06-11', '1', '135');
INSERT INTO attendance VALUES ('415', '2015-06-11', '1', '143');
INSERT INTO attendance VALUES ('454', '2015-06-11', '1', '179');
INSERT INTO attendance VALUES ('546', '2015-06-11', '1', '227');
INSERT INTO attendance VALUES ('578', '2015-06-11', '1', '230');
INSERT INTO attendance VALUES ('591', '2015-06-11', '1', '237');
INSERT INTO attendance VALUES ('631', '2015-06-11', '1', '255');
INSERT INTO attendance VALUES ('663', '2015-06-11', '2', '10');
INSERT INTO attendance VALUES ('690', '2015-06-11', '2', '15');
INSERT INTO attendance VALUES ('741', '2015-06-11', '2', '34');
INSERT INTO attendance VALUES ('791', '2015-06-11', '2', '42');
INSERT INTO attendance VALUES ('882', '2015-06-11', '2', '74');
INSERT INTO attendance VALUES ('901', '2015-06-11', '2', '82');
INSERT INTO attendance VALUES ('923', '2015-06-11', '2', '90');
INSERT INTO attendance VALUES ('1014', '2015-06-11', '2', '131');
INSERT INTO attendance VALUES ('1034', '2015-06-11', '2', '135');
INSERT INTO attendance VALUES ('1095', '2015-06-11', '2', '157');
INSERT INTO attendance VALUES ('1105', '2015-06-11', '2', '158');
INSERT INTO attendance VALUES ('1125', '2015-06-11', '2', '169');
INSERT INTO attendance VALUES ('1181', '2015-06-11', '2', '188');
INSERT INTO attendance VALUES ('1242', '2015-06-11', '2', '214');
INSERT INTO attendance VALUES ('1303', '2015-06-11', '2', '233');
INSERT INTO attendance VALUES ('1335', '2015-06-11', '2', '234');
INSERT INTO attendance VALUES ('1342', '2015-06-11', '2', '237');
INSERT INTO attendance VALUES ('1358', '2015-06-11', '2', '247');
INSERT INTO attendance VALUES ('1386', '2015-06-11', '2', '250');
INSERT INTO attendance VALUES ('1688', '2015-06-11', '4', '14');
INSERT INTO attendance VALUES ('1762', '2015-06-11', '4', '71');
INSERT INTO attendance VALUES ('1734', '2015-06-11', '4', '140');
INSERT INTO attendance VALUES ('1747', '2015-06-11', '4', '152');
INSERT INTO attendance VALUES ('1714', '2015-06-11', '4', '183');
INSERT INTO attendance VALUES ('1892', '2015-06-15', '5', '112');
INSERT INTO attendance VALUES ('1915', '2015-06-15', '5', '234');
INSERT INTO attendance VALUES ('104', '2015-06-18', '1', '10');
INSERT INTO attendance VALUES ('139', '2015-06-18', '1', '19');
INSERT INTO attendance VALUES ('166', '2015-06-18', '1', '34');
INSERT INTO attendance VALUES ('188', '2015-06-18', '1', '37');
INSERT INTO attendance VALUES ('198', '2015-06-18', '1', '39');
INSERT INTO attendance VALUES ('225', '2015-06-18', '1', '46');
INSERT INTO attendance VALUES ('230', '2015-06-18', '1', '49');
INSERT INTO attendance VALUES ('286', '2015-06-18', '1', '92');
INSERT INTO attendance VALUES ('321', '2015-06-18', '1', '112');
INSERT INTO attendance VALUES ('357', '2015-06-18', '1', '123');
INSERT INTO attendance VALUES ('386', '2015-06-18', '1', '135');
INSERT INTO attendance VALUES ('444', '2015-06-18', '1', '169');
INSERT INTO attendance VALUES ('455', '2015-06-18', '1', '179');
INSERT INTO attendance VALUES ('487', '2015-06-18', '1', '186');
INSERT INTO attendance VALUES ('531', '2015-06-18', '1', '222');
INSERT INTO attendance VALUES ('547', '2015-06-18', '1', '227');
INSERT INTO attendance VALUES ('569', '2015-06-18', '1', '228');
INSERT INTO attendance VALUES ('600', '2015-06-18', '1', '242');
INSERT INTO attendance VALUES ('657', '2015-06-18', '2', '5');
INSERT INTO attendance VALUES ('679', '2015-06-18', '2', '13');
INSERT INTO attendance VALUES ('691', '2015-06-18', '2', '15');
INSERT INTO attendance VALUES ('742', '2015-06-18', '2', '34');
INSERT INTO attendance VALUES ('764', '2015-06-18', '2', '36');
INSERT INTO attendance VALUES ('792', '2015-06-18', '2', '42');
INSERT INTO attendance VALUES ('797', '2015-06-18', '2', '44');
INSERT INTO attendance VALUES ('857', '2015-06-18', '2', '62');
INSERT INTO attendance VALUES ('867', '2015-06-18', '2', '71');
INSERT INTO attendance VALUES ('883', '2015-06-18', '2', '74');
INSERT INTO attendance VALUES ('908', '2015-06-18', '2', '83');
INSERT INTO attendance VALUES ('924', '2015-06-18', '2', '90');
INSERT INTO attendance VALUES ('938', '2015-06-18', '2', '93');
INSERT INTO attendance VALUES ('964', '2015-06-18', '2', '107');
INSERT INTO attendance VALUES ('974', '2015-06-18', '2', '112');
INSERT INTO attendance VALUES ('1011', '2015-06-18', '2', '130');
INSERT INTO attendance VALUES ('1015', '2015-06-18', '2', '131');
INSERT INTO attendance VALUES ('1061', '2015-06-18', '2', '140');
INSERT INTO attendance VALUES ('1083', '2015-06-18', '2', '152');
INSERT INTO attendance VALUES ('1096', '2015-06-18', '2', '157');
INSERT INTO attendance VALUES ('1106', '2015-06-18', '2', '158');
INSERT INTO attendance VALUES ('1126', '2015-06-18', '2', '169');
INSERT INTO attendance VALUES ('1144', '2015-06-18', '2', '183');
INSERT INTO attendance VALUES ('1170', '2015-06-18', '2', '186');
INSERT INTO attendance VALUES ('1182', '2015-06-18', '2', '188');
INSERT INTO attendance VALUES ('1215', '2015-06-18', '2', '203');
INSERT INTO attendance VALUES ('1243', '2015-06-18', '2', '214');
INSERT INTO attendance VALUES ('1261', '2015-06-18', '2', '220');
INSERT INTO attendance VALUES ('1336', '2015-06-18', '2', '234');
INSERT INTO attendance VALUES ('1343', '2015-06-18', '2', '237');
INSERT INTO attendance VALUES ('1359', '2015-06-18', '2', '247');
INSERT INTO attendance VALUES ('1378', '2015-06-18', '2', '248');
INSERT INTO attendance VALUES ('1391', '2015-06-18', '2', '251');
INSERT INTO attendance VALUES ('1405', '2015-06-18', '2', '255');
INSERT INTO attendance VALUES ('1763', '2015-06-18', '4', '71');
INSERT INTO attendance VALUES ('1748', '2015-06-18', '4', '152');
INSERT INTO attendance VALUES ('1893', '2015-06-22', '5', '112');
INSERT INTO attendance VALUES ('105', '2015-06-25', '1', '10');
INSERT INTO attendance VALUES ('167', '2015-06-25', '1', '34');
INSERT INTO attendance VALUES ('205', '2015-06-25', '1', '42');
INSERT INTO attendance VALUES ('267', '2015-06-25', '1', '76');
INSERT INTO attendance VALUES ('322', '2015-06-25', '1', '112');
INSERT INTO attendance VALUES ('358', '2015-06-25', '1', '123');
INSERT INTO attendance VALUES ('387', '2015-06-25', '1', '135');
INSERT INTO attendance VALUES ('416', '2015-06-25', '1', '143');
INSERT INTO attendance VALUES ('579', '2015-06-25', '1', '230');
INSERT INTO attendance VALUES ('583', '2015-06-25', '1', '232');
INSERT INTO attendance VALUES ('588', '2015-06-25', '1', '234');
INSERT INTO attendance VALUES ('592', '2015-06-25', '1', '237');
INSERT INTO attendance VALUES ('632', '2015-06-25', '1', '255');
INSERT INTO attendance VALUES ('656', '2015-06-25', '2', '3');
INSERT INTO attendance VALUES ('712', '2015-06-25', '2', '16');
INSERT INTO attendance VALUES ('720', '2015-06-25', '2', '19');
INSERT INTO attendance VALUES ('743', '2015-06-25', '2', '34');
INSERT INTO attendance VALUES ('798', '2015-06-25', '2', '44');
INSERT INTO attendance VALUES ('847', '2015-06-25', '2', '56');
INSERT INTO attendance VALUES ('993', '2015-06-25', '2', '115');
INSERT INTO attendance VALUES ('1016', '2015-06-25', '2', '131');
INSERT INTO attendance VALUES ('1075', '2015-06-25', '2', '151');
INSERT INTO attendance VALUES ('1183', '2015-06-25', '2', '188');
INSERT INTO attendance VALUES ('1304', '2015-06-25', '2', '233');
INSERT INTO attendance VALUES ('1337', '2015-06-25', '2', '234');
INSERT INTO attendance VALUES ('1360', '2015-06-25', '2', '247');
INSERT INTO attendance VALUES ('1406', '2015-06-25', '2', '255');
INSERT INTO attendance VALUES ('1764', '2015-06-25', '4', '71');
INSERT INTO attendance VALUES ('1749', '2015-06-25', '4', '152');
INSERT INTO attendance VALUES ('1438', '2015-07-01', '3', '34');
INSERT INTO attendance VALUES ('1445', '2015-07-01', '3', '44');
INSERT INTO attendance VALUES ('1467', '2015-07-01', '3', '131');
INSERT INTO attendance VALUES ('1486', '2015-07-01', '3', '231');
INSERT INTO attendance VALUES ('1492', '2015-07-01', '3', '233');
INSERT INTO attendance VALUES ('1498', '2015-07-01', '3', '245');
INSERT INTO attendance VALUES ('1501', '2015-07-01', '3', '247');
INSERT INTO attendance VALUES ('1939', '2015-07-01', '8', '2');
INSERT INTO attendance VALUES ('1935', '2015-07-01', '8', '28');
INSERT INTO attendance VALUES ('1933', '2015-07-01', '8', '41');
INSERT INTO attendance VALUES ('1938', '2015-07-01', '8', '55');
INSERT INTO attendance VALUES ('1929', '2015-07-01', '8', '74');
INSERT INTO attendance VALUES ('1930', '2015-07-01', '8', '90');
INSERT INTO attendance VALUES ('1932', '2015-07-01', '8', '97');
INSERT INTO attendance VALUES ('1934', '2015-07-01', '8', '102');
INSERT INTO attendance VALUES ('1937', '2015-07-01', '8', '131');
INSERT INTO attendance VALUES ('1940', '2015-07-01', '8', '188');
INSERT INTO attendance VALUES ('1931', '2015-07-01', '8', '209');
INSERT INTO attendance VALUES ('1941', '2015-07-01', '8', '213');
INSERT INTO attendance VALUES ('1936', '2015-07-01', '8', '247');
INSERT INTO attendance VALUES ('146', '2015-07-02', '1', '33');
INSERT INTO attendance VALUES ('168', '2015-07-02', '1', '34');
INSERT INTO attendance VALUES ('241', '2015-07-02', '1', '53');
INSERT INTO attendance VALUES ('297', '2015-07-02', '1', '106');
INSERT INTO attendance VALUES ('323', '2015-07-02', '1', '112');
INSERT INTO attendance VALUES ('359', '2015-07-02', '1', '123');
INSERT INTO attendance VALUES ('375', '2015-07-02', '1', '131');
INSERT INTO attendance VALUES ('388', '2015-07-02', '1', '135');
INSERT INTO attendance VALUES ('479', '2015-07-02', '1', '185');
INSERT INTO attendance VALUES ('488', '2015-07-02', '1', '186');
INSERT INTO attendance VALUES ('517', '2015-07-02', '1', '214');
INSERT INTO attendance VALUES ('528', '2015-07-02', '1', '217');
INSERT INTO attendance VALUES ('548', '2015-07-02', '1', '227');
INSERT INTO attendance VALUES ('570', '2015-07-02', '1', '228');
INSERT INTO attendance VALUES ('593', '2015-07-02', '1', '237');
INSERT INTO attendance VALUES ('633', '2015-07-02', '1', '255');
INSERT INTO attendance VALUES ('664', '2015-07-02', '2', '10');
INSERT INTO attendance VALUES ('692', '2015-07-02', '2', '15');
INSERT INTO attendance VALUES ('713', '2015-07-02', '2', '16');
INSERT INTO attendance VALUES ('725', '2015-07-02', '2', '33');
INSERT INTO attendance VALUES ('744', '2015-07-02', '2', '34');
INSERT INTO attendance VALUES ('799', '2015-07-02', '2', '44');
INSERT INTO attendance VALUES ('842', '2015-07-02', '2', '53');
INSERT INTO attendance VALUES ('868', '2015-07-02', '2', '71');
INSERT INTO attendance VALUES ('897', '2015-07-02', '2', '77');
INSERT INTO attendance VALUES ('909', '2015-07-02', '2', '83');
INSERT INTO attendance VALUES ('939', '2015-07-02', '2', '97');
INSERT INTO attendance VALUES ('956', '2015-07-02', '2', '102');
INSERT INTO attendance VALUES ('975', '2015-07-02', '2', '112');
INSERT INTO attendance VALUES ('1017', '2015-07-02', '2', '131');
INSERT INTO attendance VALUES ('1035', '2015-07-02', '2', '135');
INSERT INTO attendance VALUES ('1062', '2015-07-02', '2', '140');
INSERT INTO attendance VALUES ('1145', '2015-07-02', '2', '183');
INSERT INTO attendance VALUES ('1168', '2015-07-02', '2', '185');
INSERT INTO attendance VALUES ('1184', '2015-07-02', '2', '188');
INSERT INTO attendance VALUES ('1219', '2015-07-02', '2', '209');
INSERT INTO attendance VALUES ('1256', '2015-07-02', '2', '217');
INSERT INTO attendance VALUES ('1262', '2015-07-02', '2', '220');
INSERT INTO attendance VALUES ('1305', '2015-07-02', '2', '233');
INSERT INTO attendance VALUES ('1338', '2015-07-02', '2', '234');
INSERT INTO attendance VALUES ('1344', '2015-07-02', '2', '237');
INSERT INTO attendance VALUES ('1361', '2015-07-02', '2', '247');
INSERT INTO attendance VALUES ('1689', '2015-07-02', '4', '14');
INSERT INTO attendance VALUES ('1765', '2015-07-02', '4', '71');
INSERT INTO attendance VALUES ('1735', '2015-07-02', '4', '140');
INSERT INTO attendance VALUES ('1750', '2015-07-02', '4', '152');
INSERT INTO attendance VALUES ('1715', '2015-07-02', '4', '183');
INSERT INTO attendance VALUES ('106', '2015-07-09', '1', '10');
INSERT INTO attendance VALUES ('389', '2015-07-09', '1', '135');
INSERT INTO attendance VALUES ('445', '2015-07-09', '1', '169');
INSERT INTO attendance VALUES ('505', '2015-07-09', '1', '208');
INSERT INTO attendance VALUES ('594', '2015-07-09', '1', '237');
INSERT INTO attendance VALUES ('655', '2015-07-09', '2', '2');
INSERT INTO attendance VALUES ('724', '2015-07-09', '2', '28');
INSERT INTO attendance VALUES ('745', '2015-07-09', '2', '34');
INSERT INTO attendance VALUES ('781', '2015-07-09', '2', '41');
INSERT INTO attendance VALUES ('800', '2015-07-09', '2', '44');
INSERT INTO attendance VALUES ('846', '2015-07-09', '2', '55');
INSERT INTO attendance VALUES ('884', '2015-07-09', '2', '74');
INSERT INTO attendance VALUES ('925', '2015-07-09', '2', '90');
INSERT INTO attendance VALUES ('940', '2015-07-09', '2', '97');
INSERT INTO attendance VALUES ('957', '2015-07-09', '2', '102');
INSERT INTO attendance VALUES ('1018', '2015-07-09', '2', '131');
INSERT INTO attendance VALUES ('1076', '2015-07-09', '2', '151');
INSERT INTO attendance VALUES ('1185', '2015-07-09', '2', '188');
INSERT INTO attendance VALUES ('1220', '2015-07-09', '2', '209');
INSERT INTO attendance VALUES ('1229', '2015-07-09', '2', '213');
INSERT INTO attendance VALUES ('1306', '2015-07-09', '2', '233');
INSERT INTO attendance VALUES ('1362', '2015-07-09', '2', '247');
INSERT INTO attendance VALUES ('1429', '2015-07-09', '2', '268');
INSERT INTO attendance VALUES ('1716', '2015-07-09', '4', '183');
INSERT INTO attendance VALUES ('169', '2015-07-16', '1', '34');
INSERT INTO attendance VALUES ('189', '2015-07-16', '1', '37');
INSERT INTO attendance VALUES ('298', '2015-07-16', '1', '106');
INSERT INTO attendance VALUES ('307', '2015-07-16', '1', '108');
INSERT INTO attendance VALUES ('324', '2015-07-16', '1', '112');
INSERT INTO attendance VALUES ('447', '2015-07-16', '1', '176');
INSERT INTO attendance VALUES ('461', '2015-07-16', '1', '183');
INSERT INTO attendance VALUES ('480', '2015-07-16', '1', '185');
INSERT INTO attendance VALUES ('532', '2015-07-16', '1', '222');
INSERT INTO attendance VALUES ('549', '2015-07-16', '1', '227');
INSERT INTO attendance VALUES ('634', '2015-07-16', '1', '255');
INSERT INTO attendance VALUES ('648', '2015-07-16', '1', '268');
INSERT INTO attendance VALUES ('746', '2015-07-16', '2', '34');
INSERT INTO attendance VALUES ('976', '2015-07-16', '2', '112');
INSERT INTO attendance VALUES ('1009', '2015-07-16', '2', '124');
INSERT INTO attendance VALUES ('1010', '2015-07-16', '2', '126');
INSERT INTO attendance VALUES ('1077', '2015-07-16', '2', '151');
INSERT INTO attendance VALUES ('1130', '2015-07-16', '2', '171');
INSERT INTO attendance VALUES ('1132', '2015-07-16', '2', '176');
INSERT INTO attendance VALUES ('1269', '2015-07-16', '2', '227');
INSERT INTO attendance VALUES ('1307', '2015-07-16', '2', '233');
INSERT INTO attendance VALUES ('1363', '2015-07-16', '2', '247');
INSERT INTO attendance VALUES ('1407', '2015-07-16', '2', '255');
INSERT INTO attendance VALUES ('1417', '2015-07-16', '2', '259');
INSERT INTO attendance VALUES ('1419', '2015-07-16', '2', '262');
INSERT INTO attendance VALUES ('1690', '2015-07-16', '4', '14');
INSERT INTO attendance VALUES ('1717', '2015-07-16', '4', '183');
INSERT INTO attendance VALUES ('282', '2015-07-23', '1', '88');
INSERT INTO attendance VALUES ('299', '2015-07-23', '1', '106');
INSERT INTO attendance VALUES ('376', '2015-07-23', '1', '131');
INSERT INTO attendance VALUES ('426', '2015-07-23', '1', '147');
INSERT INTO attendance VALUES ('506', '2015-07-23', '1', '208');
INSERT INTO attendance VALUES ('533', '2015-07-23', '1', '222');
INSERT INTO attendance VALUES ('550', '2015-07-23', '1', '227');
INSERT INTO attendance VALUES ('589', '2015-07-23', '1', '234');
INSERT INTO attendance VALUES ('747', '2015-07-23', '2', '34');
INSERT INTO attendance VALUES ('801', '2015-07-23', '2', '44');
INSERT INTO attendance VALUES ('1019', '2015-07-23', '2', '131');
INSERT INTO attendance VALUES ('1131', '2015-07-23', '2', '171');
INSERT INTO attendance VALUES ('1278', '2015-07-23', '2', '231');
INSERT INTO attendance VALUES ('1308', '2015-07-23', '2', '233');
INSERT INTO attendance VALUES ('1348', '2015-07-23', '2', '245');
INSERT INTO attendance VALUES ('1364', '2015-07-23', '2', '247');
INSERT INTO attendance VALUES ('1736', '2015-07-23', '4', '140');
INSERT INTO attendance VALUES ('1718', '2015-07-23', '4', '183');
INSERT INTO attendance VALUES ('226', '2015-07-30', '1', '46');
INSERT INTO attendance VALUES ('300', '2015-07-30', '1', '106');
INSERT INTO attendance VALUES ('325', '2015-07-30', '1', '112');
INSERT INTO attendance VALUES ('481', '2015-07-30', '1', '185');
INSERT INTO attendance VALUES ('489', '2015-07-30', '1', '186');
INSERT INTO attendance VALUES ('551', '2015-07-30', '1', '227');
INSERT INTO attendance VALUES ('606', '2015-07-30', '1', '246');
INSERT INTO attendance VALUES ('748', '2015-07-30', '2', '34');
INSERT INTO attendance VALUES ('802', '2015-07-30', '2', '44');
INSERT INTO attendance VALUES ('977', '2015-07-30', '2', '112');
INSERT INTO attendance VALUES ('1020', '2015-07-30', '2', '131');
INSERT INTO attendance VALUES ('1107', '2015-07-30', '2', '158');
INSERT INTO attendance VALUES ('1270', '2015-07-30', '2', '227');
INSERT INTO attendance VALUES ('1309', '2015-07-30', '2', '233');
INSERT INTO attendance VALUES ('1365', '2015-07-30', '2', '247');
INSERT INTO attendance VALUES ('1691', '2015-08-01', '4', '14');
INSERT INTO attendance VALUES ('1719', '2015-08-01', '4', '183');
INSERT INTO attendance VALUES ('1894', '2015-08-01', '5', '112');
INSERT INTO attendance VALUES ('1944', '2015-08-01', '7', '14');
INSERT INTO attendance VALUES ('1942', '2015-08-01', '7', '34');
INSERT INTO attendance VALUES ('1946', '2015-08-01', '7', '46');
INSERT INTO attendance VALUES ('1948', '2015-08-01', '7', '61');
INSERT INTO attendance VALUES ('1947', '2015-08-01', '7', '112');
INSERT INTO attendance VALUES ('1945', '2015-08-01', '7', '183');
INSERT INTO attendance VALUES ('1943', '2015-08-01', '7', '227');
INSERT INTO attendance VALUES ('107', '2015-08-06', '1', '10');
INSERT INTO attendance VALUES ('170', '2015-08-06', '1', '34');
INSERT INTO attendance VALUES ('242', '2015-08-06', '1', '53');
INSERT INTO attendance VALUES ('377', '2015-08-06', '1', '131');
INSERT INTO attendance VALUES ('446', '2015-08-06', '1', '169');
INSERT INTO attendance VALUES ('580', '2015-08-06', '1', '230');
INSERT INTO attendance VALUES ('693', '2015-08-06', '2', '15');
INSERT INTO attendance VALUES ('726', '2015-08-06', '2', '33');
INSERT INTO attendance VALUES ('749', '2015-08-06', '2', '34');
INSERT INTO attendance VALUES ('774', '2015-08-06', '2', '39');
INSERT INTO attendance VALUES ('864', '2015-08-06', '2', '70');
INSERT INTO attendance VALUES ('885', '2015-08-06', '2', '74');
INSERT INTO attendance VALUES ('947', '2015-08-06', '2', '101');
INSERT INTO attendance VALUES ('978', '2015-08-06', '2', '112');
INSERT INTO attendance VALUES ('1021', '2015-08-06', '2', '131');
INSERT INTO attendance VALUES ('1127', '2015-08-06', '2', '169');
INSERT INTO attendance VALUES ('1186', '2015-08-06', '2', '188');
INSERT INTO attendance VALUES ('1244', '2015-08-06', '2', '214');
INSERT INTO attendance VALUES ('1347', '2015-08-06', '2', '241');
INSERT INTO attendance VALUES ('1366', '2015-08-06', '2', '247');
INSERT INTO attendance VALUES ('1408', '2015-08-06', '2', '255');
INSERT INTO attendance VALUES ('1692', '2015-08-08', '4', '14');
INSERT INTO attendance VALUES ('1720', '2015-08-08', '4', '183');
INSERT INTO attendance VALUES ('1895', '2015-08-08', '5', '112');
INSERT INTO attendance VALUES ('108', '2015-08-13', '1', '10');
INSERT INTO attendance VALUES ('137', '2015-08-13', '1', '18');
INSERT INTO attendance VALUES ('171', '2015-08-13', '1', '34');
INSERT INTO attendance VALUES ('243', '2015-08-13', '1', '53');
INSERT INTO attendance VALUES ('276', '2015-08-13', '1', '83');
INSERT INTO attendance VALUES ('308', '2015-08-13', '1', '108');
INSERT INTO attendance VALUES ('360', '2015-08-13', '1', '123');
INSERT INTO attendance VALUES ('390', '2015-08-13', '1', '135');
INSERT INTO attendance VALUES ('482', '2015-08-13', '1', '185');
INSERT INTO attendance VALUES ('490', '2015-08-13', '1', '186');
INSERT INTO attendance VALUES ('518', '2015-08-13', '1', '214');
INSERT INTO attendance VALUES ('552', '2015-08-13', '1', '227');
INSERT INTO attendance VALUES ('615', '2015-08-13', '1', '251');
INSERT INTO attendance VALUES ('665', '2015-08-13', '2', '10');
INSERT INTO attendance VALUES ('694', '2015-08-13', '2', '15');
INSERT INTO attendance VALUES ('750', '2015-08-13', '2', '34');
INSERT INTO attendance VALUES ('803', '2015-08-13', '2', '44');
INSERT INTO attendance VALUES ('829', '2015-08-13', '2', '52');
INSERT INTO attendance VALUES ('843', '2015-08-13', '2', '53');
INSERT INTO attendance VALUES ('886', '2015-08-13', '2', '74');
INSERT INTO attendance VALUES ('910', '2015-08-13', '2', '83');
INSERT INTO attendance VALUES ('926', '2015-08-13', '2', '90');
INSERT INTO attendance VALUES ('965', '2015-08-13', '2', '108');
INSERT INTO attendance VALUES ('967', '2015-08-13', '2', '109');
INSERT INTO attendance VALUES ('979', '2015-08-13', '2', '112');
INSERT INTO attendance VALUES ('1022', '2015-08-13', '2', '131');
INSERT INTO attendance VALUES ('1047', '2015-08-13', '2', '137');
INSERT INTO attendance VALUES ('1063', '2015-08-13', '2', '141');
INSERT INTO attendance VALUES ('1078', '2015-08-13', '2', '151');
INSERT INTO attendance VALUES ('1146', '2015-08-13', '2', '183');
INSERT INTO attendance VALUES ('1187', '2015-08-13', '2', '188');
INSERT INTO attendance VALUES ('1245', '2015-08-13', '2', '214');
INSERT INTO attendance VALUES ('1263', '2015-08-13', '2', '220');
INSERT INTO attendance VALUES ('1310', '2015-08-13', '2', '233');
INSERT INTO attendance VALUES ('1367', '2015-08-13', '2', '247');
INSERT INTO attendance VALUES ('1693', '2015-08-15', '4', '14');
INSERT INTO attendance VALUES ('1721', '2015-08-15', '4', '183');
INSERT INTO attendance VALUES ('1896', '2015-08-15', '5', '112');
INSERT INTO attendance VALUES ('127', '2015-08-20', '1', '14');
INSERT INTO attendance VALUES ('172', '2015-08-20', '1', '34');
INSERT INTO attendance VALUES ('361', '2015-08-20', '1', '123');
INSERT INTO attendance VALUES ('456', '2015-08-20', '1', '179');
INSERT INTO attendance VALUES ('714', '2015-08-20', '2', '16');
INSERT INTO attendance VALUES ('804', '2015-08-20', '2', '44');
INSERT INTO attendance VALUES ('932', '2015-08-20', '2', '91');
INSERT INTO attendance VALUES ('1023', '2015-08-20', '2', '131');
INSERT INTO attendance VALUES ('1188', '2015-08-20', '2', '188');
INSERT INTO attendance VALUES ('1275', '2015-08-20', '2', '229');
INSERT INTO attendance VALUES ('1311', '2015-08-20', '2', '233');
INSERT INTO attendance VALUES ('1368', '2015-08-20', '2', '247');
INSERT INTO attendance VALUES ('1409', '2015-08-20', '2', '255');
INSERT INTO attendance VALUES ('1694', '2015-08-22', '4', '14');
INSERT INTO attendance VALUES ('109', '2015-08-27', '1', '10');
INSERT INTO attendance VALUES ('128', '2015-08-27', '1', '14');
INSERT INTO attendance VALUES ('147', '2015-08-27', '1', '33');
INSERT INTO attendance VALUES ('173', '2015-08-27', '1', '34');
INSERT INTO attendance VALUES ('190', '2015-08-27', '1', '37');
INSERT INTO attendance VALUES ('227', '2015-08-27', '1', '46');
INSERT INTO attendance VALUES ('268', '2015-08-27', '1', '76');
INSERT INTO attendance VALUES ('291', '2015-08-27', '1', '103');
INSERT INTO attendance VALUES ('326', '2015-08-27', '1', '112');
INSERT INTO attendance VALUES ('378', '2015-08-27', '1', '131');
INSERT INTO attendance VALUES ('391', '2015-08-27', '1', '135');
INSERT INTO attendance VALUES ('431', '2015-08-27', '1', '151');
INSERT INTO attendance VALUES ('462', '2015-08-27', '1', '183');
INSERT INTO attendance VALUES ('519', '2015-08-27', '1', '214');
INSERT INTO attendance VALUES ('553', '2015-08-27', '1', '227');
INSERT INTO attendance VALUES ('571', '2015-08-27', '1', '228');
INSERT INTO attendance VALUES ('581', '2015-08-27', '1', '230');
INSERT INTO attendance VALUES ('635', '2015-08-27', '1', '255');
INSERT INTO attendance VALUES ('666', '2015-08-27', '2', '10');
INSERT INTO attendance VALUES ('681', '2015-08-27', '2', '14');
INSERT INTO attendance VALUES ('695', '2015-08-27', '2', '15');
INSERT INTO attendance VALUES ('715', '2015-08-27', '2', '16');
INSERT INTO attendance VALUES ('751', '2015-08-27', '2', '34');
INSERT INTO attendance VALUES ('805', '2015-08-27', '2', '44');
INSERT INTO attendance VALUES ('827', '2015-08-27', '2', '46');
INSERT INTO attendance VALUES ('850', '2015-08-27', '2', '61');
INSERT INTO attendance VALUES ('980', '2015-08-27', '2', '112');
INSERT INTO attendance VALUES ('1036', '2015-08-27', '2', '135');
INSERT INTO attendance VALUES ('1079', '2015-08-27', '2', '151');
INSERT INTO attendance VALUES ('1147', '2015-08-27', '2', '183');
INSERT INTO attendance VALUES ('1189', '2015-08-27', '2', '188');
INSERT INTO attendance VALUES ('1246', '2015-08-27', '2', '214');
INSERT INTO attendance VALUES ('1271', '2015-08-27', '2', '227');
INSERT INTO attendance VALUES ('1312', '2015-08-27', '2', '233');
INSERT INTO attendance VALUES ('110', '2015-09-01', '1', '10');
INSERT INTO attendance VALUES ('174', '2015-09-01', '1', '34');
INSERT INTO attendance VALUES ('235', '2015-09-01', '1', '52');
INSERT INTO attendance VALUES ('301', '2015-09-01', '1', '106');
INSERT INTO attendance VALUES ('362', '2015-09-01', '1', '123');
INSERT INTO attendance VALUES ('392', '2015-09-01', '1', '135');
INSERT INTO attendance VALUES ('466', '2015-09-01', '1', '184');
INSERT INTO attendance VALUES ('491', '2015-09-01', '1', '186');
INSERT INTO attendance VALUES ('636', '2015-09-01', '1', '255');
INSERT INTO attendance VALUES ('673', '2015-09-01', '2', '11');
INSERT INTO attendance VALUES ('716', '2015-09-01', '2', '16');
INSERT INTO attendance VALUES ('752', '2015-09-01', '2', '34');
INSERT INTO attendance VALUES ('806', '2015-09-01', '2', '44');
INSERT INTO attendance VALUES ('830', '2015-09-01', '2', '52');
INSERT INTO attendance VALUES ('911', '2015-09-01', '2', '83');
INSERT INTO attendance VALUES ('981', '2015-09-01', '2', '112');
INSERT INTO attendance VALUES ('1024', '2015-09-01', '2', '131');
INSERT INTO attendance VALUES ('1084', '2015-09-01', '2', '155');
INSERT INTO attendance VALUES ('1148', '2015-09-01', '2', '183');
INSERT INTO attendance VALUES ('1190', '2015-09-01', '2', '188');
INSERT INTO attendance VALUES ('1247', '2015-09-01', '2', '214');
INSERT INTO attendance VALUES ('1264', '2015-09-01', '2', '220');
INSERT INTO attendance VALUES ('1313', '2015-09-01', '2', '233');
INSERT INTO attendance VALUES ('1369', '2015-09-01', '2', '247');
INSERT INTO attendance VALUES ('1410', '2015-09-01', '2', '255');
INSERT INTO attendance VALUES ('1439', '2015-09-01', '3', '34');
INSERT INTO attendance VALUES ('1442', '2015-09-01', '3', '39');
INSERT INTO attendance VALUES ('1446', '2015-09-01', '3', '44');
INSERT INTO attendance VALUES ('1450', '2015-09-01', '3', '52');
INSERT INTO attendance VALUES ('1462', '2015-09-01', '3', '112');
INSERT INTO attendance VALUES ('1465', '2015-09-01', '3', '123');
INSERT INTO attendance VALUES ('1468', '2015-09-01', '3', '131');
INSERT INTO attendance VALUES ('1472', '2015-09-01', '3', '143');
INSERT INTO attendance VALUES ('1474', '2015-09-01', '3', '163');
INSERT INTO attendance VALUES ('1487', '2015-09-01', '3', '231');
INSERT INTO attendance VALUES ('1493', '2015-09-01', '3', '233');
INSERT INTO attendance VALUES ('1504', '2015-09-01', '3', '255');
INSERT INTO attendance VALUES ('1767', '2015-09-01', '4', '11');
INSERT INTO attendance VALUES ('1695', '2015-09-01', '4', '14');
INSERT INTO attendance VALUES ('1766', '2015-09-01', '4', '71');
INSERT INTO attendance VALUES ('1751', '2015-09-01', '4', '152');
INSERT INTO attendance VALUES ('1722', '2015-09-01', '4', '183');
INSERT INTO attendance VALUES ('1897', '2015-09-01', '5', '112');
INSERT INTO attendance VALUES ('111', '2015-09-08', '1', '10');
INSERT INTO attendance VALUES ('175', '2015-09-08', '1', '34');
INSERT INTO attendance VALUES ('363', '2015-09-08', '1', '123');
INSERT INTO attendance VALUES ('393', '2015-09-08', '1', '135');
INSERT INTO attendance VALUES ('417', '2015-09-08', '1', '143');
INSERT INTO attendance VALUES ('520', '2015-09-08', '1', '214');
INSERT INTO attendance VALUES ('554', '2015-09-08', '1', '227');
INSERT INTO attendance VALUES ('667', '2015-09-08', '2', '10');
INSERT INTO attendance VALUES ('696', '2015-09-08', '2', '15');
INSERT INTO attendance VALUES ('753', '2015-09-08', '2', '34');
INSERT INTO attendance VALUES ('807', '2015-09-08', '2', '44');
INSERT INTO attendance VALUES ('859', '2015-09-08', '2', '67');
INSERT INTO attendance VALUES ('894', '2015-09-08', '2', '76');
INSERT INTO attendance VALUES ('933', '2015-09-08', '2', '91');
INSERT INTO attendance VALUES ('994', '2015-09-08', '2', '115');
INSERT INTO attendance VALUES ('1037', '2015-09-08', '2', '135');
INSERT INTO attendance VALUES ('1068', '2015-09-08', '2', '143');
INSERT INTO attendance VALUES ('1114', '2015-09-08', '2', '164');
INSERT INTO attendance VALUES ('1149', '2015-09-08', '2', '183');
INSERT INTO attendance VALUES ('1191', '2015-09-08', '2', '188');
INSERT INTO attendance VALUES ('1248', '2015-09-08', '2', '214');
INSERT INTO attendance VALUES ('1314', '2015-09-08', '2', '233');
INSERT INTO attendance VALUES ('1696', '2015-09-08', '4', '14');
INSERT INTO attendance VALUES ('1723', '2015-09-08', '4', '183');
INSERT INTO attendance VALUES ('1898', '2015-09-08', '5', '112');
INSERT INTO attendance VALUES ('112', '2015-09-15', '1', '10');
INSERT INTO attendance VALUES ('120', '2015-09-15', '1', '11');
INSERT INTO attendance VALUES ('131', '2015-09-15', '1', '15');
INSERT INTO attendance VALUES ('176', '2015-09-15', '1', '34');
INSERT INTO attendance VALUES ('236', '2015-09-15', '1', '52');
INSERT INTO attendance VALUES ('269', '2015-09-15', '1', '76');
INSERT INTO attendance VALUES ('302', '2015-09-15', '1', '106');
INSERT INTO attendance VALUES ('333', '2015-09-15', '1', '119');
INSERT INTO attendance VALUES ('382', '2015-09-15', '1', '133');
INSERT INTO attendance VALUES ('394', '2015-09-15', '1', '135');
INSERT INTO attendance VALUES ('492', '2015-09-15', '1', '186');
INSERT INTO attendance VALUES ('521', '2015-09-15', '1', '214');
INSERT INTO attendance VALUES ('616', '2015-09-15', '1', '251');
INSERT INTO attendance VALUES ('637', '2015-09-15', '1', '255');
INSERT INTO attendance VALUES ('697', '2015-09-15', '2', '15');
INSERT INTO attendance VALUES ('754', '2015-09-15', '2', '34');
INSERT INTO attendance VALUES ('808', '2015-09-15', '2', '44');
INSERT INTO attendance VALUES ('831', '2015-09-15', '2', '52');
INSERT INTO attendance VALUES ('912', '2015-09-15', '2', '83');
INSERT INTO attendance VALUES ('982', '2015-09-15', '2', '112');
INSERT INTO attendance VALUES ('995', '2015-09-15', '2', '115');
INSERT INTO attendance VALUES ('1171', '2015-09-15', '2', '186');
INSERT INTO attendance VALUES ('1192', '2015-09-15', '2', '188');
INSERT INTO attendance VALUES ('1230', '2015-09-15', '2', '213');
INSERT INTO attendance VALUES ('1276', '2015-09-15', '2', '229');
INSERT INTO attendance VALUES ('1315', '2015-09-15', '2', '233');
INSERT INTO attendance VALUES ('1385', '2015-09-15', '2', '249');
INSERT INTO attendance VALUES ('1392', '2015-09-15', '2', '251');
INSERT INTO attendance VALUES ('1697', '2015-09-15', '4', '14');
INSERT INTO attendance VALUES ('1724', '2015-09-15', '4', '183');
INSERT INTO attendance VALUES ('1899', '2015-09-15', '5', '112');
INSERT INTO attendance VALUES ('191', '2015-09-22', '1', '37');
INSERT INTO attendance VALUES ('209', '2015-09-22', '1', '44');
INSERT INTO attendance VALUES ('237', '2015-09-22', '1', '52');
INSERT INTO attendance VALUES ('244', '2015-09-22', '1', '53');
INSERT INTO attendance VALUES ('247', '2015-09-22', '1', '60');
INSERT INTO attendance VALUES ('270', '2015-09-22', '1', '76');
INSERT INTO attendance VALUES ('278', '2015-09-22', '1', '84');
INSERT INTO attendance VALUES ('327', '2015-09-22', '1', '112');
INSERT INTO attendance VALUES ('364', '2015-09-22', '1', '123');
INSERT INTO attendance VALUES ('371', '2015-09-22', '1', '125');
INSERT INTO attendance VALUES ('395', '2015-09-22', '1', '135');
INSERT INTO attendance VALUES ('418', '2015-09-22', '1', '143');
INSERT INTO attendance VALUES ('427', '2015-09-22', '1', '148');
INSERT INTO attendance VALUES ('467', '2015-09-22', '1', '184');
INSERT INTO attendance VALUES ('522', '2015-09-22', '1', '214');
INSERT INTO attendance VALUES ('555', '2015-09-22', '1', '227');
INSERT INTO attendance VALUES ('572', '2015-09-22', '1', '228');
INSERT INTO attendance VALUES ('638', '2015-09-22', '1', '255');
INSERT INTO attendance VALUES ('755', '2015-09-22', '2', '34');
INSERT INTO attendance VALUES ('775', '2015-09-22', '2', '39');
INSERT INTO attendance VALUES ('809', '2015-09-22', '2', '44');
INSERT INTO attendance VALUES ('832', '2015-09-22', '2', '52');
INSERT INTO attendance VALUES ('887', '2015-09-22', '2', '74');
INSERT INTO attendance VALUES ('895', '2015-09-22', '2', '76');
INSERT INTO attendance VALUES ('927', '2015-09-22', '2', '90');
INSERT INTO attendance VALUES ('983', '2015-09-22', '2', '112');
INSERT INTO attendance VALUES ('1025', '2015-09-22', '2', '131');
INSERT INTO attendance VALUES ('1110', '2015-09-22', '2', '163');
INSERT INTO attendance VALUES ('1150', '2015-09-22', '2', '183');
INSERT INTO attendance VALUES ('1193', '2015-09-22', '2', '188');
INSERT INTO attendance VALUES ('1249', '2015-09-22', '2', '214');
INSERT INTO attendance VALUES ('1316', '2015-09-22', '2', '233');
INSERT INTO attendance VALUES ('1393', '2015-09-22', '2', '251');
INSERT INTO attendance VALUES ('1411', '2015-09-22', '2', '255');
INSERT INTO attendance VALUES ('1420', '2015-09-22', '2', '264');
INSERT INTO attendance VALUES ('113', '2015-09-29', '1', '10');
INSERT INTO attendance VALUES ('177', '2015-09-29', '1', '34');
INSERT INTO attendance VALUES ('193', '2015-09-29', '1', '38');
INSERT INTO attendance VALUES ('334', '2015-09-29', '1', '119');
INSERT INTO attendance VALUES ('379', '2015-09-29', '1', '131');
INSERT INTO attendance VALUES ('535', '2015-09-29', '1', '225');
INSERT INTO attendance VALUES ('639', '2015-09-29', '1', '255');
INSERT INTO attendance VALUES ('121', '2015-10-01', '1', '11');
INSERT INTO attendance VALUES ('210', '2015-10-01', '1', '44');
INSERT INTO attendance VALUES ('328', '2015-10-01', '1', '112');
INSERT INTO attendance VALUES ('463', '2015-10-01', '1', '183');
INSERT INTO attendance VALUES ('495', '2015-10-01', '1', '189');
INSERT INTO attendance VALUES ('668', '2015-10-01', '2', '10');
INSERT INTO attendance VALUES ('698', '2015-10-01', '2', '15');
INSERT INTO attendance VALUES ('717', '2015-10-01', '2', '16');
INSERT INTO attendance VALUES ('810', '2015-10-01', '2', '44');
INSERT INTO attendance VALUES ('833', '2015-10-01', '2', '52');
INSERT INTO attendance VALUES ('896', '2015-10-01', '2', '76');
INSERT INTO attendance VALUES ('1026', '2015-10-01', '2', '131');
INSERT INTO attendance VALUES ('1064', '2015-10-01', '2', '141');
INSERT INTO attendance VALUES ('1080', '2015-10-01', '2', '151');
INSERT INTO attendance VALUES ('1085', '2015-10-01', '2', '155');
INSERT INTO attendance VALUES ('1117', '2015-10-01', '2', '168');
INSERT INTO attendance VALUES ('1151', '2015-10-01', '2', '183');
INSERT INTO attendance VALUES ('1194', '2015-10-01', '2', '188');
INSERT INTO attendance VALUES ('1216', '2015-10-01', '2', '206');
INSERT INTO attendance VALUES ('1317', '2015-10-01', '2', '233');
INSERT INTO attendance VALUES ('1370', '2015-10-01', '2', '247');
INSERT INTO attendance VALUES ('1412', '2015-10-01', '2', '255');
INSERT INTO attendance VALUES ('1431', '2015-10-01', '3', '11');
INSERT INTO attendance VALUES ('1451', '2015-10-01', '3', '52');
INSERT INTO attendance VALUES ('1453', '2015-10-01', '3', '54');
INSERT INTO attendance VALUES ('1463', '2015-10-01', '3', '112');
INSERT INTO attendance VALUES ('1494', '2015-10-01', '3', '233');
INSERT INTO attendance VALUES ('1698', '2015-10-01', '4', '14');
INSERT INTO attendance VALUES ('1725', '2015-10-01', '4', '183');
INSERT INTO attendance VALUES ('1900', '2015-10-01', '5', '112');
INSERT INTO attendance VALUES ('92', '2015-10-08', '1', '6');
INSERT INTO attendance VALUES ('114', '2015-10-08', '1', '10');
INSERT INTO attendance VALUES ('122', '2015-10-08', '1', '11');
INSERT INTO attendance VALUES ('178', '2015-10-08', '1', '34');
INSERT INTO attendance VALUES ('288', '2015-10-08', '1', '98');
INSERT INTO attendance VALUES ('365', '2015-10-08', '1', '123');
INSERT INTO attendance VALUES ('396', '2015-10-08', '1', '135');
INSERT INTO attendance VALUES ('523', '2015-10-08', '1', '214');
INSERT INTO attendance VALUES ('556', '2015-10-08', '1', '227');
INSERT INTO attendance VALUES ('595', '2015-10-08', '1', '238');
INSERT INTO attendance VALUES ('640', '2015-10-08', '1', '255');
INSERT INTO attendance VALUES ('674', '2015-10-08', '2', '11');
INSERT INTO attendance VALUES ('756', '2015-10-08', '2', '34');
INSERT INTO attendance VALUES ('811', '2015-10-08', '2', '44');
INSERT INTO attendance VALUES ('869', '2015-10-08', '2', '71');
INSERT INTO attendance VALUES ('888', '2015-10-08', '2', '74');
INSERT INTO attendance VALUES ('928', '2015-10-08', '2', '90');
INSERT INTO attendance VALUES ('941', '2015-10-08', '2', '98');
INSERT INTO attendance VALUES ('984', '2015-10-08', '2', '112');
INSERT INTO attendance VALUES ('1027', '2015-10-08', '2', '131');
INSERT INTO attendance VALUES ('1086', '2015-10-08', '2', '155');
INSERT INTO attendance VALUES ('1152', '2015-10-08', '2', '183');
INSERT INTO attendance VALUES ('1195', '2015-10-08', '2', '188');
INSERT INTO attendance VALUES ('1318', '2015-10-08', '2', '233');
INSERT INTO attendance VALUES ('1371', '2015-10-08', '2', '247');
INSERT INTO attendance VALUES ('1415', '2015-10-08', '2', '256');
INSERT INTO attendance VALUES ('1421', '2015-10-08', '2', '264');
INSERT INTO attendance VALUES ('1768', '2015-10-08', '4', '115');
INSERT INTO attendance VALUES ('1797', '2015-10-08', '4', '118');
INSERT INTO attendance VALUES ('1791', '2015-10-08', '4', '120');
INSERT INTO attendance VALUES ('1781', '2015-10-08', '4', '153');
INSERT INTO attendance VALUES ('1787', '2015-10-08', '4', '161');
INSERT INTO attendance VALUES ('1726', '2015-10-08', '4', '183');
INSERT INTO attendance VALUES ('1775', '2015-10-08', '4', '216');
INSERT INTO attendance VALUES ('1901', '2015-10-08', '5', '112');
INSERT INTO attendance VALUES ('88', '2015-10-15', '1', '4');
INSERT INTO attendance VALUES ('194', '2015-10-15', '1', '38');
INSERT INTO attendance VALUES ('228', '2015-10-15', '1', '46');
INSERT INTO attendance VALUES ('231', '2015-10-15', '1', '49');
INSERT INTO attendance VALUES ('249', '2015-10-15', '1', '65');
INSERT INTO attendance VALUES ('271', '2015-10-15', '1', '76');
INSERT INTO attendance VALUES ('309', '2015-10-15', '1', '108');
INSERT INTO attendance VALUES ('335', '2015-10-15', '1', '119');
INSERT INTO attendance VALUES ('496', '2015-10-15', '1', '189');
INSERT INTO attendance VALUES ('524', '2015-10-15', '1', '214');
INSERT INTO attendance VALUES ('596', '2015-10-15', '1', '238');
INSERT INTO attendance VALUES ('669', '2015-10-15', '2', '10');
INSERT INTO attendance VALUES ('675', '2015-10-15', '2', '11');
INSERT INTO attendance VALUES ('699', '2015-10-15', '2', '15');
INSERT INTO attendance VALUES ('757', '2015-10-15', '2', '34');
INSERT INTO attendance VALUES ('765', '2015-10-15', '2', '36');
INSERT INTO attendance VALUES ('828', '2015-10-15', '2', '46');
INSERT INTO attendance VALUES ('865', '2015-10-15', '2', '70');
INSERT INTO attendance VALUES ('942', '2015-10-15', '2', '98');
INSERT INTO attendance VALUES ('945', '2015-10-15', '2', '99');
INSERT INTO attendance VALUES ('966', '2015-10-15', '2', '108');
INSERT INTO attendance VALUES ('985', '2015-10-15', '2', '112');
INSERT INTO attendance VALUES ('1028', '2015-10-15', '2', '131');
INSERT INTO attendance VALUES ('1038', '2015-10-15', '2', '135');
INSERT INTO attendance VALUES ('1057', '2015-10-15', '2', '138');
INSERT INTO attendance VALUES ('1065', '2015-10-15', '2', '141');
INSERT INTO attendance VALUES ('1087', '2015-10-15', '2', '155');
INSERT INTO attendance VALUES ('1134', '2015-10-15', '2', '182');
INSERT INTO attendance VALUES ('1196', '2015-10-15', '2', '188');
INSERT INTO attendance VALUES ('1213', '2015-10-15', '2', '200');
INSERT INTO attendance VALUES ('1250', '2015-10-15', '2', '214');
INSERT INTO attendance VALUES ('1277', '2015-10-15', '2', '230');
INSERT INTO attendance VALUES ('1319', '2015-10-15', '2', '233');
INSERT INTO attendance VALUES ('1800', '2015-10-15', '4', '7');
INSERT INTO attendance VALUES ('1699', '2015-10-15', '4', '14');
INSERT INTO attendance VALUES ('1814', '2015-10-15', '4', '23');
INSERT INTO attendance VALUES ('1816', '2015-10-15', '4', '34');
INSERT INTO attendance VALUES ('1825', '2015-10-15', '4', '46');
INSERT INTO attendance VALUES ('1834', '2015-10-15', '4', '57');
INSERT INTO attendance VALUES ('1843', '2015-10-15', '4', '64');
INSERT INTO attendance VALUES ('1807', '2015-10-15', '4', '85');
INSERT INTO attendance VALUES ('1851', '2015-10-15', '4', '112');
INSERT INTO attendance VALUES ('1769', '2015-10-15', '4', '115');
INSERT INTO attendance VALUES ('1798', '2015-10-15', '4', '118');
INSERT INTO attendance VALUES ('1792', '2015-10-15', '4', '120');
INSERT INTO attendance VALUES ('1782', '2015-10-15', '4', '153');
INSERT INTO attendance VALUES ('1860', '2015-10-15', '4', '158');
INSERT INTO attendance VALUES ('1788', '2015-10-15', '4', '161');
INSERT INTO attendance VALUES ('1864', '2015-10-15', '4', '163');
INSERT INTO attendance VALUES ('1805', '2015-10-15', '4', '210');
INSERT INTO attendance VALUES ('1776', '2015-10-15', '4', '216');
INSERT INTO attendance VALUES ('1872', '2015-10-15', '4', '219');
INSERT INTO attendance VALUES ('1876', '2015-10-15', '4', '229');
INSERT INTO attendance VALUES ('1806', '2015-10-15', '4', '243');
INSERT INTO attendance VALUES ('1902', '2015-10-15', '5', '112');
INSERT INTO attendance VALUES ('115', '2015-10-22', '1', '10');
INSERT INTO attendance VALUES ('179', '2015-10-22', '1', '34');
INSERT INTO attendance VALUES ('186', '2015-10-22', '1', '36');
INSERT INTO attendance VALUES ('238', '2015-10-22', '1', '52');
INSERT INTO attendance VALUES ('329', '2015-10-22', '1', '112');
INSERT INTO attendance VALUES ('336', '2015-10-22', '1', '119');
INSERT INTO attendance VALUES ('366', '2015-10-22', '1', '123');
INSERT INTO attendance VALUES ('380', '2015-10-22', '1', '131');
INSERT INTO attendance VALUES ('397', '2015-10-22', '1', '135');
INSERT INTO attendance VALUES ('403', '2015-10-22', '1', '141');
INSERT INTO attendance VALUES ('419', '2015-10-22', '1', '143');
INSERT INTO attendance VALUES ('428', '2015-10-22', '1', '148');
INSERT INTO attendance VALUES ('525', '2015-10-22', '1', '214');
INSERT INTO attendance VALUES ('557', '2015-10-22', '1', '227');
INSERT INTO attendance VALUES ('573', '2015-10-22', '1', '228');
INSERT INTO attendance VALUES ('597', '2015-10-22', '1', '238');
INSERT INTO attendance VALUES ('646', '2015-10-22', '1', '265');
INSERT INTO attendance VALUES ('670', '2015-10-22', '2', '10');
INSERT INTO attendance VALUES ('676', '2015-10-22', '2', '11');
INSERT INTO attendance VALUES ('766', '2015-10-22', '2', '36');
INSERT INTO attendance VALUES ('834', '2015-10-22', '2', '52');
INSERT INTO attendance VALUES ('844', '2015-10-22', '2', '54');
INSERT INTO attendance VALUES ('889', '2015-10-22', '2', '74');
INSERT INTO attendance VALUES ('929', '2015-10-22', '2', '90');
INSERT INTO attendance VALUES ('943', '2015-10-22', '2', '98');
INSERT INTO attendance VALUES ('986', '2015-10-22', '2', '112');
INSERT INTO attendance VALUES ('996', '2015-10-22', '2', '115');
INSERT INTO attendance VALUES ('1029', '2015-10-22', '2', '131');
INSERT INTO attendance VALUES ('1039', '2015-10-22', '2', '135');
INSERT INTO attendance VALUES ('1066', '2015-10-22', '2', '141');
INSERT INTO attendance VALUES ('1088', '2015-10-22', '2', '155');
INSERT INTO attendance VALUES ('1153', '2015-10-22', '2', '183');
INSERT INTO attendance VALUES ('1197', '2015-10-22', '2', '188');
INSERT INTO attendance VALUES ('1214', '2015-10-22', '2', '200');
INSERT INTO attendance VALUES ('1251', '2015-10-22', '2', '214');
INSERT INTO attendance VALUES ('1320', '2015-10-22', '2', '233');
INSERT INTO attendance VALUES ('1372', '2015-10-22', '2', '247');
INSERT INTO attendance VALUES ('1808', '2015-10-22', '4', '4');
INSERT INTO attendance VALUES ('1801', '2015-10-22', '4', '7');
INSERT INTO attendance VALUES ('1700', '2015-10-22', '4', '14');
INSERT INTO attendance VALUES ('1817', '2015-10-22', '4', '34');
INSERT INTO attendance VALUES ('1826', '2015-10-22', '4', '52');
INSERT INTO attendance VALUES ('1835', '2015-10-22', '4', '57');
INSERT INTO attendance VALUES ('1844', '2015-10-22', '4', '64');
INSERT INTO attendance VALUES ('1852', '2015-10-22', '4', '112');
INSERT INTO attendance VALUES ('1770', '2015-10-22', '4', '115');
INSERT INTO attendance VALUES ('1793', '2015-10-22', '4', '120');
INSERT INTO attendance VALUES ('1789', '2015-10-22', '4', '161');
INSERT INTO attendance VALUES ('1727', '2015-10-22', '4', '183');
INSERT INTO attendance VALUES ('1777', '2015-10-22', '4', '216');
INSERT INTO attendance VALUES ('1879', '2015-10-22', '4', '255');
INSERT INTO attendance VALUES ('1903', '2015-10-22', '5', '112');
INSERT INTO attendance VALUES ('89', '2015-10-29', '1', '4');
INSERT INTO attendance VALUES ('140', '2015-10-29', '1', '22');
INSERT INTO attendance VALUES ('180', '2015-10-29', '1', '34');
INSERT INTO attendance VALUES ('195', '2015-10-29', '1', '38');
INSERT INTO attendance VALUES ('250', '2015-10-29', '1', '65');
INSERT INTO attendance VALUES ('277', '2015-10-29', '1', '83');
INSERT INTO attendance VALUES ('303', '2015-10-29', '1', '106');
INSERT INTO attendance VALUES ('433', '2015-10-29', '1', '156');
INSERT INTO attendance VALUES ('464', '2015-10-29', '1', '183');
INSERT INTO attendance VALUES ('558', '2015-10-29', '1', '227');
INSERT INTO attendance VALUES ('598', '2015-10-29', '1', '239');
INSERT INTO attendance VALUES ('700', '2015-10-29', '2', '15');
INSERT INTO attendance VALUES ('718', '2015-10-29', '2', '16');
INSERT INTO attendance VALUES ('723', '2015-10-29', '2', '22');
INSERT INTO attendance VALUES ('758', '2015-10-29', '2', '34');
INSERT INTO attendance VALUES ('767', '2015-10-29', '2', '36');
INSERT INTO attendance VALUES ('772', '2015-10-29', '2', '38');
INSERT INTO attendance VALUES ('835', '2015-10-29', '2', '52');
INSERT INTO attendance VALUES ('845', '2015-10-29', '2', '54');
INSERT INTO attendance VALUES ('858', '2015-10-29', '2', '65');
INSERT INTO attendance VALUES ('987', '2015-10-29', '2', '112');
INSERT INTO attendance VALUES ('1006', '2015-10-29', '2', '123');
INSERT INTO attendance VALUES ('1030', '2015-10-29', '2', '131');
INSERT INTO attendance VALUES ('1041', '2015-10-29', '2', '136');
INSERT INTO attendance VALUES ('1089', '2015-10-29', '2', '156');
INSERT INTO attendance VALUES ('1111', '2015-10-29', '2', '163');
INSERT INTO attendance VALUES ('1154', '2015-10-29', '2', '183');
INSERT INTO attendance VALUES ('1198', '2015-10-29', '2', '188');
INSERT INTO attendance VALUES ('1345', '2015-10-29', '2', '239');
INSERT INTO attendance VALUES ('1373', '2015-10-29', '2', '247');
INSERT INTO attendance VALUES ('1809', '2015-10-29', '4', '4');
INSERT INTO attendance VALUES ('1701', '2015-10-29', '4', '14');
INSERT INTO attendance VALUES ('1818', '2015-10-29', '4', '34');
INSERT INTO attendance VALUES ('1827', '2015-10-29', '4', '52');
INSERT INTO attendance VALUES ('1836', '2015-10-29', '4', '57');
INSERT INTO attendance VALUES ('1845', '2015-10-29', '4', '64');
INSERT INTO attendance VALUES ('1853', '2015-10-29', '4', '112');
INSERT INTO attendance VALUES ('1861', '2015-10-29', '4', '158');
INSERT INTO attendance VALUES ('1865', '2015-10-29', '4', '163');
INSERT INTO attendance VALUES ('1728', '2015-10-29', '4', '183');
INSERT INTO attendance VALUES ('1877', '2015-10-29', '4', '229');
INSERT INTO attendance VALUES ('116', '2015-11-01', '1', '10');
INSERT INTO attendance VALUES ('123', '2015-11-01', '1', '11');
INSERT INTO attendance VALUES ('148', '2015-11-01', '1', '33');
INSERT INTO attendance VALUES ('239', '2015-11-01', '1', '52');
INSERT INTO attendance VALUES ('245', '2015-11-01', '1', '57');
INSERT INTO attendance VALUES ('367', '2015-11-01', '1', '123');
INSERT INTO attendance VALUES ('381', '2015-11-01', '1', '131');
INSERT INTO attendance VALUES ('398', '2015-11-01', '1', '135');
INSERT INTO attendance VALUES ('404', '2015-11-01', '1', '141');
INSERT INTO attendance VALUES ('432', '2015-11-01', '1', '151');
INSERT INTO attendance VALUES ('507', '2015-11-01', '1', '208');
INSERT INTO attendance VALUES ('526', '2015-11-01', '1', '214');
INSERT INTO attendance VALUES ('617', '2015-11-01', '1', '252');
INSERT INTO attendance VALUES ('641', '2015-11-01', '1', '255');
INSERT INTO attendance VALUES ('671', '2015-11-01', '2', '10');
INSERT INTO attendance VALUES ('677', '2015-11-01', '2', '11');
INSERT INTO attendance VALUES ('768', '2015-11-01', '2', '36');
INSERT INTO attendance VALUES ('812', '2015-11-01', '2', '44');
INSERT INTO attendance VALUES ('836', '2015-11-01', '2', '52');
INSERT INTO attendance VALUES ('890', '2015-11-01', '2', '74');
INSERT INTO attendance VALUES ('930', '2015-11-01', '2', '90');
INSERT INTO attendance VALUES ('944', '2015-11-01', '2', '98');
INSERT INTO attendance VALUES ('1031', '2015-11-01', '2', '131');
INSERT INTO attendance VALUES ('1040', '2015-11-01', '2', '135');
INSERT INTO attendance VALUES ('1067', '2015-11-01', '2', '141');
INSERT INTO attendance VALUES ('1112', '2015-11-01', '2', '163');
INSERT INTO attendance VALUES ('1155', '2015-11-01', '2', '183');
INSERT INTO attendance VALUES ('1199', '2015-11-01', '2', '188');
INSERT INTO attendance VALUES ('1218', '2015-11-01', '2', '208');
INSERT INTO attendance VALUES ('1252', '2015-11-01', '2', '214');
INSERT INTO attendance VALUES ('1321', '2015-11-01', '2', '233');
INSERT INTO attendance VALUES ('1413', '2015-11-01', '2', '255');
INSERT INTO attendance VALUES ('1440', '2015-11-01', '3', '34');
INSERT INTO attendance VALUES ('1447', '2015-11-01', '3', '44');
INSERT INTO attendance VALUES ('1452', '2015-11-01', '3', '52');
INSERT INTO attendance VALUES ('1469', '2015-11-01', '3', '135');
INSERT INTO attendance VALUES ('1476', '2015-11-01', '3', '171');
INSERT INTO attendance VALUES ('1495', '2015-11-01', '3', '233');
INSERT INTO attendance VALUES ('1505', '2015-11-01', '3', '255');
INSERT INTO attendance VALUES ('1802', '2015-11-01', '4', '7');
INSERT INTO attendance VALUES ('1702', '2015-11-01', '4', '14');
INSERT INTO attendance VALUES ('1819', '2015-11-01', '4', '34');
INSERT INTO attendance VALUES ('1828', '2015-11-01', '4', '52');
INSERT INTO attendance VALUES ('1837', '2015-11-01', '4', '57');
INSERT INTO attendance VALUES ('1846', '2015-11-01', '4', '64');
INSERT INTO attendance VALUES ('1854', '2015-11-01', '4', '112');
INSERT INTO attendance VALUES ('1771', '2015-11-01', '4', '115');
INSERT INTO attendance VALUES ('1799', '2015-11-01', '4', '118');
INSERT INTO attendance VALUES ('1783', '2015-11-01', '4', '153');
INSERT INTO attendance VALUES ('1862', '2015-11-01', '4', '158');
INSERT INTO attendance VALUES ('1790', '2015-11-01', '4', '161');
INSERT INTO attendance VALUES ('1866', '2015-11-01', '4', '163');
INSERT INTO attendance VALUES ('1729', '2015-11-01', '4', '183');
INSERT INTO attendance VALUES ('1778', '2015-11-01', '4', '216');
INSERT INTO attendance VALUES ('1873', '2015-11-01', '4', '219');
INSERT INTO attendance VALUES ('1880', '2015-11-01', '4', '255');
INSERT INTO attendance VALUES ('1904', '2015-11-01', '5', '112');
INSERT INTO attendance VALUES ('117', '2015-11-08', '1', '10');
INSERT INTO attendance VALUES ('211', '2015-11-08', '1', '44');
INSERT INTO attendance VALUES ('232', '2015-11-08', '1', '49');
INSERT INTO attendance VALUES ('304', '2015-11-08', '1', '106');
INSERT INTO attendance VALUES ('337', '2015-11-08', '1', '119');
INSERT INTO attendance VALUES ('508', '2015-11-08', '1', '208');
INSERT INTO attendance VALUES ('601', '2015-11-08', '1', '244');
INSERT INTO attendance VALUES ('658', '2015-11-08', '2', '5');
INSERT INTO attendance VALUES ('701', '2015-11-08', '2', '15');
INSERT INTO attendance VALUES ('759', '2015-11-08', '2', '34');
INSERT INTO attendance VALUES ('813', '2015-11-08', '2', '44');
INSERT INTO attendance VALUES ('837', '2015-11-08', '2', '52');
INSERT INTO attendance VALUES ('988', '2015-11-08', '2', '112');
INSERT INTO attendance VALUES ('997', '2015-11-08', '2', '115');
INSERT INTO attendance VALUES ('999', '2015-11-08', '2', '121');
INSERT INTO attendance VALUES ('1007', '2015-11-08', '2', '123');
INSERT INTO attendance VALUES ('1081', '2015-11-08', '2', '151');
INSERT INTO attendance VALUES ('1113', '2015-11-08', '2', '163');
INSERT INTO attendance VALUES ('1156', '2015-11-08', '2', '183');
INSERT INTO attendance VALUES ('1200', '2015-11-08', '2', '188');
INSERT INTO attendance VALUES ('1204', '2015-11-08', '2', '194');
INSERT INTO attendance VALUES ('1206', '2015-11-08', '2', '197');
INSERT INTO attendance VALUES ('1253', '2015-11-08', '2', '214');
INSERT INTO attendance VALUES ('1279', '2015-11-08', '2', '231');
INSERT INTO attendance VALUES ('1322', '2015-11-08', '2', '233');
INSERT INTO attendance VALUES ('1414', '2015-11-08', '2', '255');
INSERT INTO attendance VALUES ('1810', '2015-11-08', '4', '4');
INSERT INTO attendance VALUES ('1703', '2015-11-08', '4', '14');
INSERT INTO attendance VALUES ('1820', '2015-11-08', '4', '34');
INSERT INTO attendance VALUES ('1829', '2015-11-08', '4', '52');
INSERT INTO attendance VALUES ('1838', '2015-11-08', '4', '57');
INSERT INTO attendance VALUES ('1847', '2015-11-08', '4', '64');
INSERT INTO attendance VALUES ('1855', '2015-11-08', '4', '112');
INSERT INTO attendance VALUES ('1772', '2015-11-08', '4', '115');
INSERT INTO attendance VALUES ('1794', '2015-11-08', '4', '120');
INSERT INTO attendance VALUES ('1784', '2015-11-08', '4', '153');
INSERT INTO attendance VALUES ('1863', '2015-11-08', '4', '158');
INSERT INTO attendance VALUES ('1867', '2015-11-08', '4', '163');
INSERT INTO attendance VALUES ('1730', '2015-11-08', '4', '183');
INSERT INTO attendance VALUES ('1881', '2015-11-08', '4', '255');
INSERT INTO attendance VALUES ('118', '2015-11-15', '1', '10');
INSERT INTO attendance VALUES ('129', '2015-11-15', '1', '14');
INSERT INTO attendance VALUES ('134', '2015-11-15', '1', '16');
INSERT INTO attendance VALUES ('141', '2015-11-15', '1', '22');
INSERT INTO attendance VALUES ('181', '2015-11-15', '1', '34');
INSERT INTO attendance VALUES ('196', '2015-11-15', '1', '38');
INSERT INTO attendance VALUES ('234', '2015-11-15', '1', '50');
INSERT INTO attendance VALUES ('338', '2015-11-15', '1', '119');
INSERT INTO attendance VALUES ('368', '2015-11-15', '1', '123');
INSERT INTO attendance VALUES ('399', '2015-11-15', '1', '135');
INSERT INTO attendance VALUES ('435', '2015-11-15', '1', '167');
INSERT INTO attendance VALUES ('509', '2015-11-15', '1', '208');
INSERT INTO attendance VALUES ('559', '2015-11-15', '1', '227');
INSERT INTO attendance VALUES ('642', '2015-11-15', '1', '255');
INSERT INTO attendance VALUES ('760', '2015-11-15', '2', '34');
INSERT INTO attendance VALUES ('814', '2015-11-15', '2', '44');
INSERT INTO attendance VALUES ('838', '2015-11-15', '2', '52');
INSERT INTO attendance VALUES ('1058', '2015-11-15', '2', '138');
INSERT INTO attendance VALUES ('1069', '2015-11-15', '2', '143');
INSERT INTO attendance VALUES ('1157', '2015-11-15', '2', '183');
INSERT INTO attendance VALUES ('1201', '2015-11-15', '2', '188');
INSERT INTO attendance VALUES ('1323', '2015-11-15', '2', '233');
INSERT INTO attendance VALUES ('1374', '2015-11-15', '2', '247');
INSERT INTO attendance VALUES ('1811', '2015-11-15', '4', '4');
INSERT INTO attendance VALUES ('1803', '2015-11-15', '4', '7');
INSERT INTO attendance VALUES ('1815', '2015-11-15', '4', '23');
INSERT INTO attendance VALUES ('1821', '2015-11-15', '4', '34');
INSERT INTO attendance VALUES ('1830', '2015-11-15', '4', '52');
INSERT INTO attendance VALUES ('1839', '2015-11-15', '4', '57');
INSERT INTO attendance VALUES ('1848', '2015-11-15', '4', '64');
INSERT INTO attendance VALUES ('1856', '2015-11-15', '4', '112');
INSERT INTO attendance VALUES ('1773', '2015-11-15', '4', '115');
INSERT INTO attendance VALUES ('1795', '2015-11-15', '4', '120');
INSERT INTO attendance VALUES ('1785', '2015-11-15', '4', '153');
INSERT INTO attendance VALUES ('1868', '2015-11-15', '4', '163');
INSERT INTO attendance VALUES ('1731', '2015-11-15', '4', '183');
INSERT INTO attendance VALUES ('1874', '2015-11-15', '4', '219');
INSERT INTO attendance VALUES ('1878', '2015-11-15', '4', '229');
INSERT INTO attendance VALUES ('1882', '2015-11-15', '4', '255');
INSERT INTO attendance VALUES ('90', '2015-11-22', '1', '4');
INSERT INTO attendance VALUES ('119', '2015-11-22', '1', '10');
INSERT INTO attendance VALUES ('182', '2015-11-22', '1', '34');
INSERT INTO attendance VALUES ('192', '2015-11-22', '1', '37');
INSERT INTO attendance VALUES ('272', '2015-11-22', '1', '76');
INSERT INTO attendance VALUES ('330', '2015-11-22', '1', '112');
INSERT INTO attendance VALUES ('332', '2015-11-22', '1', '115');
INSERT INTO attendance VALUES ('339', '2015-11-22', '1', '119');
INSERT INTO attendance VALUES ('369', '2015-11-22', '1', '123');
INSERT INTO attendance VALUES ('493', '2015-11-22', '1', '186');
INSERT INTO attendance VALUES ('497', '2015-11-22', '1', '189');
INSERT INTO attendance VALUES ('527', '2015-11-22', '1', '214');
INSERT INTO attendance VALUES ('582', '2015-11-22', '1', '230');
INSERT INTO attendance VALUES ('643', '2015-11-22', '1', '255');
INSERT INTO attendance VALUES ('672', '2015-11-22', '2', '10');
INSERT INTO attendance VALUES ('763', '2015-11-22', '2', '35');
INSERT INTO attendance VALUES ('769', '2015-11-22', '2', '36');
INSERT INTO attendance VALUES ('815', '2015-11-22', '2', '44');
INSERT INTO attendance VALUES ('839', '2015-11-22', '2', '52');
INSERT INTO attendance VALUES ('989', '2015-11-22', '2', '112');
INSERT INTO attendance VALUES ('1082', '2015-11-22', '2', '151');
INSERT INTO attendance VALUES ('1108', '2015-11-22', '2', '158');
INSERT INTO attendance VALUES ('1158', '2015-11-22', '2', '183');
INSERT INTO attendance VALUES ('1208', '2015-11-22', '2', '198');
INSERT INTO attendance VALUES ('1254', '2015-11-22', '2', '214');
INSERT INTO attendance VALUES ('1812', '2015-11-22', '4', '4');
INSERT INTO attendance VALUES ('1804', '2015-11-22', '4', '7');
INSERT INTO attendance VALUES ('1822', '2015-11-22', '4', '34');
INSERT INTO attendance VALUES ('1831', '2015-11-22', '4', '52');
INSERT INTO attendance VALUES ('1840', '2015-11-22', '4', '57');
INSERT INTO attendance VALUES ('1857', '2015-11-22', '4', '112');
INSERT INTO attendance VALUES ('1774', '2015-11-22', '4', '115');
INSERT INTO attendance VALUES ('1786', '2015-11-22', '4', '153');
INSERT INTO attendance VALUES ('1869', '2015-11-22', '4', '163');
INSERT INTO attendance VALUES ('1732', '2015-11-22', '4', '183');
INSERT INTO attendance VALUES ('125', '2015-12-01', '1', '12');
INSERT INTO attendance VALUES ('135', '2015-12-01', '1', '16');
INSERT INTO attendance VALUES ('143', '2015-12-01', '1', '29');
INSERT INTO attendance VALUES ('183', '2015-12-01', '1', '34');
INSERT INTO attendance VALUES ('197', '2015-12-01', '1', '38');
INSERT INTO attendance VALUES ('240', '2015-12-01', '1', '52');
INSERT INTO attendance VALUES ('400', '2015-12-01', '1', '135');
INSERT INTO attendance VALUES ('429', '2015-12-01', '1', '150');
INSERT INTO attendance VALUES ('434', '2015-12-01', '1', '156');
INSERT INTO attendance VALUES ('436', '2015-12-01', '1', '167');
INSERT INTO attendance VALUES ('494', '2015-12-01', '1', '186');
INSERT INTO attendance VALUES ('501', '2015-12-01', '1', '204');
INSERT INTO attendance VALUES ('560', '2015-12-01', '1', '227');
INSERT INTO attendance VALUES ('599', '2015-12-01', '1', '239');
INSERT INTO attendance VALUES ('602', '2015-12-01', '1', '244');
INSERT INTO attendance VALUES ('678', '2015-12-01', '2', '12');
INSERT INTO attendance VALUES ('702', '2015-12-01', '2', '15');
INSERT INTO attendance VALUES ('719', '2015-12-01', '2', '16');
INSERT INTO attendance VALUES ('761', '2015-12-01', '2', '34');
INSERT INTO attendance VALUES ('770', '2015-12-01', '2', '36');
INSERT INTO attendance VALUES ('773', '2015-12-01', '2', '38');
INSERT INTO attendance VALUES ('778', '2015-12-01', '2', '40');
INSERT INTO attendance VALUES ('816', '2015-12-01', '2', '44');
INSERT INTO attendance VALUES ('840', '2015-12-01', '2', '52');
INSERT INTO attendance VALUES ('891', '2015-12-01', '2', '74');
INSERT INTO attendance VALUES ('931', '2015-12-01', '2', '90');
INSERT INTO attendance VALUES ('1059', '2015-12-01', '2', '138');
INSERT INTO attendance VALUES ('1071', '2015-12-01', '2', '150');
INSERT INTO attendance VALUES ('1116', '2015-12-01', '2', '167');
INSERT INTO attendance VALUES ('1159', '2015-12-01', '2', '183');
INSERT INTO attendance VALUES ('1202', '2015-12-01', '2', '188');
INSERT INTO attendance VALUES ('1255', '2015-12-01', '2', '214');
INSERT INTO attendance VALUES ('1280', '2015-12-01', '2', '231');
INSERT INTO attendance VALUES ('1346', '2015-12-01', '2', '239');
INSERT INTO attendance VALUES ('1422', '2015-12-01', '2', '264');
INSERT INTO attendance VALUES ('1432', '2015-12-01', '3', '11');
INSERT INTO attendance VALUES ('1436', '2015-12-01', '3', '23');
INSERT INTO attendance VALUES ('1441', '2015-12-01', '3', '34');
INSERT INTO attendance VALUES ('1448', '2015-12-01', '3', '44');
INSERT INTO attendance VALUES ('1480', '2015-12-01', '3', '198');
INSERT INTO attendance VALUES ('1496', '2015-12-01', '3', '233');
INSERT INTO attendance VALUES ('1813', '2015-12-01', '4', '4');
INSERT INTO attendance VALUES ('1823', '2015-12-01', '4', '34');
INSERT INTO attendance VALUES ('1832', '2015-12-01', '4', '52');
INSERT INTO attendance VALUES ('1841', '2015-12-01', '4', '57');
INSERT INTO attendance VALUES ('1849', '2015-12-01', '4', '64');
INSERT INTO attendance VALUES ('1858', '2015-12-01', '4', '112');
INSERT INTO attendance VALUES ('1870', '2015-12-01', '4', '163');
INSERT INTO attendance VALUES ('1733', '2015-12-01', '4', '183');
INSERT INTO attendance VALUES ('1779', '2015-12-01', '4', '216');
INSERT INTO attendance VALUES ('1883', '2015-12-01', '4', '255');
INSERT INTO attendance VALUES ('1920', '2015-12-01', '9', '34');
INSERT INTO attendance VALUES ('1917', '2015-12-01', '9', '179');
INSERT INTO attendance VALUES ('1919', '2015-12-01', '9', '217');
INSERT INTO attendance VALUES ('1918', '2015-12-01', '9', '228');
INSERT INTO attendance VALUES ('91', '2015-12-08', '1', '4');
INSERT INTO attendance VALUES ('144', '2015-12-08', '1', '29');
INSERT INTO attendance VALUES ('184', '2015-12-08', '1', '34');
INSERT INTO attendance VALUES ('246', '2015-12-08', '1', '57');
INSERT INTO attendance VALUES ('305', '2015-12-08', '1', '106');
INSERT INTO attendance VALUES ('331', '2015-12-08', '1', '112');
INSERT INTO attendance VALUES ('370', '2015-12-08', '1', '123');
INSERT INTO attendance VALUES ('502', '2015-12-08', '1', '204');
INSERT INTO attendance VALUES ('574', '2015-12-08', '1', '228');
INSERT INTO attendance VALUES ('644', '2015-12-08', '1', '255');
INSERT INTO attendance VALUES ('703', '2015-12-08', '2', '15');
INSERT INTO attendance VALUES ('762', '2015-12-08', '2', '34');
INSERT INTO attendance VALUES ('771', '2015-12-08', '2', '36');
INSERT INTO attendance VALUES ('841', '2015-12-08', '2', '52');
INSERT INTO attendance VALUES ('892', '2015-12-08', '2', '74');
INSERT INTO attendance VALUES ('1008', '2015-12-08', '2', '123');
INSERT INTO attendance VALUES ('1203', '2015-12-08', '2', '188');
INSERT INTO attendance VALUES ('1272', '2015-12-08', '2', '228');
INSERT INTO attendance VALUES ('1824', '2015-12-08', '4', '34');
INSERT INTO attendance VALUES ('1833', '2015-12-08', '4', '52');
INSERT INTO attendance VALUES ('1842', '2015-12-08', '4', '57');
INSERT INTO attendance VALUES ('1850', '2015-12-08', '4', '64');
INSERT INTO attendance VALUES ('1859', '2015-12-08', '4', '112');
INSERT INTO attendance VALUES ('1796', '2015-12-08', '4', '120');
INSERT INTO attendance VALUES ('1871', '2015-12-08', '4', '163');
INSERT INTO attendance VALUES ('1780', '2015-12-08', '4', '216');
INSERT INTO attendance VALUES ('1875', '2015-12-08', '4', '219');
INSERT INTO attendance VALUES ('124', '2015-12-15', '1', '11');
INSERT INTO attendance VALUES ('136', '2015-12-15', '1', '16');
INSERT INTO attendance VALUES ('185', '2015-12-15', '1', '34');
INSERT INTO attendance VALUES ('248', '2015-12-15', '1', '63');
INSERT INTO attendance VALUES ('273', '2015-12-15', '1', '76');
INSERT INTO attendance VALUES ('340', '2015-12-15', '1', '119');
INSERT INTO attendance VALUES ('420', '2015-12-15', '1', '143');
INSERT INTO attendance VALUES ('561', '2015-12-15', '1', '227');
INSERT INTO attendance VALUES ('1968', '2016-01-01', '1', '34');
INSERT INTO attendance VALUES ('1982', '2016-01-01', '1', '44');
INSERT INTO attendance VALUES ('2012', '2016-01-01', '1', '179');
INSERT INTO attendance VALUES ('2017', '2016-01-01', '1', '186');
INSERT INTO attendance VALUES ('2019', '2016-01-01', '1', '189');
INSERT INTO attendance VALUES ('2024', '2016-01-01', '1', '227');
INSERT INTO attendance VALUES ('1954', '2016-01-01', '1', '276');
INSERT INTO attendance VALUES ('2183', '2016-01-01', '2', '0');
INSERT INTO attendance VALUES ('2130', '2016-01-01', '2', '16');
INSERT INTO attendance VALUES ('2139', '2016-01-01', '2', '41');
INSERT INTO attendance VALUES ('2148', '2016-01-01', '2', '98');
INSERT INTO attendance VALUES ('2171', '2016-01-01', '2', '168');
INSERT INTO attendance VALUES ('2172', '2016-01-01', '2', '171');
INSERT INTO attendance VALUES ('2136', '2016-01-01', '2', '284');
INSERT INTO attendance VALUES ('2146', '2016-01-01', '2', '285');
INSERT INTO attendance VALUES ('2182', '2016-01-01', '2', '287');
INSERT INTO attendance VALUES ('2203', '2016-01-01', '3', '52');
INSERT INTO attendance VALUES ('2205', '2016-01-01', '3', '70');
INSERT INTO attendance VALUES ('2206', '2016-01-01', '3', '112');
INSERT INTO attendance VALUES ('2207', '2016-01-01', '3', '137');
INSERT INTO attendance VALUES ('2212', '2016-01-01', '3', '233');
INSERT INTO attendance VALUES ('2214', '2016-01-01', '3', '255');
INSERT INTO attendance VALUES ('2228', '2016-01-01', '8', '183');
INSERT INTO attendance VALUES ('2229', '2016-01-01', '8', '277');
INSERT INTO attendance VALUES ('2230', '2016-01-02', '8', '171');
INSERT INTO attendance VALUES ('1949', '2016-01-08', '1', '4');
INSERT INTO attendance VALUES ('1969', '2016-01-08', '1', '34');
INSERT INTO attendance VALUES ('1977', '2016-01-08', '1', '38');
INSERT INTO attendance VALUES ('1984', '2016-01-08', '1', '65');
INSERT INTO attendance VALUES ('2003', '2016-01-08', '1', '150');
INSERT INTO attendance VALUES ('2009', '2016-01-08', '1', '156');
INSERT INTO attendance VALUES ('2015', '2016-01-08', '1', '183');
INSERT INTO attendance VALUES ('2025', '2016-01-08', '1', '227');
INSERT INTO attendance VALUES ('1955', '2016-01-08', '1', '276');
INSERT INTO attendance VALUES ('1960', '2016-01-08', '1', '277');
INSERT INTO attendance VALUES ('2125', '2016-01-08', '2', '10');
INSERT INTO attendance VALUES ('2133', '2016-01-08', '2', '34');
INSERT INTO attendance VALUES ('2140', '2016-01-08', '2', '44');
INSERT INTO attendance VALUES ('2151', '2016-01-08', '2', '112');
INSERT INTO attendance VALUES ('2173', '2016-01-08', '2', '171');
INSERT INTO attendance VALUES ('2185', '2016-01-08', '2', '233');
INSERT INTO attendance VALUES ('2191', '2016-01-08', '2', '255');
INSERT INTO attendance VALUES ('2155', '2016-01-08', '2', '280');
INSERT INTO attendance VALUES ('2150', '2016-01-08', '2', '286');
INSERT INTO attendance VALUES ('1970', '2016-01-15', '1', '34');
INSERT INTO attendance VALUES ('2001', '2016-01-15', '1', '143');
INSERT INTO attendance VALUES ('2023', '2016-01-15', '1', '208');
INSERT INTO attendance VALUES ('1963', '2016-01-15', '1', '279');
INSERT INTO attendance VALUES ('2033', '2016-01-15', '1', '282');
INSERT INTO attendance VALUES ('1950', '2016-01-22', '1', '4');
INSERT INTO attendance VALUES ('1971', '2016-01-22', '1', '34');
INSERT INTO attendance VALUES ('1978', '2016-01-22', '1', '38');
INSERT INTO attendance VALUES ('1985', '2016-01-22', '1', '65');
INSERT INTO attendance VALUES ('2004', '2016-01-22', '1', '150');
INSERT INTO attendance VALUES ('2010', '2016-01-22', '1', '156');
INSERT INTO attendance VALUES ('2018', '2016-01-22', '1', '186');
INSERT INTO attendance VALUES ('2026', '2016-01-22', '1', '227');
INSERT INTO attendance VALUES ('2030', '2016-01-22', '1', '239');
INSERT INTO attendance VALUES ('1961', '2016-01-22', '1', '278');
INSERT INTO attendance VALUES ('2011', '2016-01-22', '1', '281');
INSERT INTO attendance VALUES ('1951', '2016-01-29', '1', '4');
INSERT INTO attendance VALUES ('1956', '2016-01-29', '1', '10');
INSERT INTO attendance VALUES ('1972', '2016-01-29', '1', '34');
INSERT INTO attendance VALUES ('1976', '2016-01-29', '1', '37');
INSERT INTO attendance VALUES ('1979', '2016-01-29', '1', '38');
INSERT INTO attendance VALUES ('1988', '2016-01-29', '1', '106');
INSERT INTO attendance VALUES ('1991', '2016-01-29', '1', '112');
INSERT INTO attendance VALUES ('1996', '2016-01-29', '1', '123');
INSERT INTO attendance VALUES ('2005', '2016-01-29', '1', '150');
INSERT INTO attendance VALUES ('2013', '2016-01-29', '1', '179');
INSERT INTO attendance VALUES ('2020', '2016-01-29', '1', '189');
INSERT INTO attendance VALUES ('1989', '2016-02-01', '1', '106');
INSERT INTO attendance VALUES ('1992', '2016-02-01', '1', '115');
INSERT INTO attendance VALUES ('1994', '2016-02-01', '1', '119');
INSERT INTO attendance VALUES ('1997', '2016-02-01', '1', '123');
INSERT INTO attendance VALUES ('2000', '2016-02-01', '1', '135');
INSERT INTO attendance VALUES ('2002', '2016-02-01', '1', '143');
INSERT INTO attendance VALUES ('2027', '2016-02-01', '1', '227');
INSERT INTO attendance VALUES ('2031', '2016-02-01', '1', '255');
INSERT INTO attendance VALUES ('1998', '2016-02-01', '1', '270');
INSERT INTO attendance VALUES ('2034', '2016-02-01', '1', '283');
INSERT INTO attendance VALUES ('2131', '2016-02-01', '2', '16');
INSERT INTO attendance VALUES ('2141', '2016-02-01', '2', '44');
INSERT INTO attendance VALUES ('2147', '2016-02-01', '2', '54');
INSERT INTO attendance VALUES ('2152', '2016-02-01', '2', '112');
INSERT INTO attendance VALUES ('2163', '2016-02-01', '2', '137');
INSERT INTO attendance VALUES ('2166', '2016-02-01', '2', '147');
INSERT INTO attendance VALUES ('2174', '2016-02-01', '2', '183');
INSERT INTO attendance VALUES ('2186', '2016-02-01', '2', '233');
INSERT INTO attendance VALUES ('2192', '2016-02-01', '2', '255');
INSERT INTO attendance VALUES ('2156', '2016-02-01', '2', '280');
INSERT INTO attendance VALUES ('2197', '2016-02-01', '2', '283');
INSERT INTO attendance VALUES ('2200', '2016-02-01', '3', '34');
INSERT INTO attendance VALUES ('2201', '2016-02-01', '3', '40');
INSERT INTO attendance VALUES ('2202', '2016-02-01', '3', '44');
INSERT INTO attendance VALUES ('2204', '2016-02-01', '3', '52');
INSERT INTO attendance VALUES ('2208', '2016-02-01', '3', '147');
INSERT INTO attendance VALUES ('2209', '2016-02-01', '3', '151');
INSERT INTO attendance VALUES ('2210', '2016-02-01', '3', '183');
INSERT INTO attendance VALUES ('2211', '2016-02-01', '3', '198');
INSERT INTO attendance VALUES ('2213', '2016-02-01', '3', '233');
INSERT INTO attendance VALUES ('2215', '2016-02-01', '3', '255');
INSERT INTO attendance VALUES ('2199', '2016-02-01', '3', '269');
INSERT INTO attendance VALUES ('2231', '2016-02-01', '8', '34');
INSERT INTO attendance VALUES ('1952', '2016-02-08', '1', '4');
INSERT INTO attendance VALUES ('1957', '2016-02-08', '1', '10');
INSERT INTO attendance VALUES ('1973', '2016-02-08', '1', '34');
INSERT INTO attendance VALUES ('1980', '2016-02-08', '1', '38');
INSERT INTO attendance VALUES ('1983', '2016-02-08', '1', '44');
INSERT INTO attendance VALUES ('1986', '2016-02-08', '1', '65');
INSERT INTO attendance VALUES ('2006', '2016-02-08', '1', '150');
INSERT INTO attendance VALUES ('2021', '2016-02-08', '1', '191');
INSERT INTO attendance VALUES ('2022', '2016-02-08', '1', '275');
INSERT INTO attendance VALUES ('1995', '2016-02-08', '1', '280');
INSERT INTO attendance VALUES ('2124', '2016-02-08', '2', '4');
INSERT INTO attendance VALUES ('2126', '2016-02-08', '2', '10');
INSERT INTO attendance VALUES ('2134', '2016-02-08', '2', '34');
INSERT INTO attendance VALUES ('2137', '2016-02-08', '2', '39');
INSERT INTO attendance VALUES ('2142', '2016-02-08', '2', '44');
INSERT INTO attendance VALUES ('2154', '2016-02-08', '2', '115');
INSERT INTO attendance VALUES ('2170', '2016-02-08', '2', '163');
INSERT INTO attendance VALUES ('2175', '2016-02-08', '2', '183');
INSERT INTO attendance VALUES ('2187', '2016-02-08', '2', '233');
INSERT INTO attendance VALUES ('2193', '2016-02-08', '2', '255');
INSERT INTO attendance VALUES ('2157', '2016-02-08', '2', '280');
INSERT INTO attendance VALUES ('2221', '2016-02-08', '5', '112');
INSERT INTO attendance VALUES ('1958', '2016-02-15', '1', '10');
INSERT INTO attendance VALUES ('1965', '2016-02-15', '1', '14');
INSERT INTO attendance VALUES ('1966', '2016-02-15', '1', '29');
INSERT INTO attendance VALUES ('1974', '2016-02-15', '1', '34');
INSERT INTO attendance VALUES ('2008', '2016-02-15', '1', '151');
INSERT INTO attendance VALUES ('2014', '2016-02-15', '1', '179');
INSERT INTO attendance VALUES ('2016', '2016-02-15', '1', '183');
INSERT INTO attendance VALUES ('2029', '2016-02-15', '1', '230');
INSERT INTO attendance VALUES ('2032', '2016-02-15', '1', '255');
INSERT INTO attendance VALUES ('1999', '2016-02-15', '1', '274');
INSERT INTO attendance VALUES ('2035', '2016-02-15', '1', '283');
INSERT INTO attendance VALUES ('2127', '2016-02-15', '2', '10');
INSERT INTO attendance VALUES ('2143', '2016-02-15', '2', '44');
INSERT INTO attendance VALUES ('2153', '2016-02-15', '2', '112');
INSERT INTO attendance VALUES ('2161', '2016-02-15', '2', '135');
INSERT INTO attendance VALUES ('2165', '2016-02-15', '2', '138');
INSERT INTO attendance VALUES ('2176', '2016-02-15', '2', '183');
INSERT INTO attendance VALUES ('2178', '2016-02-15', '2', '188');
INSERT INTO attendance VALUES ('2184', '2016-02-15', '2', '230');
INSERT INTO attendance VALUES ('2188', '2016-02-15', '2', '233');
INSERT INTO attendance VALUES ('2190', '2016-02-15', '2', '247');
INSERT INTO attendance VALUES ('2194', '2016-02-15', '2', '255');
INSERT INTO attendance VALUES ('2195', '2016-02-15', '2', '256');
INSERT INTO attendance VALUES ('2159', '2016-02-15', '2', '270');
INSERT INTO attendance VALUES ('2160', '2016-02-15', '2', '271');
INSERT INTO attendance VALUES ('2158', '2016-02-15', '2', '280');
INSERT INTO attendance VALUES ('2217', '2016-02-15', '4', '14');
INSERT INTO attendance VALUES ('2219', '2016-02-15', '5', '57');
INSERT INTO attendance VALUES ('2222', '2016-02-15', '5', '112');
INSERT INTO attendance VALUES ('2224', '2016-02-15', '5', '280');
INSERT INTO attendance VALUES ('1953', '2016-02-22', '1', '4');
INSERT INTO attendance VALUES ('1959', '2016-02-22', '1', '10');
INSERT INTO attendance VALUES ('1967', '2016-02-22', '1', '33');
INSERT INTO attendance VALUES ('1975', '2016-02-22', '1', '34');
INSERT INTO attendance VALUES ('1981', '2016-02-22', '1', '38');
INSERT INTO attendance VALUES ('1987', '2016-02-22', '1', '65');
INSERT INTO attendance VALUES ('1990', '2016-02-22', '1', '106');
INSERT INTO attendance VALUES ('1993', '2016-02-22', '1', '115');
INSERT INTO attendance VALUES ('2007', '2016-02-22', '1', '150');
INSERT INTO attendance VALUES ('2028', '2016-02-22', '1', '227');
INSERT INTO attendance VALUES ('1962', '2016-02-22', '1', '278');
INSERT INTO attendance VALUES ('1964', '2016-02-22', '1', '279');
INSERT INTO attendance VALUES ('2036', '2016-02-22', '1', '283');
INSERT INTO attendance VALUES ('2128', '2016-02-22', '2', '10');
INSERT INTO attendance VALUES ('2129', '2016-02-22', '2', '15');
INSERT INTO attendance VALUES ('2135', '2016-02-22', '2', '34');
INSERT INTO attendance VALUES ('2138', '2016-02-22', '2', '40');
INSERT INTO attendance VALUES ('2144', '2016-02-22', '2', '44');
INSERT INTO attendance VALUES ('2145', '2016-02-22', '2', '52');
INSERT INTO attendance VALUES ('2149', '2016-02-22', '2', '102');
INSERT INTO attendance VALUES ('2162', '2016-02-22', '2', '135');
INSERT INTO attendance VALUES ('2164', '2016-02-22', '2', '137');
INSERT INTO attendance VALUES ('2167', '2016-02-22', '2', '147');
INSERT INTO attendance VALUES ('2168', '2016-02-22', '2', '150');
INSERT INTO attendance VALUES ('2169', '2016-02-22', '2', '151');
INSERT INTO attendance VALUES ('2177', '2016-02-22', '2', '183');
INSERT INTO attendance VALUES ('2179', '2016-02-22', '2', '188');
INSERT INTO attendance VALUES ('2181', '2016-02-22', '2', '198');
INSERT INTO attendance VALUES ('2189', '2016-02-22', '2', '233');
INSERT INTO attendance VALUES ('2196', '2016-02-22', '2', '256');
INSERT INTO attendance VALUES ('2132', '2016-02-22', '2', '269');
INSERT INTO attendance VALUES ('2180', '2016-02-22', '2', '272');
INSERT INTO attendance VALUES ('2198', '2016-02-22', '2', '283');
INSERT INTO attendance VALUES ('2218', '2016-02-22', '5', '52');
INSERT INTO attendance VALUES ('2220', '2016-02-22', '5', '57');
INSERT INTO attendance VALUES ('2223', '2016-02-22', '5', '112');
INSERT INTO attendance VALUES ('2225', '2016-02-22', '5', '280');
INSERT INTO attendance VALUES ('2238', '2016-03-01', '1', '34');
INSERT INTO attendance VALUES ('2243', '2016-03-01', '1', '38');
INSERT INTO attendance VALUES ('2246', '2016-03-01', '1', '52');
INSERT INTO attendance VALUES ('2248', '2016-03-01', '1', '60');
INSERT INTO attendance VALUES ('2252', '2016-03-01', '1', '119');
INSERT INTO attendance VALUES ('2253', '2016-03-01', '1', '123');
INSERT INTO attendance VALUES ('2259', '2016-03-01', '1', '135');
INSERT INTO attendance VALUES ('2268', '2016-03-01', '1', '179');
INSERT INTO attendance VALUES ('2277', '2016-03-01', '1', '230');
INSERT INTO attendance VALUES ('2281', '2016-03-01', '1', '255');
INSERT INTO attendance VALUES ('2257', '2016-03-01', '1', '271');
INSERT INTO attendance VALUES ('2273', '2016-03-01', '1', '275');
INSERT INTO attendance VALUES ('2279', '2016-03-01', '1', '288');
INSERT INTO attendance VALUES ('2232', '2016-03-01', '1', '293');
INSERT INTO attendance VALUES ('2287', '2016-03-01', '2', '34');
INSERT INTO attendance VALUES ('2293', '2016-03-01', '2', '44');
INSERT INTO attendance VALUES ('2296', '2016-03-01', '2', '52');
INSERT INTO attendance VALUES ('2298', '2016-03-01', '2', '62');
INSERT INTO attendance VALUES ('2300', '2016-03-01', '2', '74');
INSERT INTO attendance VALUES ('2305', '2016-03-01', '2', '135');
INSERT INTO attendance VALUES ('2311', '2016-03-01', '2', '183');
INSERT INTO attendance VALUES ('2314', '2016-03-01', '2', '188');
INSERT INTO attendance VALUES ('2318', '2016-03-01', '2', '198');
INSERT INTO attendance VALUES ('2321', '2016-03-01', '2', '229');
INSERT INTO attendance VALUES ('2324', '2016-03-01', '2', '233');
INSERT INTO attendance VALUES ('2326', '2016-03-01', '2', '255');
INSERT INTO attendance VALUES ('2328', '2016-03-01', '2', '256');
INSERT INTO attendance VALUES ('2303', '2016-03-01', '2', '271');
INSERT INTO attendance VALUES ('2299', '2016-03-01', '2', '273');
INSERT INTO attendance VALUES ('2331', '2016-03-01', '3', '34');
INSERT INTO attendance VALUES ('2332', '2016-03-01', '3', '44');
INSERT INTO attendance VALUES ('2333', '2016-03-01', '3', '74');
INSERT INTO attendance VALUES ('2336', '2016-03-01', '3', '163');
INSERT INTO attendance VALUES ('2337', '2016-03-01', '3', '222');
INSERT INTO attendance VALUES ('2339', '2016-03-01', '3', '233');
INSERT INTO attendance VALUES ('2340', '2016-03-01', '3', '255');
INSERT INTO attendance VALUES ('2335', '2016-03-01', '3', '271');
INSERT INTO attendance VALUES ('2334', '2016-03-01', '3', '289');
INSERT INTO attendance VALUES ('2338', '2016-03-01', '3', '296');
INSERT INTO attendance VALUES ('2361', '2016-03-01', '4', '7');
INSERT INTO attendance VALUES ('2364', '2016-03-01', '4', '85');
INSERT INTO attendance VALUES ('2342', '2016-03-01', '4', '115');
INSERT INTO attendance VALUES ('2357', '2016-03-01', '4', '118');
INSERT INTO attendance VALUES ('2354', '2016-03-01', '4', '120');
INSERT INTO attendance VALUES ('2349', '2016-03-01', '4', '153');
INSERT INTO attendance VALUES ('2363', '2016-03-01', '4', '210');
INSERT INTO attendance VALUES ('2365', '2016-03-01', '5', '57');
INSERT INTO attendance VALUES ('2368', '2016-03-01', '5', '112');
INSERT INTO attendance VALUES ('2370', '2016-03-01', '5', '280');
INSERT INTO attendance VALUES ('2378', '2016-03-01', '9', '57');
INSERT INTO attendance VALUES ('2373', '2016-03-01', '9', '112');
INSERT INTO attendance VALUES ('2376', '2016-03-01', '9', '163');
INSERT INTO attendance VALUES ('2374', '2016-03-01', '9', '280');
INSERT INTO attendance VALUES ('2375', '2016-03-01', '9', '289');
INSERT INTO attendance VALUES ('2377', '2016-03-01', '9', '297');
INSERT INTO attendance VALUES ('2233', '2016-03-08', '1', '4');
INSERT INTO attendance VALUES ('2234', '2016-03-08', '1', '10');
INSERT INTO attendance VALUES ('2239', '2016-03-08', '1', '34');
INSERT INTO attendance VALUES ('2244', '2016-03-08', '1', '38');
INSERT INTO attendance VALUES ('2249', '2016-03-08', '1', '92');
INSERT INTO attendance VALUES ('2250', '2016-03-08', '1', '106');
INSERT INTO attendance VALUES ('2260', '2016-03-08', '1', '135');
INSERT INTO attendance VALUES ('2264', '2016-03-08', '1', '143');
INSERT INTO attendance VALUES ('2265', '2016-03-08', '1', '150');
INSERT INTO attendance VALUES ('2266', '2016-03-08', '1', '156');
INSERT INTO attendance VALUES ('2267', '2016-03-08', '1', '167');
INSERT INTO attendance VALUES ('2269', '2016-03-08', '1', '179');
INSERT INTO attendance VALUES ('2275', '2016-03-08', '1', '227');
INSERT INTO attendance VALUES ('2280', '2016-03-08', '1', '246');
INSERT INTO attendance VALUES ('2285', '2016-03-08', '2', '10');
INSERT INTO attendance VALUES ('2289', '2016-03-08', '2', '38');
INSERT INTO attendance VALUES ('2291', '2016-03-08', '2', '39');
INSERT INTO attendance VALUES ('2292', '2016-03-08', '2', '40');
INSERT INTO attendance VALUES ('2294', '2016-03-08', '2', '44');
INSERT INTO attendance VALUES ('2297', '2016-03-08', '2', '52');
INSERT INTO attendance VALUES ('2301', '2016-03-08', '2', '74');
INSERT INTO attendance VALUES ('2306', '2016-03-08', '2', '135');
INSERT INTO attendance VALUES ('2309', '2016-03-08', '2', '156');
INSERT INTO attendance VALUES ('2310', '2016-03-08', '2', '163');
INSERT INTO attendance VALUES ('2312', '2016-03-08', '2', '183');
INSERT INTO attendance VALUES ('2315', '2016-03-08', '2', '188');
INSERT INTO attendance VALUES ('2322', '2016-03-08', '2', '229');
INSERT INTO attendance VALUES ('2323', '2016-03-08', '2', '230');
INSERT INTO attendance VALUES ('2327', '2016-03-08', '2', '255');
INSERT INTO attendance VALUES ('2329', '2016-03-08', '2', '256');
INSERT INTO attendance VALUES ('2308', '2016-03-08', '2', '295');
INSERT INTO attendance VALUES ('2343', '2016-03-08', '4', '115');
INSERT INTO attendance VALUES ('2355', '2016-03-08', '4', '120');
INSERT INTO attendance VALUES ('2350', '2016-03-08', '4', '153');
INSERT INTO attendance VALUES ('2366', '2016-03-08', '5', '57');
INSERT INTO attendance VALUES ('2369', '2016-03-08', '5', '112');
INSERT INTO attendance VALUES ('2371', '2016-03-08', '5', '280');
INSERT INTO attendance VALUES ('2240', '2016-03-15', '1', '34');
INSERT INTO attendance VALUES ('2245', '2016-03-15', '1', '38');
INSERT INTO attendance VALUES ('2247', '2016-03-15', '1', '57');
INSERT INTO attendance VALUES ('2254', '2016-03-15', '1', '123');
INSERT INTO attendance VALUES ('2261', '2016-03-15', '1', '135');
INSERT INTO attendance VALUES ('2270', '2016-03-15', '1', '179');
INSERT INTO attendance VALUES ('2271', '2016-03-15', '1', '183');
INSERT INTO attendance VALUES ('2282', '2016-03-15', '1', '255');
INSERT INTO attendance VALUES ('2283', '2016-03-15', '1', '259');
INSERT INTO attendance VALUES ('2256', '2016-03-15', '1', '270');
INSERT INTO attendance VALUES ('2258', '2016-03-15', '1', '271');
INSERT INTO attendance VALUES ('2274', '2016-03-15', '1', '275');
INSERT INTO attendance VALUES ('2237', '2016-03-15', '1', '279');
INSERT INTO attendance VALUES ('2284', '2016-03-15', '1', '283');
INSERT INTO attendance VALUES ('2286', '2016-03-15', '2', '10');
INSERT INTO attendance VALUES ('2288', '2016-03-15', '2', '34');
INSERT INTO attendance VALUES ('2290', '2016-03-15', '2', '38');
INSERT INTO attendance VALUES ('2295', '2016-03-15', '2', '44');
INSERT INTO attendance VALUES ('2302', '2016-03-15', '2', '122');
INSERT INTO attendance VALUES ('2307', '2016-03-15', '2', '135');
INSERT INTO attendance VALUES ('2313', '2016-03-15', '2', '183');
INSERT INTO attendance VALUES ('2316', '2016-03-15', '2', '188');
INSERT INTO attendance VALUES ('2319', '2016-03-15', '2', '212');
INSERT INTO attendance VALUES ('2320', '2016-03-15', '2', '222');
INSERT INTO attendance VALUES ('2325', '2016-03-15', '2', '233');
INSERT INTO attendance VALUES ('2304', '2016-03-15', '2', '271');
INSERT INTO attendance VALUES ('2330', '2016-03-15', '2', '283');
INSERT INTO attendance VALUES ('2317', '2016-03-15', '2', '290');
INSERT INTO attendance VALUES ('2341', '2016-03-15', '4', '14');
INSERT INTO attendance VALUES ('2344', '2016-03-15', '4', '115');
INSERT INTO attendance VALUES ('2358', '2016-03-15', '4', '118');
INSERT INTO attendance VALUES ('2351', '2016-03-15', '4', '153');
INSERT INTO attendance VALUES ('2347', '2016-03-15', '4', '216');
INSERT INTO attendance VALUES ('2367', '2016-03-15', '5', '57');
INSERT INTO attendance VALUES ('2372', '2016-03-15', '5', '280');
INSERT INTO attendance VALUES ('2235', '2016-03-22', '1', '10');
INSERT INTO attendance VALUES ('2241', '2016-03-22', '1', '34');
INSERT INTO attendance VALUES ('2255', '2016-03-22', '1', '123');
INSERT INTO attendance VALUES ('2262', '2016-03-22', '1', '135');
INSERT INTO attendance VALUES ('2272', '2016-03-22', '1', '186');
INSERT INTO attendance VALUES ('2276', '2016-03-22', '1', '227');
INSERT INTO attendance VALUES ('2362', '2016-03-22', '4', '7');
INSERT INTO attendance VALUES ('2345', '2016-03-22', '4', '115');
INSERT INTO attendance VALUES ('2359', '2016-03-22', '4', '118');
INSERT INTO attendance VALUES ('2352', '2016-03-22', '4', '153');
INSERT INTO attendance VALUES ('2348', '2016-03-22', '4', '216');
INSERT INTO attendance VALUES ('2236', '2016-03-29', '1', '10');
INSERT INTO attendance VALUES ('2242', '2016-03-29', '1', '34');
INSERT INTO attendance VALUES ('2251', '2016-03-29', '1', '115');
INSERT INTO attendance VALUES ('2263', '2016-03-29', '1', '136');
INSERT INTO attendance VALUES ('2278', '2016-03-29', '1', '230');
INSERT INTO attendance VALUES ('2346', '2016-03-29', '4', '115');
INSERT INTO attendance VALUES ('2360', '2016-03-29', '4', '118');
INSERT INTO attendance VALUES ('2356', '2016-03-29', '4', '120');
INSERT INTO attendance VALUES ('2353', '2016-03-29', '4', '153');
INSERT INTO attendance VALUES ('2403', '2016-04-01', '1', '34');
INSERT INTO attendance VALUES ('2406', '2016-04-01', '1', '36');
INSERT INTO attendance VALUES ('2407', '2016-04-01', '1', '38');
INSERT INTO attendance VALUES ('2417', '2016-04-01', '1', '52');
INSERT INTO attendance VALUES ('2419', '2016-04-01', '1', '57');
INSERT INTO attendance VALUES ('2433', '2016-04-01', '1', '106');
INSERT INTO attendance VALUES ('2449', '2016-04-01', '1', '123');
INSERT INTO attendance VALUES ('2460', '2016-04-01', '1', '135');
INSERT INTO attendance VALUES ('2468', '2016-04-01', '1', '136');
INSERT INTO attendance VALUES ('2483', '2016-04-01', '1', '150');
INSERT INTO attendance VALUES ('2487', '2016-04-01', '1', '179');
INSERT INTO attendance VALUES ('2506', '2016-04-01', '1', '224');
INSERT INTO attendance VALUES ('2514', '2016-04-01', '1', '255');
INSERT INTO attendance VALUES ('2424', '2016-04-01', '1', '273');
INSERT INTO attendance VALUES ('2498', '2016-04-01', '1', '275');
INSERT INTO attendance VALUES ('2969', '2016-04-01', '1', '283');
INSERT INTO attendance VALUES ('2550', '2016-04-01', '2', '34');
INSERT INTO attendance VALUES ('2556', '2016-04-01', '2', '36');
INSERT INTO attendance VALUES ('2576', '2016-04-01', '2', '52');
INSERT INTO attendance VALUES ('2582', '2016-04-01', '2', '57');
INSERT INTO attendance VALUES ('2618', '2016-04-01', '2', '123');
INSERT INTO attendance VALUES ('2626', '2016-04-01', '2', '135');
INSERT INTO attendance VALUES ('2633', '2016-04-01', '2', '136');
INSERT INTO attendance VALUES ('2643', '2016-04-01', '2', '151');
INSERT INTO attendance VALUES ('2655', '2016-04-01', '2', '183');
INSERT INTO attendance VALUES ('2696', '2016-04-01', '2', '255');
INSERT INTO attendance VALUES ('2583', '2016-04-01', '2', '273');
INSERT INTO attendance VALUES ('2714', '2016-04-01', '2', '283');
INSERT INTO attendance VALUES ('2723', '2016-04-01', '3', '4');
INSERT INTO attendance VALUES ('2729', '2016-04-01', '3', '44');
INSERT INTO attendance VALUES ('2736', '2016-04-01', '3', '135');
INSERT INTO attendance VALUES ('2740', '2016-04-01', '3', '230');
INSERT INTO attendance VALUES ('2743', '2016-04-01', '3', '255');
INSERT INTO attendance VALUES ('2746', '2016-04-01', '3', '259');
INSERT INTO attendance VALUES ('2747', '2016-04-01', '3', '283');
INSERT INTO attendance VALUES ('2803', '2016-04-01', '4', '7');
INSERT INTO attendance VALUES ('2768', '2016-04-01', '4', '115');
INSERT INTO attendance VALUES ('2788', '2016-04-01', '4', '120');
INSERT INTO attendance VALUES ('2780', '2016-04-01', '4', '153');
INSERT INTO attendance VALUES ('2811', '2016-04-01', '4', '188');
INSERT INTO attendance VALUES ('2777', '2016-04-01', '4', '216');
INSERT INTO attendance VALUES ('2822', '2016-04-01', '5', '57');
INSERT INTO attendance VALUES ('2834', '2016-04-01', '5', '112');
INSERT INTO attendance VALUES ('2841', '2016-04-01', '5', '280');
INSERT INTO attendance VALUES ('2383', '2016-04-01', '7', '36');
INSERT INTO attendance VALUES ('2380', '2016-04-01', '7', '52');
INSERT INTO attendance VALUES ('2381', '2016-04-01', '7', '57');
INSERT INTO attendance VALUES ('2379', '2016-04-01', '7', '136');
INSERT INTO attendance VALUES ('2382', '2016-04-01', '7', '255');
INSERT INTO attendance VALUES ('2384', '2016-04-01', '7', '283');
INSERT INTO attendance VALUES ('2385', '2016-04-08', '1', '4');
INSERT INTO attendance VALUES ('2391', '2016-04-08', '1', '10');
INSERT INTO attendance VALUES ('2408', '2016-04-08', '1', '38');
INSERT INTO attendance VALUES ('2418', '2016-04-08', '1', '52');
INSERT INTO attendance VALUES ('2420', '2016-04-08', '1', '60');
INSERT INTO attendance VALUES ('2427', '2016-04-08', '1', '70');
INSERT INTO attendance VALUES ('2437', '2016-04-08', '1', '112');
INSERT INTO attendance VALUES ('2450', '2016-04-08', '1', '123');
INSERT INTO attendance VALUES ('2461', '2016-04-08', '1', '135');
INSERT INTO attendance VALUES ('2469', '2016-04-08', '1', '136');
INSERT INTO attendance VALUES ('2472', '2016-04-08', '1', '143');
INSERT INTO attendance VALUES ('2484', '2016-04-08', '1', '150');
INSERT INTO attendance VALUES ('2493', '2016-04-08', '1', '189');
INSERT INTO attendance VALUES ('2507', '2016-04-08', '1', '224');
INSERT INTO attendance VALUES ('2515', '2016-04-08', '1', '255');
INSERT INTO attendance VALUES ('2521', '2016-04-08', '1', '259');
INSERT INTO attendance VALUES ('2499', '2016-04-08', '1', '275');
INSERT INTO attendance VALUES ('2970', '2016-04-08', '1', '283');
INSERT INTO attendance VALUES ('2446', '2016-04-08', '1', '292');
INSERT INTO attendance VALUES ('2532', '2016-04-08', '2', '10');
INSERT INTO attendance VALUES ('2551', '2016-04-08', '2', '34');
INSERT INTO attendance VALUES ('2557', '2016-04-08', '2', '36');
INSERT INTO attendance VALUES ('2561', '2016-04-08', '2', '44');
INSERT INTO attendance VALUES ('2577', '2016-04-08', '2', '52');
INSERT INTO attendance VALUES ('2586', '2016-04-08', '2', '70');
INSERT INTO attendance VALUES ('2627', '2016-04-08', '2', '135');
INSERT INTO attendance VALUES ('2634', '2016-04-08', '2', '136');
INSERT INTO attendance VALUES ('2644', '2016-04-08', '2', '151');
INSERT INTO attendance VALUES ('2664', '2016-04-08', '2', '188');
INSERT INTO attendance VALUES ('2681', '2016-04-08', '2', '230');
INSERT INTO attendance VALUES ('2682', '2016-04-08', '2', '233');
INSERT INTO attendance VALUES ('2697', '2016-04-08', '2', '255');
INSERT INTO attendance VALUES ('2703', '2016-04-08', '2', '256');
INSERT INTO attendance VALUES ('2695', '2016-04-08', '2', '291');
INSERT INTO attendance VALUES ('2804', '2016-04-08', '4', '7');
INSERT INTO attendance VALUES ('2753', '2016-04-08', '4', '57');
INSERT INTO attendance VALUES ('2769', '2016-04-08', '4', '115');
INSERT INTO attendance VALUES ('2794', '2016-04-08', '4', '118');
INSERT INTO attendance VALUES ('2781', '2016-04-08', '4', '153');
INSERT INTO attendance VALUES ('2760', '2016-04-08', '4', '283');
INSERT INTO attendance VALUES ('2823', '2016-04-08', '5', '57');
INSERT INTO attendance VALUES ('2404', '2016-04-15', '1', '34');
INSERT INTO attendance VALUES ('2438', '2016-04-15', '1', '112');
INSERT INTO attendance VALUES ('2451', '2016-04-15', '1', '123');
INSERT INTO attendance VALUES ('2525', '2016-04-15', '2', '4');
INSERT INTO attendance VALUES ('2539', '2016-04-15', '2', '15');
INSERT INTO attendance VALUES ('2558', '2016-04-15', '2', '38');
INSERT INTO attendance VALUES ('2562', '2016-04-15', '2', '44');
INSERT INTO attendance VALUES ('2578', '2016-04-15', '2', '52');
INSERT INTO attendance VALUES ('2647', '2016-04-15', '2', '163');
INSERT INTO attendance VALUES ('2662', '2016-04-15', '2', '186');
INSERT INTO attendance VALUES ('2665', '2016-04-15', '2', '188');
INSERT INTO attendance VALUES ('2713', '2016-04-15', '2', '259');
INSERT INTO attendance VALUES ('2715', '2016-04-15', '2', '283');
INSERT INTO attendance VALUES ('2612', '2016-04-15', '2', '292');
INSERT INTO attendance VALUES ('2818', '2016-04-15', '4', '15');
INSERT INTO attendance VALUES ('2754', '2016-04-15', '4', '57');
INSERT INTO attendance VALUES ('2812', '2016-04-15', '4', '188');
INSERT INTO attendance VALUES ('2761', '2016-04-15', '4', '283');
INSERT INTO attendance VALUES ('2824', '2016-04-15', '5', '57');
INSERT INTO attendance VALUES ('2835', '2016-04-15', '5', '112');
INSERT INTO attendance VALUES ('2842', '2016-04-15', '5', '280');
INSERT INTO attendance VALUES ('2392', '2016-04-22', '1', '10');
INSERT INTO attendance VALUES ('2414', '2016-04-22', '1', '44');
INSERT INTO attendance VALUES ('2439', '2016-04-22', '1', '112');
INSERT INTO attendance VALUES ('2452', '2016-04-22', '1', '123');
INSERT INTO attendance VALUES ('2462', '2016-04-22', '1', '135');
INSERT INTO attendance VALUES ('2473', '2016-04-22', '1', '143');
INSERT INTO attendance VALUES ('2488', '2016-04-22', '1', '179');
INSERT INTO attendance VALUES ('2509', '2016-04-22', '1', '227');
INSERT INTO attendance VALUES ('2516', '2016-04-22', '1', '255');
INSERT INTO attendance VALUES ('2522', '2016-04-22', '1', '259');
INSERT INTO attendance VALUES ('2458', '2016-04-22', '1', '271');
INSERT INTO attendance VALUES ('2500', '2016-04-22', '1', '275');
INSERT INTO attendance VALUES ('2971', '2016-04-22', '1', '283');
INSERT INTO attendance VALUES ('2447', '2016-04-22', '1', '292');
INSERT INTO attendance VALUES ('2526', '2016-04-22', '2', '4');
INSERT INTO attendance VALUES ('2540', '2016-04-22', '2', '15');
INSERT INTO attendance VALUES ('2559', '2016-04-22', '2', '39');
INSERT INTO attendance VALUES ('2601', '2016-04-22', '2', '112');
INSERT INTO attendance VALUES ('2648', '2016-04-22', '2', '163');
INSERT INTO attendance VALUES ('2666', '2016-04-22', '2', '188');
INSERT INTO attendance VALUES ('2678', '2016-04-22', '2', '212');
INSERT INTO attendance VALUES ('2698', '2016-04-22', '2', '255');
INSERT INTO attendance VALUES ('2805', '2016-04-22', '4', '7');
INSERT INTO attendance VALUES ('2770', '2016-04-22', '4', '115');
INSERT INTO attendance VALUES ('2795', '2016-04-22', '4', '118');
INSERT INTO attendance VALUES ('2782', '2016-04-22', '4', '153');
INSERT INTO attendance VALUES ('2825', '2016-04-22', '5', '57');
INSERT INTO attendance VALUES ('2836', '2016-04-22', '5', '112');
INSERT INTO attendance VALUES ('2843', '2016-04-22', '5', '280');
INSERT INTO attendance VALUES ('2533', '2016-04-29', '2', '10');
INSERT INTO attendance VALUES ('2552', '2016-04-29', '2', '34');
INSERT INTO attendance VALUES ('2563', '2016-04-29', '2', '44');
INSERT INTO attendance VALUES ('2579', '2016-04-29', '2', '52');
INSERT INTO attendance VALUES ('2605', '2016-04-29', '2', '115');
INSERT INTO attendance VALUES ('2628', '2016-04-29', '2', '135');
INSERT INTO attendance VALUES ('2640', '2016-04-29', '2', '147');
INSERT INTO attendance VALUES ('2645', '2016-04-29', '2', '151');
INSERT INTO attendance VALUES ('2654', '2016-04-29', '2', '179');
INSERT INTO attendance VALUES ('2667', '2016-04-29', '2', '188');
INSERT INTO attendance VALUES ('2683', '2016-04-29', '2', '233');
INSERT INTO attendance VALUES ('2619', '2016-04-29', '2', '271');
INSERT INTO attendance VALUES ('2614', '2016-04-29', '2', '280');
INSERT INTO attendance VALUES ('2613', '2016-04-29', '2', '292');
INSERT INTO attendance VALUES ('2386', '2016-05-01', '1', '4');
INSERT INTO attendance VALUES ('2422', '2016-05-01', '1', '65');
INSERT INTO attendance VALUES ('2428', '2016-05-01', '1', '70');
INSERT INTO attendance VALUES ('2434', '2016-05-01', '1', '106');
INSERT INTO attendance VALUES ('2443', '2016-05-01', '1', '115');
INSERT INTO attendance VALUES ('2445', '2016-05-01', '1', '119');
INSERT INTO attendance VALUES ('2463', '2016-05-01', '1', '135');
INSERT INTO attendance VALUES ('2474', '2016-05-01', '1', '143');
INSERT INTO attendance VALUES ('2494', '2016-05-01', '1', '189');
INSERT INTO attendance VALUES ('2510', '2016-05-01', '1', '227');
INSERT INTO attendance VALUES ('2513', '2016-05-01', '1', '246');
INSERT INTO attendance VALUES ('2972', '2016-05-01', '1', '283');
INSERT INTO attendance VALUES ('2442', '2016-05-01', '1', '318');
INSERT INTO attendance VALUES ('2527', '2016-05-01', '2', '4');
INSERT INTO attendance VALUES ('2541', '2016-05-01', '2', '15');
INSERT INTO attendance VALUES ('2553', '2016-05-01', '2', '34');
INSERT INTO attendance VALUES ('2564', '2016-05-01', '2', '44');
INSERT INTO attendance VALUES ('2580', '2016-05-01', '2', '52');
INSERT INTO attendance VALUES ('2602', '2016-05-01', '2', '112');
INSERT INTO attendance VALUES ('2606', '2016-05-01', '2', '115');
INSERT INTO attendance VALUES ('2624', '2016-05-01', '2', '131');
INSERT INTO attendance VALUES ('2656', '2016-05-01', '2', '183');
INSERT INTO attendance VALUES ('2668', '2016-05-01', '2', '188');
INSERT INTO attendance VALUES ('2699', '2016-05-01', '2', '255');
INSERT INTO attendance VALUES ('2620', '2016-05-01', '2', '271');
INSERT INTO attendance VALUES ('2615', '2016-05-01', '2', '280');
INSERT INTO attendance VALUES ('2716', '2016-05-01', '2', '283');
INSERT INTO attendance VALUES ('2600', '2016-05-01', '2', '304');
INSERT INTO attendance VALUES ('2741', '2016-05-01', '3', '233');
INSERT INTO attendance VALUES ('2744', '2016-05-01', '3', '256');
INSERT INTO attendance VALUES ('2735', '2016-05-01', '3', '271');
INSERT INTO attendance VALUES ('2733', '2016-05-01', '3', '303');
INSERT INTO attendance VALUES ('2739', '2016-05-01', '3', '308');
INSERT INTO attendance VALUES ('2748', '2016-05-01', '4', '14');
INSERT INTO attendance VALUES ('2819', '2016-05-01', '4', '15');
INSERT INTO attendance VALUES ('2755', '2016-05-01', '4', '57');
INSERT INTO attendance VALUES ('2813', '2016-05-01', '4', '188');
INSERT INTO attendance VALUES ('2762', '2016-05-01', '4', '283');
INSERT INTO attendance VALUES ('2826', '2016-05-01', '5', '57');
INSERT INTO attendance VALUES ('2844', '2016-05-01', '5', '280');
INSERT INTO attendance VALUES ('2851', '2016-05-01', '5', '283');
INSERT INTO attendance VALUES ('2405', '2016-05-08', '1', '34');
INSERT INTO attendance VALUES ('2453', '2016-05-08', '1', '123');
INSERT INTO attendance VALUES ('2464', '2016-05-08', '1', '135');
INSERT INTO attendance VALUES ('2475', '2016-05-08', '1', '143');
INSERT INTO attendance VALUES ('2489', '2016-05-08', '1', '179');
INSERT INTO attendance VALUES ('2517', '2016-05-08', '1', '255');
INSERT INTO attendance VALUES ('2398', '2016-05-08', '1', '279');
INSERT INTO attendance VALUES ('2528', '2016-05-08', '2', '4');
INSERT INTO attendance VALUES ('2554', '2016-05-08', '2', '34');
INSERT INTO attendance VALUES ('2565', '2016-05-08', '2', '44');
INSERT INTO attendance VALUES ('2581', '2016-05-08', '2', '52');
INSERT INTO attendance VALUES ('2587', '2016-05-08', '2', '70');
INSERT INTO attendance VALUES ('2599', '2016-05-08', '2', '82');
INSERT INTO attendance VALUES ('2607', '2016-05-08', '2', '115');
INSERT INTO attendance VALUES ('2649', '2016-05-08', '2', '163');
INSERT INTO attendance VALUES ('2669', '2016-05-08', '2', '188');
INSERT INTO attendance VALUES ('2684', '2016-05-08', '2', '233');
INSERT INTO attendance VALUES ('2700', '2016-05-08', '2', '255');
INSERT INTO attendance VALUES ('2704', '2016-05-08', '2', '256');
INSERT INTO attendance VALUES ('2616', '2016-05-08', '2', '280');
INSERT INTO attendance VALUES ('2717', '2016-05-08', '2', '283');
INSERT INTO attendance VALUES ('2555', '2016-05-08', '2', '300');
INSERT INTO attendance VALUES ('2595', '2016-05-08', '2', '303');
INSERT INTO attendance VALUES ('2642', '2016-05-08', '2', '307');
INSERT INTO attendance VALUES ('2676', '2016-05-08', '2', '309');
INSERT INTO attendance VALUES ('2806', '2016-05-08', '4', '7');
INSERT INTO attendance VALUES ('2756', '2016-05-08', '4', '57');
INSERT INTO attendance VALUES ('2771', '2016-05-08', '4', '115');
INSERT INTO attendance VALUES ('2796', '2016-05-08', '4', '118');
INSERT INTO attendance VALUES ('2789', '2016-05-08', '4', '120');
INSERT INTO attendance VALUES ('2783', '2016-05-08', '4', '153');
INSERT INTO attendance VALUES ('2814', '2016-05-08', '4', '188');
INSERT INTO attendance VALUES ('2763', '2016-05-08', '4', '283');
INSERT INTO attendance VALUES ('2767', '2016-05-08', '4', '320');
INSERT INTO attendance VALUES ('2827', '2016-05-08', '5', '57');
INSERT INTO attendance VALUES ('2845', '2016-05-08', '5', '280');
INSERT INTO attendance VALUES ('2852', '2016-05-08', '5', '283');
INSERT INTO attendance VALUES ('2393', '2016-05-15', '1', '10');
INSERT INTO attendance VALUES ('2435', '2016-05-15', '1', '106');
INSERT INTO attendance VALUES ('2465', '2016-05-15', '1', '135');
INSERT INTO attendance VALUES ('2476', '2016-05-15', '1', '143');
INSERT INTO attendance VALUES ('2523', '2016-05-15', '1', '259');
INSERT INTO attendance VALUES ('2459', '2016-05-15', '1', '271');
INSERT INTO attendance VALUES ('2501', '2016-05-15', '1', '275');
INSERT INTO attendance VALUES ('2973', '2016-05-15', '1', '283');
INSERT INTO attendance VALUES ('2396', '2016-05-15', '1', '316');
INSERT INTO attendance VALUES ('2542', '2016-05-15', '2', '15');
INSERT INTO attendance VALUES ('2629', '2016-05-15', '2', '135');
INSERT INTO attendance VALUES ('2639', '2016-05-15', '2', '143');
INSERT INTO attendance VALUES ('2657', '2016-05-15', '2', '183');
INSERT INTO attendance VALUES ('2670', '2016-05-15', '2', '188');
INSERT INTO attendance VALUES ('2685', '2016-05-15', '2', '233');
INSERT INTO attendance VALUES ('2705', '2016-05-15', '2', '256');
INSERT INTO attendance VALUES ('2621', '2016-05-15', '2', '271');
INSERT INTO attendance VALUES ('2718', '2016-05-15', '2', '283');
INSERT INTO attendance VALUES ('2588', '2016-05-15', '2', '302');
INSERT INTO attendance VALUES ('2596', '2016-05-15', '2', '303');
INSERT INTO attendance VALUES ('2653', '2016-05-15', '2', '308');
INSERT INTO attendance VALUES ('2807', '2016-05-15', '4', '7');
INSERT INTO attendance VALUES ('2749', '2016-05-15', '4', '14');
INSERT INTO attendance VALUES ('2820', '2016-05-15', '4', '15');
INSERT INTO attendance VALUES ('2757', '2016-05-15', '4', '57');
INSERT INTO attendance VALUES ('2772', '2016-05-15', '4', '115');
INSERT INTO attendance VALUES ('2797', '2016-05-15', '4', '118');
INSERT INTO attendance VALUES ('2784', '2016-05-15', '4', '153');
INSERT INTO attendance VALUES ('2815', '2016-05-15', '4', '188');
INSERT INTO attendance VALUES ('2764', '2016-05-15', '4', '283');
INSERT INTO attendance VALUES ('2828', '2016-05-15', '5', '57');
INSERT INTO attendance VALUES ('2837', '2016-05-15', '5', '112');
INSERT INTO attendance VALUES ('2846', '2016-05-15', '5', '280');
INSERT INTO attendance VALUES ('2409', '2016-05-22', '1', '38');
INSERT INTO attendance VALUES ('2421', '2016-05-22', '1', '60');
INSERT INTO attendance VALUES ('2454', '2016-05-22', '1', '123');
INSERT INTO attendance VALUES ('2466', '2016-05-22', '1', '135');
INSERT INTO attendance VALUES ('2477', '2016-05-22', '1', '143');
INSERT INTO attendance VALUES ('2485', '2016-05-22', '1', '150');
INSERT INTO attendance VALUES ('2518', '2016-05-22', '1', '255');
INSERT INTO attendance VALUES ('2529', '2016-05-22', '2', '4');
INSERT INTO attendance VALUES ('2566', '2016-05-22', '2', '44');
INSERT INTO attendance VALUES ('2630', '2016-05-22', '2', '135');
INSERT INTO attendance VALUES ('2638', '2016-05-22', '2', '138');
INSERT INTO attendance VALUES ('2680', '2016-05-22', '2', '217');
INSERT INTO attendance VALUES ('2686', '2016-05-22', '2', '233');
INSERT INTO attendance VALUES ('2706', '2016-05-22', '2', '256');
INSERT INTO attendance VALUES ('2584', '2016-05-22', '2', '273');
INSERT INTO attendance VALUES ('2589', '2016-05-22', '2', '302');
INSERT INTO attendance VALUES ('2773', '2016-05-22', '4', '115');
INSERT INTO attendance VALUES ('2798', '2016-05-22', '4', '118');
INSERT INTO attendance VALUES ('2790', '2016-05-22', '4', '120');
INSERT INTO attendance VALUES ('2829', '2016-05-22', '5', '57');
INSERT INTO attendance VALUES ('2838', '2016-05-22', '5', '112');
INSERT INTO attendance VALUES ('2853', '2016-05-22', '5', '283');
INSERT INTO attendance VALUES ('2387', '2016-06-01', '1', '4');
INSERT INTO attendance VALUES ('2400', '2016-06-01', '1', '14');
INSERT INTO attendance VALUES ('2410', '2016-06-01', '1', '38');
INSERT INTO attendance VALUES ('2430', '2016-06-01', '1', '84');
INSERT INTO attendance VALUES ('2436', '2016-06-01', '1', '106');
INSERT INTO attendance VALUES ('2470', '2016-06-01', '1', '136');
INSERT INTO attendance VALUES ('2425', '2016-06-01', '1', '273');
INSERT INTO attendance VALUES ('2502', '2016-06-01', '1', '275');
INSERT INTO attendance VALUES ('2534', '2016-06-01', '2', '10');
INSERT INTO attendance VALUES ('2567', '2016-06-01', '2', '44');
INSERT INTO attendance VALUES ('2608', '2016-06-01', '2', '115');
INSERT INTO attendance VALUES ('2610', '2016-06-01', '2', '118');
INSERT INTO attendance VALUES ('2611', '2016-06-01', '2', '120');
INSERT INTO attendance VALUES ('2631', '2016-06-01', '2', '135');
INSERT INTO attendance VALUES ('2658', '2016-06-01', '2', '183');
INSERT INTO attendance VALUES ('2671', '2016-06-01', '2', '188');
INSERT INTO attendance VALUES ('2687', '2016-06-01', '2', '233');
INSERT INTO attendance VALUES ('2707', '2016-06-01', '2', '256');
INSERT INTO attendance VALUES ('2622', '2016-06-01', '2', '271');
INSERT INTO attendance VALUES ('2719', '2016-06-01', '2', '283');
INSERT INTO attendance VALUES ('2560', '2016-06-01', '2', '301');
INSERT INTO attendance VALUES ('2590', '2016-06-01', '2', '302');
INSERT INTO attendance VALUES ('2625', '2016-06-01', '2', '306');
INSERT INTO attendance VALUES ('2724', '2016-06-01', '3', '4');
INSERT INTO attendance VALUES ('2730', '2016-06-01', '3', '44');
INSERT INTO attendance VALUES ('2737', '2016-06-01', '3', '136');
INSERT INTO attendance VALUES ('2726', '2016-06-01', '3', '298');
INSERT INTO attendance VALUES ('2808', '2016-06-01', '4', '7');
INSERT INTO attendance VALUES ('2750', '2016-06-01', '4', '14');
INSERT INTO attendance VALUES ('2758', '2016-06-01', '4', '57');
INSERT INTO attendance VALUES ('2774', '2016-06-01', '4', '115');
INSERT INTO attendance VALUES ('2799', '2016-06-01', '4', '118');
INSERT INTO attendance VALUES ('2791', '2016-06-01', '4', '120');
INSERT INTO attendance VALUES ('2785', '2016-06-01', '4', '153');
INSERT INTO attendance VALUES ('2816', '2016-06-01', '4', '188');
INSERT INTO attendance VALUES ('2765', '2016-06-01', '4', '283');
INSERT INTO attendance VALUES ('2830', '2016-06-01', '5', '57');
INSERT INTO attendance VALUES ('2839', '2016-06-01', '5', '112');
INSERT INTO attendance VALUES ('2847', '2016-06-01', '5', '280');
INSERT INTO attendance VALUES ('2854', '2016-06-01', '5', '283');
INSERT INTO attendance VALUES ('2415', '2016-06-08', '1', '44');
INSERT INTO attendance VALUES ('2455', '2016-06-08', '1', '123');
INSERT INTO attendance VALUES ('2478', '2016-06-08', '1', '143');
INSERT INTO attendance VALUES ('2495', '2016-06-08', '1', '189');
INSERT INTO attendance VALUES ('2508', '2016-06-08', '1', '224');
INSERT INTO attendance VALUES ('2511', '2016-06-08', '1', '227');
INSERT INTO attendance VALUES ('2519', '2016-06-08', '1', '255');
INSERT INTO attendance VALUES ('2503', '2016-06-08', '1', '275');
INSERT INTO attendance VALUES ('2974', '2016-06-08', '1', '283');
INSERT INTO attendance VALUES ('2432', '2016-06-08', '1', '317');
INSERT INTO attendance VALUES ('2543', '2016-06-08', '2', '15');
INSERT INTO attendance VALUES ('2568', '2016-06-08', '2', '44');
INSERT INTO attendance VALUES ('2635', '2016-06-08', '2', '136');
INSERT INTO attendance VALUES ('2646', '2016-06-08', '2', '151');
INSERT INTO attendance VALUES ('2650', '2016-06-08', '2', '163');
INSERT INTO attendance VALUES ('2659', '2016-06-08', '2', '183');
INSERT INTO attendance VALUES ('2672', '2016-06-08', '2', '188');
INSERT INTO attendance VALUES ('2688', '2016-06-08', '2', '233');
INSERT INTO attendance VALUES ('2708', '2016-06-08', '2', '256');
INSERT INTO attendance VALUES ('2720', '2016-06-08', '2', '283');
INSERT INTO attendance VALUES ('2538', '2016-06-08', '2', '299');
INSERT INTO attendance VALUES ('2597', '2016-06-08', '2', '303');
INSERT INTO attendance VALUES ('2809', '2016-06-08', '4', '7');
INSERT INTO attendance VALUES ('2821', '2016-06-08', '4', '15');
INSERT INTO attendance VALUES ('2775', '2016-06-08', '4', '115');
INSERT INTO attendance VALUES ('2800', '2016-06-08', '4', '118');
INSERT INTO attendance VALUES ('2792', '2016-06-08', '4', '120');
INSERT INTO attendance VALUES ('2786', '2016-06-08', '4', '153');
INSERT INTO attendance VALUES ('2817', '2016-06-08', '4', '188');
INSERT INTO attendance VALUES ('2778', '2016-06-08', '4', '216');
INSERT INTO attendance VALUES ('2831', '2016-06-08', '5', '57');
INSERT INTO attendance VALUES ('2848', '2016-06-08', '5', '280');
INSERT INTO attendance VALUES ('2855', '2016-06-08', '5', '283');
INSERT INTO attendance VALUES ('2411', '2016-06-15', '1', '38');
INSERT INTO attendance VALUES ('2423', '2016-06-15', '1', '65');
INSERT INTO attendance VALUES ('2467', '2016-06-15', '1', '135');
INSERT INTO attendance VALUES ('2492', '2016-06-15', '1', '186');
INSERT INTO attendance VALUES ('2504', '2016-06-15', '1', '275');
INSERT INTO attendance VALUES ('2397', '2016-06-15', '1', '278');
INSERT INTO attendance VALUES ('2448', '2016-06-15', '1', '292');
INSERT INTO attendance VALUES ('2569', '2016-06-15', '2', '44');
INSERT INTO attendance VALUES ('2609', '2016-06-15', '2', '115');
INSERT INTO attendance VALUES ('2632', '2016-06-15', '2', '135');
INSERT INTO attendance VALUES ('2660', '2016-06-15', '2', '183');
INSERT INTO attendance VALUES ('2663', '2016-06-15', '2', '186');
INSERT INTO attendance VALUES ('2709', '2016-06-15', '2', '256');
INSERT INTO attendance VALUES ('2623', '2016-06-15', '2', '271');
INSERT INTO attendance VALUES ('2585', '2016-06-15', '2', '273');
INSERT INTO attendance VALUES ('2591', '2016-06-15', '2', '302');
INSERT INTO attendance VALUES ('2694', '2016-06-15', '2', '310');
INSERT INTO attendance VALUES ('2810', '2016-06-15', '4', '7');
INSERT INTO attendance VALUES ('2751', '2016-06-15', '4', '14');
INSERT INTO attendance VALUES ('2776', '2016-06-15', '4', '115');
INSERT INTO attendance VALUES ('2801', '2016-06-15', '4', '118');
INSERT INTO attendance VALUES ('2793', '2016-06-15', '4', '120');
INSERT INTO attendance VALUES ('2787', '2016-06-15', '4', '153');
INSERT INTO attendance VALUES ('2832', '2016-06-15', '5', '57');
INSERT INTO attendance VALUES ('2840', '2016-06-15', '5', '112');
INSERT INTO attendance VALUES ('2849', '2016-06-15', '5', '280');
INSERT INTO attendance VALUES ('2856', '2016-06-15', '5', '283');
INSERT INTO attendance VALUES ('2388', '2016-06-22', '1', '4');
INSERT INTO attendance VALUES ('2394', '2016-06-22', '1', '10');
INSERT INTO attendance VALUES ('2412', '2016-06-22', '1', '38');
INSERT INTO attendance VALUES ('2471', '2016-06-22', '1', '136');
INSERT INTO attendance VALUES ('2479', '2016-06-22', '1', '143');
INSERT INTO attendance VALUES ('2486', '2016-06-22', '1', '150');
INSERT INTO attendance VALUES ('2490', '2016-06-22', '1', '179');
INSERT INTO attendance VALUES ('2491', '2016-06-22', '1', '183');
INSERT INTO attendance VALUES ('2520', '2016-06-22', '1', '255');
INSERT INTO attendance VALUES ('2505', '2016-06-22', '1', '275');
INSERT INTO attendance VALUES ('2399', '2016-06-22', '1', '279');
INSERT INTO attendance VALUES ('2497', '2016-06-22', '1', '319');
INSERT INTO attendance VALUES ('2530', '2016-06-22', '2', '4');
INSERT INTO attendance VALUES ('2570', '2016-06-22', '2', '44');
INSERT INTO attendance VALUES ('2636', '2016-06-22', '2', '136');
INSERT INTO attendance VALUES ('2661', '2016-06-22', '2', '183');
INSERT INTO attendance VALUES ('2701', '2016-06-22', '2', '255');
INSERT INTO attendance VALUES ('2721', '2016-06-22', '2', '283');
INSERT INTO attendance VALUES ('2537', '2016-06-22', '2', '298');
INSERT INTO attendance VALUES ('2598', '2016-06-22', '2', '303');
INSERT INTO attendance VALUES ('2802', '2016-06-22', '4', '118');
INSERT INTO attendance VALUES ('2779', '2016-06-22', '4', '216');
INSERT INTO attendance VALUES ('2833', '2016-06-22', '5', '57');
INSERT INTO attendance VALUES ('2850', '2016-06-22', '5', '280');
INSERT INTO attendance VALUES ('2857', '2016-06-22', '5', '283');
INSERT INTO attendance VALUES ('2395', '2016-06-29', '1', '10');
INSERT INTO attendance VALUES ('2426', '2016-06-29', '1', '273');
INSERT INTO attendance VALUES ('2401', '2016-07-01', '1', '15');
INSERT INTO attendance VALUES ('2416', '2016-07-01', '1', '44');
INSERT INTO attendance VALUES ('2429', '2016-07-01', '1', '70');
INSERT INTO attendance VALUES ('2440', '2016-07-01', '1', '112');
INSERT INTO attendance VALUES ('2444', '2016-07-01', '1', '115');
INSERT INTO attendance VALUES ('2524', '2016-07-01', '1', '315');
INSERT INTO attendance VALUES ('2535', '2016-07-01', '2', '10');
INSERT INTO attendance VALUES ('2544', '2016-07-01', '2', '15');
INSERT INTO attendance VALUES ('2571', '2016-07-01', '2', '44');
INSERT INTO attendance VALUES ('2673', '2016-07-01', '2', '188');
INSERT INTO attendance VALUES ('2677', '2016-07-01', '2', '199');
INSERT INTO attendance VALUES ('2689', '2016-07-01', '2', '233');
INSERT INTO attendance VALUES ('2592', '2016-07-01', '2', '302');
INSERT INTO attendance VALUES ('2679', '2016-07-01', '2', '311');
INSERT INTO attendance VALUES ('2575', '2016-07-01', '2', '312');
INSERT INTO attendance VALUES ('2725', '2016-07-01', '3', '4');
INSERT INTO attendance VALUES ('2731', '2016-07-01', '3', '44');
INSERT INTO attendance VALUES ('2738', '2016-07-01', '3', '136');
INSERT INTO attendance VALUES ('2742', '2016-07-01', '3', '233');
INSERT INTO attendance VALUES ('2745', '2016-07-01', '3', '256');
INSERT INTO attendance VALUES ('2734', '2016-07-01', '3', '280');
INSERT INTO attendance VALUES ('2732', '2016-07-01', '3', '302');
INSERT INTO attendance VALUES ('2728', '2016-07-01', '3', '313');
INSERT INTO attendance VALUES ('2727', '2016-07-01', '3', '314');
INSERT INTO attendance VALUES ('2858', '2016-07-01', '9', '28');
INSERT INTO attendance VALUES ('2860', '2016-07-01', '9', '183');
INSERT INTO attendance VALUES ('2861', '2016-07-01', '9', '188');
INSERT INTO attendance VALUES ('2859', '2016-07-01', '9', '302');
INSERT INTO attendance VALUES ('2389', '2016-07-08', '1', '4');
INSERT INTO attendance VALUES ('2456', '2016-07-08', '1', '123');
INSERT INTO attendance VALUES ('2482', '2016-07-08', '1', '147');
INSERT INTO attendance VALUES ('2549', '2016-07-08', '2', '28');
INSERT INTO attendance VALUES ('2603', '2016-07-08', '2', '112');
INSERT INTO attendance VALUES ('2641', '2016-07-08', '2', '147');
INSERT INTO attendance VALUES ('2651', '2016-07-08', '2', '163');
INSERT INTO attendance VALUES ('2674', '2016-07-08', '2', '188');
INSERT INTO attendance VALUES ('2690', '2016-07-08', '2', '233');
INSERT INTO attendance VALUES ('2702', '2016-07-08', '2', '255');
INSERT INTO attendance VALUES ('2722', '2016-07-08', '2', '283');
INSERT INTO attendance VALUES ('2441', '2016-07-15', '1', '112');
INSERT INTO attendance VALUES ('2480', '2016-07-15', '1', '143');
INSERT INTO attendance VALUES ('2512', '2016-07-15', '1', '227');
INSERT INTO attendance VALUES ('2572', '2016-07-15', '2', '44');
INSERT INTO attendance VALUES ('2604', '2016-07-15', '2', '112');
INSERT INTO attendance VALUES ('2675', '2016-07-15', '2', '188');
INSERT INTO attendance VALUES ('2691', '2016-07-15', '2', '233');
INSERT INTO attendance VALUES ('2710', '2016-07-15', '2', '256');
INSERT INTO attendance VALUES ('2593', '2016-07-15', '2', '302');
INSERT INTO attendance VALUES ('2546', '2016-07-15', '2', '313');
INSERT INTO attendance VALUES ('2752', '2016-07-15', '4', '14');
INSERT INTO attendance VALUES ('2759', '2016-07-15', '4', '57');
INSERT INTO attendance VALUES ('2766', '2016-07-15', '4', '283');
INSERT INTO attendance VALUES ('2871', '2016-07-19', '8', '28');
INSERT INTO attendance VALUES ('2873', '2016-07-19', '8', '109');
INSERT INTO attendance VALUES ('2869', '2016-07-19', '8', '163');
INSERT INTO attendance VALUES ('2872', '2016-07-19', '8', '188');
INSERT INTO attendance VALUES ('2870', '2016-07-19', '8', '255');
INSERT INTO attendance VALUES ('2390', '2016-07-22', '1', '4');
INSERT INTO attendance VALUES ('2413', '2016-07-22', '1', '38');
INSERT INTO attendance VALUES ('2431', '2016-07-22', '1', '98');
INSERT INTO attendance VALUES ('2457', '2016-07-22', '1', '123');
INSERT INTO attendance VALUES ('2481', '2016-07-22', '1', '143');
INSERT INTO attendance VALUES ('2496', '2016-07-22', '1', '189');
INSERT INTO attendance VALUES ('2402', '2016-07-22', '1', '314');
INSERT INTO attendance VALUES ('2573', '2016-07-22', '2', '44');
INSERT INTO attendance VALUES ('2652', '2016-07-22', '2', '171');
INSERT INTO attendance VALUES ('2692', '2016-07-22', '2', '233');
INSERT INTO attendance VALUES ('2711', '2016-07-22', '2', '256');
INSERT INTO attendance VALUES ('2547', '2016-07-22', '2', '313');
INSERT INTO attendance VALUES ('2531', '2016-07-29', '2', '4');
INSERT INTO attendance VALUES ('2536', '2016-07-29', '2', '10');
INSERT INTO attendance VALUES ('2574', '2016-07-29', '2', '44');
INSERT INTO attendance VALUES ('2637', '2016-07-29', '2', '136');
INSERT INTO attendance VALUES ('2693', '2016-07-29', '2', '233');
INSERT INTO attendance VALUES ('2712', '2016-07-29', '2', '256');
INSERT INTO attendance VALUES ('2617', '2016-07-29', '2', '280');
INSERT INTO attendance VALUES ('2594', '2016-07-29', '2', '302');
INSERT INTO attendance VALUES ('2548', '2016-07-29', '2', '313');
INSERT INTO attendance VALUES ('2545', '2016-07-29', '2', '314');
INSERT INTO attendance VALUES ('2875', '2016-08-01', '1', '10');
INSERT INTO attendance VALUES ('2878', '2016-08-01', '1', '14');
INSERT INTO attendance VALUES ('2879', '2016-08-01', '1', '38');
INSERT INTO attendance VALUES ('2890', '2016-08-01', '1', '106');
INSERT INTO attendance VALUES ('2898', '2016-08-01', '1', '136');
INSERT INTO attendance VALUES ('2900', '2016-08-01', '1', '143');
INSERT INTO attendance VALUES ('2904', '2016-08-01', '1', '150');
INSERT INTO attendance VALUES ('2907', '2016-08-01', '1', '155');
INSERT INTO attendance VALUES ('2913', '2016-08-01', '1', '186');
INSERT INTO attendance VALUES ('2921', '2016-08-01', '1', '230');
INSERT INTO attendance VALUES ('2926', '2016-08-01', '1', '255');
INSERT INTO attendance VALUES ('2886', '2016-08-01', '1', '273');
INSERT INTO attendance VALUES ('2916', '2016-08-01', '1', '275');
INSERT INTO attendance VALUES ('2975', '2016-08-01', '1', '283');
INSERT INTO attendance VALUES ('2888', '2016-08-01', '1', '317');
INSERT INTO attendance VALUES ('3078', '2016-08-01', '2', '14');
INSERT INTO attendance VALUES ('3081', '2016-08-01', '2', '16');
INSERT INTO attendance VALUES ('3090', '2016-08-01', '2', '42');
INSERT INTO attendance VALUES ('3093', '2016-08-01', '2', '44');
INSERT INTO attendance VALUES ('3095', '2016-08-01', '2', '67');
INSERT INTO attendance VALUES ('3100', '2016-08-01', '2', '115');
INSERT INTO attendance VALUES ('3117', '2016-08-01', '2', '151');
INSERT INTO attendance VALUES ('3123', '2016-08-01', '2', '169');
INSERT INTO attendance VALUES ('3127', '2016-08-01', '2', '188');
INSERT INTO attendance VALUES ('3130', '2016-08-01', '2', '214');
INSERT INTO attendance VALUES ('3143', '2016-08-01', '2', '247');
INSERT INTO attendance VALUES ('3144', '2016-08-01', '2', '255');
INSERT INTO attendance VALUES ('3106', '2016-08-01', '2', '271');
INSERT INTO attendance VALUES ('3096', '2016-08-01', '2', '302');
INSERT INTO attendance VALUES ('3231', '2016-08-01', '3', '4');
INSERT INTO attendance VALUES ('3237', '2016-08-01', '3', '36');
INSERT INTO attendance VALUES ('3247', '2016-08-01', '3', '135');
INSERT INTO attendance VALUES ('3248', '2016-08-01', '3', '136');
INSERT INTO attendance VALUES ('3251', '2016-08-01', '3', '179');
INSERT INTO attendance VALUES ('3255', '2016-08-01', '3', '233');
INSERT INTO attendance VALUES ('3256', '2016-08-01', '3', '234');
INSERT INTO attendance VALUES ('3258', '2016-08-01', '3', '237');
INSERT INTO attendance VALUES ('3261', '2016-08-01', '3', '256');
INSERT INTO attendance VALUES ('3263', '2016-08-01', '3', '283');
INSERT INTO attendance VALUES ('3246', '2016-08-01', '3', '306');
INSERT INTO attendance VALUES ('3235', '2016-08-01', '3', '313');
INSERT INTO attendance VALUES ('3233', '2016-08-01', '3', '323');
INSERT INTO attendance VALUES ('3252', '2016-08-01', '3', '328');
INSERT INTO attendance VALUES ('3264', '2016-08-01', '4', '14');
INSERT INTO attendance VALUES ('3348', '2016-08-01', '5', '57');
INSERT INTO attendance VALUES ('3352', '2016-08-01', '5', '280');
INSERT INTO attendance VALUES ('3356', '2016-08-01', '5', '283');
INSERT INTO attendance VALUES ('3377', '2016-08-01', '7', '42');
INSERT INTO attendance VALUES ('3376', '2016-08-01', '7', '157');
INSERT INTO attendance VALUES ('3375', '2016-08-01', '7', '214');
INSERT INTO attendance VALUES ('3374', '2016-08-01', '7', '227');
INSERT INTO attendance VALUES ('2880', '2016-08-08', '1', '38');
INSERT INTO attendance VALUES ('2882', '2016-08-08', '1', '42');
INSERT INTO attendance VALUES ('2891', '2016-08-08', '1', '112');
INSERT INTO attendance VALUES ('2892', '2016-08-08', '1', '115');
INSERT INTO attendance VALUES ('2896', '2016-08-08', '1', '135');
INSERT INTO attendance VALUES ('2899', '2016-08-08', '1', '136');
INSERT INTO attendance VALUES ('2901', '2016-08-08', '1', '143');
INSERT INTO attendance VALUES ('2905', '2016-08-08', '1', '151');
INSERT INTO attendance VALUES ('2915', '2016-08-08', '1', '189');
INSERT INTO attendance VALUES ('2918', '2016-08-08', '1', '224');
INSERT INTO attendance VALUES ('2919', '2016-08-08', '1', '227');
INSERT INTO attendance VALUES ('2925', '2016-08-08', '1', '234');
INSERT INTO attendance VALUES ('2976', '2016-08-08', '1', '283');
INSERT INTO attendance VALUES ('3086', '2016-08-08', '2', '36');
INSERT INTO attendance VALUES ('3091', '2016-08-08', '2', '42');
INSERT INTO attendance VALUES ('3101', '2016-08-08', '2', '115');
INSERT INTO attendance VALUES ('3104', '2016-08-08', '2', '118');
INSERT INTO attendance VALUES ('3113', '2016-08-08', '2', '137');
INSERT INTO attendance VALUES ('3118', '2016-08-08', '2', '151');
INSERT INTO attendance VALUES ('3121', '2016-08-08', '2', '157');
INSERT INTO attendance VALUES ('3128', '2016-08-08', '2', '188');
INSERT INTO attendance VALUES ('3131', '2016-08-08', '2', '214');
INSERT INTO attendance VALUES ('3136', '2016-08-08', '2', '233');
INSERT INTO attendance VALUES ('3139', '2016-08-08', '2', '234');
INSERT INTO attendance VALUES ('3146', '2016-08-08', '2', '256');
INSERT INTO attendance VALUES ('3097', '2016-08-08', '2', '302');
INSERT INTO attendance VALUES ('3083', '2016-08-08', '2', '313');
INSERT INTO attendance VALUES ('3266', '2016-08-08', '4', '7');
INSERT INTO attendance VALUES ('3294', '2016-08-08', '4', '188');
INSERT INTO attendance VALUES ('3267', '2016-08-08', '4', '210');
INSERT INTO attendance VALUES ('3273', '2016-08-08', '4', '271');
INSERT INTO attendance VALUES ('3288', '2016-08-08', '4', '326');
INSERT INTO attendance VALUES ('3270', '2016-08-08', '4', '335');
INSERT INTO attendance VALUES ('3276', '2016-08-08', '4', '336');
INSERT INTO attendance VALUES ('3279', '2016-08-08', '4', '337');
INSERT INTO attendance VALUES ('3282', '2016-08-08', '4', '338');
INSERT INTO attendance VALUES ('3285', '2016-08-08', '4', '339');
INSERT INTO attendance VALUES ('3349', '2016-08-08', '5', '57');
INSERT INTO attendance VALUES ('3353', '2016-08-08', '5', '280');
INSERT INTO attendance VALUES ('3357', '2016-08-08', '5', '283');
INSERT INTO attendance VALUES ('2876', '2016-08-15', '1', '10');
INSERT INTO attendance VALUES ('2893', '2016-08-15', '1', '123');
INSERT INTO attendance VALUES ('2911', '2016-08-15', '1', '179');
INSERT INTO attendance VALUES ('2922', '2016-08-15', '1', '230');
INSERT INTO attendance VALUES ('3075', '2016-08-15', '2', '4');
INSERT INTO attendance VALUES ('3077', '2016-08-15', '2', '10');
INSERT INTO attendance VALUES ('3079', '2016-08-15', '2', '14');
INSERT INTO attendance VALUES ('3088', '2016-08-15', '2', '38');
INSERT INTO attendance VALUES ('3094', '2016-08-15', '2', '57');
INSERT INTO attendance VALUES ('3102', '2016-08-15', '2', '115');
INSERT INTO attendance VALUES ('3105', '2016-08-15', '2', '123');
INSERT INTO attendance VALUES ('3109', '2016-08-15', '2', '135');
INSERT INTO attendance VALUES ('3111', '2016-08-15', '2', '136');
INSERT INTO attendance VALUES ('3114', '2016-08-15', '2', '137');
INSERT INTO attendance VALUES ('3115', '2016-08-15', '2', '142');
INSERT INTO attendance VALUES ('3116', '2016-08-15', '2', '143');
INSERT INTO attendance VALUES ('3119', '2016-08-15', '2', '151');
INSERT INTO attendance VALUES ('3126', '2016-08-15', '2', '183');
INSERT INTO attendance VALUES ('3129', '2016-08-15', '2', '188');
INSERT INTO attendance VALUES ('3132', '2016-08-15', '2', '214');
INSERT INTO attendance VALUES ('3135', '2016-08-15', '2', '230');
INSERT INTO attendance VALUES ('3137', '2016-08-15', '2', '233');
INSERT INTO attendance VALUES ('3141', '2016-08-15', '2', '237');
INSERT INTO attendance VALUES ('3145', '2016-08-15', '2', '255');
INSERT INTO attendance VALUES ('3147', '2016-08-15', '2', '256');
INSERT INTO attendance VALUES ('3107', '2016-08-15', '2', '271');
INSERT INTO attendance VALUES ('3149', '2016-08-15', '2', '283');
INSERT INTO attendance VALUES ('3098', '2016-08-15', '2', '302');
INSERT INTO attendance VALUES ('3084', '2016-08-15', '2', '313');
INSERT INTO attendance VALUES ('3265', '2016-08-15', '4', '14');
INSERT INTO attendance VALUES ('3295', '2016-08-15', '4', '188');
INSERT INTO attendance VALUES ('3268', '2016-08-15', '4', '210');
INSERT INTO attendance VALUES ('3274', '2016-08-15', '4', '271');
INSERT INTO attendance VALUES ('3298', '2016-08-15', '4', '302');
INSERT INTO attendance VALUES ('3289', '2016-08-15', '4', '326');
INSERT INTO attendance VALUES ('3271', '2016-08-15', '4', '335');
INSERT INTO attendance VALUES ('3277', '2016-08-15', '4', '336');
INSERT INTO attendance VALUES ('3280', '2016-08-15', '4', '337');
INSERT INTO attendance VALUES ('3283', '2016-08-15', '4', '338');
INSERT INTO attendance VALUES ('3286', '2016-08-15', '4', '339');
INSERT INTO attendance VALUES ('3291', '2016-08-15', '4', '340');
INSERT INTO attendance VALUES ('3292', '2016-08-15', '4', '341');
INSERT INTO attendance VALUES ('3350', '2016-08-15', '5', '57');
INSERT INTO attendance VALUES ('3354', '2016-08-15', '5', '280');
INSERT INTO attendance VALUES ('3358', '2016-08-15', '5', '283');
INSERT INTO attendance VALUES ('2881', '2016-08-22', '1', '38');
INSERT INTO attendance VALUES ('2885', '2016-08-22', '1', '60');
INSERT INTO attendance VALUES ('2894', '2016-08-22', '1', '123');
INSERT INTO attendance VALUES ('2897', '2016-08-22', '1', '135');
INSERT INTO attendance VALUES ('2902', '2016-08-22', '1', '143');
INSERT INTO attendance VALUES ('2908', '2016-08-22', '1', '155');
INSERT INTO attendance VALUES ('2912', '2016-08-22', '1', '179');
INSERT INTO attendance VALUES ('2914', '2016-08-22', '1', '186');
INSERT INTO attendance VALUES ('2923', '2016-08-22', '1', '230');
INSERT INTO attendance VALUES ('2927', '2016-08-22', '1', '255');
INSERT INTO attendance VALUES ('2977', '2016-08-22', '1', '283');
INSERT INTO attendance VALUES ('2887', '2016-08-22', '1', '302');
INSERT INTO attendance VALUES ('2889', '2016-08-22', '1', '317');
INSERT INTO attendance VALUES ('3076', '2016-08-22', '2', '4');
INSERT INTO attendance VALUES ('3080', '2016-08-22', '2', '15');
INSERT INTO attendance VALUES ('3087', '2016-08-22', '2', '36');
INSERT INTO attendance VALUES ('3089', '2016-08-22', '2', '40');
INSERT INTO attendance VALUES ('3092', '2016-08-22', '2', '42');
INSERT INTO attendance VALUES ('3103', '2016-08-22', '2', '115');
INSERT INTO attendance VALUES ('3110', '2016-08-22', '2', '135');
INSERT INTO attendance VALUES ('3112', '2016-08-22', '2', '136');
INSERT INTO attendance VALUES ('3120', '2016-08-22', '2', '155');
INSERT INTO attendance VALUES ('3122', '2016-08-22', '2', '157');
INSERT INTO attendance VALUES ('3124', '2016-08-22', '2', '179');
INSERT INTO attendance VALUES ('3133', '2016-08-22', '2', '214');
INSERT INTO attendance VALUES ('3134', '2016-08-22', '2', '227');
INSERT INTO attendance VALUES ('3138', '2016-08-22', '2', '233');
INSERT INTO attendance VALUES ('3140', '2016-08-22', '2', '234');
INSERT INTO attendance VALUES ('3142', '2016-08-22', '2', '237');
INSERT INTO attendance VALUES ('3148', '2016-08-22', '2', '256');
INSERT INTO attendance VALUES ('3150', '2016-08-22', '2', '283');
INSERT INTO attendance VALUES ('3099', '2016-08-22', '2', '303');
INSERT INTO attendance VALUES ('3108', '2016-08-22', '2', '306');
INSERT INTO attendance VALUES ('3085', '2016-08-22', '2', '313');
INSERT INTO attendance VALUES ('3082', '2016-08-22', '2', '323');
INSERT INTO attendance VALUES ('3125', '2016-08-22', '2', '328');
INSERT INTO attendance VALUES ('3151', '2016-08-22', '2', '329');
INSERT INTO attendance VALUES ('3296', '2016-08-22', '4', '188');
INSERT INTO attendance VALUES ('3269', '2016-08-22', '4', '210');
INSERT INTO attendance VALUES ('3275', '2016-08-22', '4', '271');
INSERT INTO attendance VALUES ('3299', '2016-08-22', '4', '302');
INSERT INTO attendance VALUES ('3290', '2016-08-22', '4', '326');
INSERT INTO attendance VALUES ('3272', '2016-08-22', '4', '335');
INSERT INTO attendance VALUES ('3278', '2016-08-22', '4', '336');
INSERT INTO attendance VALUES ('3281', '2016-08-22', '4', '337');
INSERT INTO attendance VALUES ('3284', '2016-08-22', '4', '338');
INSERT INTO attendance VALUES ('3287', '2016-08-22', '4', '339');
INSERT INTO attendance VALUES ('3293', '2016-08-22', '4', '341');
INSERT INTO attendance VALUES ('2877', '2016-08-29', '1', '10');
INSERT INTO attendance VALUES ('2883', '2016-08-29', '1', '42');
INSERT INTO attendance VALUES ('2884', '2016-08-29', '1', '57');
INSERT INTO attendance VALUES ('2895', '2016-08-29', '1', '123');
INSERT INTO attendance VALUES ('2903', '2016-08-29', '1', '143');
INSERT INTO attendance VALUES ('2909', '2016-08-29', '1', '157');
INSERT INTO attendance VALUES ('2910', '2016-08-29', '1', '169');
INSERT INTO attendance VALUES ('2917', '2016-08-29', '1', '214');
INSERT INTO attendance VALUES ('2920', '2016-08-29', '1', '227');
INSERT INTO attendance VALUES ('2924', '2016-08-29', '1', '230');
INSERT INTO attendance VALUES ('2906', '2016-08-29', '1', '333');
INSERT INTO attendance VALUES ('3297', '2016-08-29', '4', '188');
INSERT INTO attendance VALUES ('3351', '2016-08-29', '5', '57');
INSERT INTO attendance VALUES ('3355', '2016-08-29', '5', '280');
INSERT INTO attendance VALUES ('3359', '2016-08-29', '5', '283');
INSERT INTO attendance VALUES ('3024', '2016-09-01', '1', '38');
INSERT INTO attendance VALUES ('3039', '2016-09-01', '1', '135');
INSERT INTO attendance VALUES ('3045', '2016-09-01', '1', '151');
INSERT INTO attendance VALUES ('3056', '2016-09-01', '1', '227');
INSERT INTO attendance VALUES ('3066', '2016-09-01', '1', '247');
INSERT INTO attendance VALUES ('3067', '2016-09-01', '1', '255');
INSERT INTO attendance VALUES ('3051', '2016-09-01', '1', '275');
INSERT INTO attendance VALUES ('3153', '2016-09-01', '2', '10');
INSERT INTO attendance VALUES ('3171', '2016-09-01', '2', '93');
INSERT INTO attendance VALUES ('3173', '2016-09-01', '2', '112');
INSERT INTO attendance VALUES ('3175', '2016-09-01', '2', '115');
INSERT INTO attendance VALUES ('3180', '2016-09-01', '2', '135');
INSERT INTO attendance VALUES ('3184', '2016-09-01', '2', '137');
INSERT INTO attendance VALUES ('3187', '2016-09-01', '2', '151');
INSERT INTO attendance VALUES ('3192', '2016-09-01', '2', '157');
INSERT INTO attendance VALUES ('3195', '2016-09-01', '2', '169');
INSERT INTO attendance VALUES ('3201', '2016-09-01', '2', '188');
INSERT INTO attendance VALUES ('3204', '2016-09-01', '2', '214');
INSERT INTO attendance VALUES ('3208', '2016-09-01', '2', '230');
INSERT INTO attendance VALUES ('3209', '2016-09-01', '2', '233');
INSERT INTO attendance VALUES ('3212', '2016-09-01', '2', '234');
INSERT INTO attendance VALUES ('3215', '2016-09-01', '2', '237');
INSERT INTO attendance VALUES ('3220', '2016-09-01', '2', '255');
INSERT INTO attendance VALUES ('3226', '2016-09-01', '2', '283');
INSERT INTO attendance VALUES ('3158', '2016-09-01', '2', '313');
INSERT INTO attendance VALUES ('3167', '2016-09-01', '2', '324');
INSERT INTO attendance VALUES ('3177', '2016-09-01', '2', '326');
INSERT INTO attendance VALUES ('3232', '2016-09-01', '3', '19');
INSERT INTO attendance VALUES ('3238', '2016-09-01', '3', '43');
INSERT INTO attendance VALUES ('3239', '2016-09-01', '3', '57');
INSERT INTO attendance VALUES ('3243', '2016-09-01', '3', '93');
INSERT INTO attendance VALUES ('3244', '2016-09-01', '3', '112');
INSERT INTO attendance VALUES ('3245', '2016-09-01', '3', '115');
INSERT INTO attendance VALUES ('3249', '2016-09-01', '3', '137');
INSERT INTO attendance VALUES ('3250', '2016-09-01', '3', '157');
INSERT INTO attendance VALUES ('3253', '2016-09-01', '3', '188');
INSERT INTO attendance VALUES ('3254', '2016-09-01', '3', '214');
INSERT INTO attendance VALUES ('3257', '2016-09-01', '3', '234');
INSERT INTO attendance VALUES ('3259', '2016-09-01', '3', '237');
INSERT INTO attendance VALUES ('3262', '2016-09-01', '3', '256');
INSERT INTO attendance VALUES ('3240', '2016-09-01', '3', '273');
INSERT INTO attendance VALUES ('3241', '2016-09-01', '3', '302');
INSERT INTO attendance VALUES ('3260', '2016-09-01', '3', '310');
INSERT INTO attendance VALUES ('3236', '2016-09-01', '3', '313');
INSERT INTO attendance VALUES ('3234', '2016-09-01', '3', '323');
INSERT INTO attendance VALUES ('3242', '2016-09-01', '3', '324');
INSERT INTO attendance VALUES ('3360', '2016-09-01', '5', '57');
INSERT INTO attendance VALUES ('3364', '2016-09-01', '5', '112');
INSERT INTO attendance VALUES ('3367', '2016-09-01', '5', '280');
INSERT INTO attendance VALUES ('3370', '2016-09-01', '5', '283');
INSERT INTO attendance VALUES ('3152', '2016-09-08', '2', '4');
INSERT INTO attendance VALUES ('3172', '2016-09-08', '2', '93');
INSERT INTO attendance VALUES ('3181', '2016-09-08', '2', '135');
INSERT INTO attendance VALUES ('3185', '2016-09-08', '2', '137');
INSERT INTO attendance VALUES ('3189', '2016-09-08', '2', '155');
INSERT INTO attendance VALUES ('3193', '2016-09-08', '2', '157');
INSERT INTO attendance VALUES ('3205', '2016-09-08', '2', '214');
INSERT INTO attendance VALUES ('3210', '2016-09-08', '2', '233');
INSERT INTO attendance VALUES ('3223', '2016-09-08', '2', '256');
INSERT INTO attendance VALUES ('3178', '2016-09-08', '2', '271');
INSERT INTO attendance VALUES ('3227', '2016-09-08', '2', '283');
INSERT INTO attendance VALUES ('3164', '2016-09-08', '2', '302');
INSERT INTO attendance VALUES ('3159', '2016-09-08', '2', '313');
INSERT INTO attendance VALUES ('3168', '2016-09-08', '2', '324');
INSERT INTO attendance VALUES ('3331', '2016-09-08', '4', '14');
INSERT INTO attendance VALUES ('3346', '2016-09-08', '4', '15');
INSERT INTO attendance VALUES ('3345', '2016-09-08', '4', '188');
INSERT INTO attendance VALUES ('3333', '2016-09-08', '4', '210');
INSERT INTO attendance VALUES ('3335', '2016-09-08', '4', '271');
INSERT INTO attendance VALUES ('3347', '2016-09-08', '4', '302');
INSERT INTO attendance VALUES ('3342', '2016-09-08', '4', '326');
INSERT INTO attendance VALUES ('3337', '2016-09-08', '4', '336');
INSERT INTO attendance VALUES ('3340', '2016-09-08', '4', '339');
INSERT INTO attendance VALUES ('3361', '2016-09-08', '5', '57');
INSERT INTO attendance VALUES ('3365', '2016-09-08', '5', '112');
INSERT INTO attendance VALUES ('3368', '2016-09-08', '5', '280');
INSERT INTO attendance VALUES ('3371', '2016-09-08', '5', '283');
INSERT INTO attendance VALUES ('3025', '2016-09-09', '1', '42');
INSERT INTO attendance VALUES ('3028', '2016-09-09', '1', '65');
INSERT INTO attendance VALUES ('3032', '2016-09-09', '1', '106');
INSERT INTO attendance VALUES ('3035', '2016-09-09', '1', '115');
INSERT INTO attendance VALUES ('3040', '2016-09-09', '1', '135');
INSERT INTO attendance VALUES ('3041', '2016-09-09', '1', '143');
INSERT INTO attendance VALUES ('3046', '2016-09-09', '1', '169');
INSERT INTO attendance VALUES ('3054', '2016-09-09', '1', '214');
INSERT INTO attendance VALUES ('3058', '2016-09-09', '1', '230');
INSERT INTO attendance VALUES ('3060', '2016-09-09', '1', '234');
INSERT INTO attendance VALUES ('3064', '2016-09-09', '1', '237');
INSERT INTO attendance VALUES ('3068', '2016-09-09', '1', '255');
INSERT INTO attendance VALUES ('3023', '2016-09-09', '1', '278');
INSERT INTO attendance VALUES ('3071', '2016-09-09', '1', '283');
INSERT INTO attendance VALUES ('3156', '2016-09-15', '2', '19');
INSERT INTO attendance VALUES ('3163', '2016-09-15', '2', '57');
INSERT INTO attendance VALUES ('3174', '2016-09-15', '2', '112');
INSERT INTO attendance VALUES ('3182', '2016-09-15', '2', '136');
INSERT INTO attendance VALUES ('3190', '2016-09-15', '2', '155');
INSERT INTO attendance VALUES ('3194', '2016-09-15', '2', '157');
INSERT INTO attendance VALUES ('3196', '2016-09-15', '2', '169');
INSERT INTO attendance VALUES ('3206', '2016-09-15', '2', '214');
INSERT INTO attendance VALUES ('3213', '2016-09-15', '2', '234');
INSERT INTO attendance VALUES ('3216', '2016-09-15', '2', '237');
INSERT INTO attendance VALUES ('3217', '2016-09-15', '2', '247');
INSERT INTO attendance VALUES ('3221', '2016-09-15', '2', '255');
INSERT INTO attendance VALUES ('3224', '2016-09-15', '2', '256');
INSERT INTO attendance VALUES ('3165', '2016-09-15', '2', '302');
INSERT INTO attendance VALUES ('3160', '2016-09-15', '2', '313');
INSERT INTO attendance VALUES ('3169', '2016-09-15', '2', '324');
INSERT INTO attendance VALUES ('3179', '2016-09-15', '2', '327');
INSERT INTO attendance VALUES ('3336', '2016-09-15', '4', '271');
INSERT INTO attendance VALUES ('3343', '2016-09-15', '4', '326');
INSERT INTO attendance VALUES ('3334', '2016-09-15', '4', '335');
INSERT INTO attendance VALUES ('3338', '2016-09-15', '4', '336');
INSERT INTO attendance VALUES ('3339', '2016-09-15', '4', '338');
INSERT INTO attendance VALUES ('3341', '2016-09-15', '4', '339');
INSERT INTO attendance VALUES ('3344', '2016-09-15', '4', '341');
INSERT INTO attendance VALUES ('3362', '2016-09-15', '5', '57');
INSERT INTO attendance VALUES ('3369', '2016-09-15', '5', '280');
INSERT INTO attendance VALUES ('3372', '2016-09-15', '5', '283');
INSERT INTO attendance VALUES ('3026', '2016-09-17', '1', '42');
INSERT INTO attendance VALUES ('3030', '2016-09-17', '1', '70');
INSERT INTO attendance VALUES ('3047', '2016-09-17', '1', '169');
INSERT INTO attendance VALUES ('3050', '2016-09-17', '1', '179');
INSERT INTO attendance VALUES ('3055', '2016-09-17', '1', '214');
INSERT INTO attendance VALUES ('3057', '2016-09-17', '1', '227');
INSERT INTO attendance VALUES ('3059', '2016-09-17', '1', '230');
INSERT INTO attendance VALUES ('3061', '2016-09-17', '1', '234');
INSERT INTO attendance VALUES ('3070', '2016-09-17', '1', '259');
INSERT INTO attendance VALUES ('3053', '2016-09-17', '1', '334');
INSERT INTO attendance VALUES ('3154', '2016-09-22', '2', '14');
INSERT INTO attendance VALUES ('3162', '2016-09-22', '2', '42');
INSERT INTO attendance VALUES ('3188', '2016-09-22', '2', '151');
INSERT INTO attendance VALUES ('3191', '2016-09-22', '2', '155');
INSERT INTO attendance VALUES ('3197', '2016-09-22', '2', '169');
INSERT INTO attendance VALUES ('3199', '2016-09-22', '2', '183');
INSERT INTO attendance VALUES ('3202', '2016-09-22', '2', '188');
INSERT INTO attendance VALUES ('3207', '2016-09-22', '2', '229');
INSERT INTO attendance VALUES ('3214', '2016-09-22', '2', '234');
INSERT INTO attendance VALUES ('3218', '2016-09-22', '2', '247');
INSERT INTO attendance VALUES ('3222', '2016-09-22', '2', '255');
INSERT INTO attendance VALUES ('3228', '2016-09-22', '2', '283');
INSERT INTO attendance VALUES ('3219', '2016-09-22', '2', '310');
INSERT INTO attendance VALUES ('3332', '2016-09-22', '4', '14');
INSERT INTO attendance VALUES ('3363', '2016-09-22', '5', '57');
INSERT INTO attendance VALUES ('3366', '2016-09-22', '5', '112');
INSERT INTO attendance VALUES ('3373', '2016-09-22', '5', '283');
INSERT INTO attendance VALUES ('3027', '2016-09-25', '1', '42');
INSERT INTO attendance VALUES ('3031', '2016-09-25', '1', '70');
INSERT INTO attendance VALUES ('3033', '2016-09-25', '1', '112');
INSERT INTO attendance VALUES ('3036', '2016-09-25', '1', '115');
INSERT INTO attendance VALUES ('3042', '2016-09-25', '1', '143');
INSERT INTO attendance VALUES ('3048', '2016-09-25', '1', '169');
INSERT INTO attendance VALUES ('3062', '2016-09-25', '1', '234');
INSERT INTO attendance VALUES ('3065', '2016-09-25', '1', '237');
INSERT INTO attendance VALUES ('3069', '2016-09-25', '1', '255');
INSERT INTO attendance VALUES ('3052', '2016-09-25', '1', '275');
INSERT INTO attendance VALUES ('3072', '2016-09-25', '1', '283');
INSERT INTO attendance VALUES ('3044', '2016-09-25', '1', '332');
INSERT INTO attendance VALUES ('3155', '2016-09-29', '2', '15');
INSERT INTO attendance VALUES ('3161', '2016-09-29', '2', '28');
INSERT INTO attendance VALUES ('3176', '2016-09-29', '2', '115');
INSERT INTO attendance VALUES ('3183', '2016-09-29', '2', '136');
INSERT INTO attendance VALUES ('3186', '2016-09-29', '2', '143');
INSERT INTO attendance VALUES ('3198', '2016-09-29', '2', '169');
INSERT INTO attendance VALUES ('3200', '2016-09-29', '2', '183');
INSERT INTO attendance VALUES ('3203', '2016-09-29', '2', '188');
INSERT INTO attendance VALUES ('3211', '2016-09-29', '2', '233');
INSERT INTO attendance VALUES ('3225', '2016-09-29', '2', '256');
INSERT INTO attendance VALUES ('3166', '2016-09-29', '2', '302');
INSERT INTO attendance VALUES ('3157', '2016-09-29', '2', '323');
INSERT INTO attendance VALUES ('3170', '2016-09-29', '2', '324');
INSERT INTO attendance VALUES ('3229', '2016-09-29', '2', '330');
INSERT INTO attendance VALUES ('3230', '2016-09-29', '2', '331');
INSERT INTO attendance VALUES ('3034', '2016-09-30', '1', '112');
INSERT INTO attendance VALUES ('3037', '2016-09-30', '1', '115');
INSERT INTO attendance VALUES ('3038', '2016-09-30', '1', '123');
INSERT INTO attendance VALUES ('3043', '2016-09-30', '1', '143');
INSERT INTO attendance VALUES ('3049', '2016-09-30', '1', '169');
INSERT INTO attendance VALUES ('3063', '2016-09-30', '1', '234');
INSERT INTO attendance VALUES ('3029', '2016-09-30', '1', '273');
INSERT INTO attendance VALUES ('3073', '2016-09-30', '1', '283');

-- ----------------------------
-- Table structure for `entity`
-- ----------------------------
DROP TABLE IF EXISTS `entity`;
CREATE TABLE `entity` (
  `id` bigint(20) NOT NULL,
  `name` varchar(255) NOT NULL,
  `description` varchar(255) DEFAULT NULL,
  `owner` bigint(20) NOT NULL,
  `entitycol` varchar(45) DEFAULT NULL,
  PRIMARY KEY (`id`),
  KEY `fk_entity_user_idx` (`owner`),
  CONSTRAINT `fk_entity_user` FOREIGN KEY (`owner`) REFERENCES `user` (`id`) ON DELETE NO ACTION ON UPDATE NO ACTION
) ENGINE=InnoDB DEFAULT CHARSET=latin1;

-- ----------------------------
-- Records of entity
-- ----------------------------
INSERT INTO entity VALUES ('1', 'Centro Cultural Esplanada', null, '1', null);

-- ----------------------------
-- Table structure for `output_view`
-- ----------------------------
DROP TABLE IF EXISTS `output_view`;
CREATE TABLE `output_view` (
  `name` varchar(255) NOT NULL,
  `format_csv` bit(1) NOT NULL,
  `format_excel` bit(1) NOT NULL,
  `execution_status` varchar(255) DEFAULT NULL,
  `execution_time` datetime DEFAULT NULL,
  PRIMARY KEY (`name`)
) ENGINE=MyISAM DEFAULT CHARSET=latin1;

-- ----------------------------
-- Records of output_view
-- ----------------------------
INSERT INTO output_view VALUES ('vw_1_attendance', '', '', '2899 Records', '2016-12-30 16:12:05');
INSERT INTO output_view VALUES ('vw_1_4_meses', '', '', '357 Records', '2016-12-30 15:05:36');

-- ----------------------------
-- Table structure for `person`
-- ----------------------------
DROP TABLE IF EXISTS `person`;
CREATE TABLE `person` (
  `id` bigint(20) NOT NULL,
  `name` varchar(255) NOT NULL,
  `mail` varchar(255) DEFAULT NULL,
  `phone` varchar(255) DEFAULT NULL,
  `birthday` date DEFAULT NULL,
  `entity_id` bigint(20) NOT NULL,
  `tag1` varchar(255) DEFAULT NULL,
  `tag2` varchar(255) DEFAULT NULL,
  `tag3` varchar(255) DEFAULT NULL,
  `tag4` varchar(255) DEFAULT NULL,
  `wa_guest` varchar(10) DEFAULT NULL,
  `wa_entered` varchar(10) DEFAULT NULL,
  `wa_status` varchar(15) DEFAULT NULL,
  `wa_comment` varchar(255) DEFAULT NULL,
  PRIMARY KEY (`id`),
  UNIQUE KEY `name_UNIQUE` (`entity_id`,`name`) USING BTREE,
  KEY `fk_person_entity1_idx` (`entity_id`),
  CONSTRAINT `fk_person_entity1` FOREIGN KEY (`entity_id`) REFERENCES `entity` (`id`) ON DELETE NO ACTION ON UPDATE NO ACTION
) ENGINE=InnoDB DEFAULT CHARSET=latin1;

-- ----------------------------
-- Records of person
-- ----------------------------
INSERT INTO person VALUES ('0', 'Rafael Sales Martins', null, null, null, '1', null, null, null, null, null, null, null, null);
INSERT INTO person VALUES ('1', 'Adailton', null, null, null, '1', null, null, null, null, null, null, null, null);
INSERT INTO person VALUES ('2', 'Afonso Alves', null, null, null, '1', null, null, null, null, '19/05/2016', '19/05/2016', null, '');
INSERT INTO person VALUES ('3', 'Agnaldo Luiz Cunha', null, null, null, '1', null, null, null, null, null, null, null, null);
INSERT INTO person VALUES ('4', 'Alan Nelson Gusmão Freitas', null, null, null, '1', null, null, null, null, '05/05/2016', '05/05/2016', null, '');
INSERT INTO person VALUES ('5', 'Alessandro José Faria', null, null, null, '1', null, null, null, null, null, null, null, null);
INSERT INTO person VALUES ('6', 'Alexander Rafael Gonçalves', null, null, null, '1', null, null, null, null, null, null, null, null);
INSERT INTO person VALUES ('7', 'Alexandre Alli', null, null, null, '1', null, null, null, null, null, null, null, null);
INSERT INTO person VALUES ('8', 'Alexandre Macedo', null, null, null, '1', null, null, null, null, null, null, null, null);
INSERT INTO person VALUES ('9', 'Alison', null, null, null, '1', null, null, null, null, null, null, null, null);
INSERT INTO person VALUES ('10', 'Anderson Valões Silva', null, null, null, '1', null, null, null, null, '05/05/2016', '05/05/2016', null, '');
INSERT INTO person VALUES ('11', 'André Saraiva', null, null, null, '1', null, null, null, null, '25/08/2016', '25/08/2016', null, '');
INSERT INTO person VALUES ('12', 'Armando de Sousa', null, null, null, '1', null, null, null, null, null, null, null, null);
INSERT INTO person VALUES ('13', 'Artur', null, null, null, '1', null, null, null, null, null, null, null, null);
INSERT INTO person VALUES ('14', 'Atos Anael Moraes', null, null, null, '1', null, null, null, null, '17/08/2016', '18/08/2016', null, '');
INSERT INTO person VALUES ('15', 'Bernardo Alvim', null, null, null, '1', null, null, null, null, '05/05/2016', '05/05/2016', null, '');
INSERT INTO person VALUES ('16', 'Bráulio Uchoa', null, null, null, '1', null, null, null, null, '05/05/2016', '05/05/2016', null, '');
INSERT INTO person VALUES ('17', 'Bruno Bueno', null, null, null, '1', null, null, null, null, null, null, null, null);
INSERT INTO person VALUES ('18', 'Bruno César Muniz de Oliveira', null, null, null, '1', null, null, null, null, null, null, null, null);
INSERT INTO person VALUES ('19', 'Bruno de Morais', null, null, null, '1', null, null, null, null, null, null, null, null);
INSERT INTO person VALUES ('20', 'Bruno Machado', null, null, null, '1', null, null, null, null, null, null, null, null);
INSERT INTO person VALUES ('21', 'Bruno Vianna', null, null, null, '1', null, null, null, null, null, null, null, null);
INSERT INTO person VALUES ('22', 'Cainã de Souza Oliveira', null, null, null, '1', null, null, null, null, null, null, null, null);
INSERT INTO person VALUES ('23', 'Caio Monteiro', null, null, null, '1', null, null, null, null, '05/05/2016', '05/05/2016', null, '');
INSERT INTO person VALUES ('24', 'Carlos Alexandre Leite', null, null, null, '1', null, null, null, null, null, null, null, null);
INSERT INTO person VALUES ('25', 'Carlos Bruno', null, null, null, '1', null, null, null, null, null, null, null, null);
INSERT INTO person VALUES ('26', 'Carlos Henrique Bernardes', null, null, null, '1', null, null, null, null, null, null, null, null);
INSERT INTO person VALUES ('27', 'Carlos Henrique Souza', null, null, null, '1', null, null, null, null, null, null, null, null);
INSERT INTO person VALUES ('28', 'Carlos Rufino', null, null, null, '1', null, null, null, null, '19/05/2016', '19/05/2016', null, '');
INSERT INTO person VALUES ('29', 'Carlos Seki', null, null, null, '1', null, null, null, null, '05/05/2016', '05/05/2016', null, '');
INSERT INTO person VALUES ('30', 'Celso Felix', null, null, null, '1', null, null, null, null, null, null, null, null);
INSERT INTO person VALUES ('31', 'Daniel Carlos', null, null, null, '1', null, null, null, null, null, null, null, null);
INSERT INTO person VALUES ('32', 'Daniel de Lima Batista', null, null, null, '1', null, null, null, null, null, null, null, null);
INSERT INTO person VALUES ('33', 'Danilo Elias da Silva', null, null, null, '1', null, null, null, null, null, null, null, null);
INSERT INTO person VALUES ('34', 'Danilo Fonseca Martins', null, null, null, '1', null, null, null, null, '05/05/2016', '05/05/2016', null, '');
INSERT INTO person VALUES ('35', 'Davi (ITA)', null, null, null, '1', null, null, null, null, null, null, null, null);
INSERT INTO person VALUES ('36', 'Davi Lima de Mesquita', null, null, null, '1', null, null, null, null, '05/05/2016', '05/05/2016', null, '');
INSERT INTO person VALUES ('37', 'Davi Ramos de Araújo', null, null, null, '1', null, null, null, null, null, null, null, null);
INSERT INTO person VALUES ('38', 'David Amorim Serpa dos Santos', null, null, null, '1', null, null, null, null, '05/05/2016', '05/05/2016', null, '');
INSERT INTO person VALUES ('39', 'David Mendonça', null, null, null, '1', null, null, null, null, null, null, null, null);
INSERT INTO person VALUES ('40', 'David Nogueira', null, null, null, '1', null, null, null, null, '05/05/2016', '05/05/2016', null, '');
INSERT INTO person VALUES ('41', 'Denis Ogassawara', null, null, null, '1', null, null, null, null, '19/05/2016', '19/05/2016', null, '');
INSERT INTO person VALUES ('42', 'Diogo Ramos', null, null, null, '1', null, null, null, null, '17/08/2016', '17/08/2016', null, '');
INSERT INTO person VALUES ('43', 'Donizete Santana', null, null, null, '1', null, null, null, null, '29/06/2016', '29/06/2016', null, '');
INSERT INTO person VALUES ('44', 'Douglas Abreu', null, null, null, '1', null, null, null, null, null, null, null, null);
INSERT INTO person VALUES ('45', 'Douglas Felix', null, null, null, '1', null, null, null, null, '17/08/2016', null, null, '');
INSERT INTO person VALUES ('46', 'Douglas Nishiama', null, null, null, '1', null, null, null, null, null, null, null, null);
INSERT INTO person VALUES ('47', 'Edgar Peixoto', null, null, null, '1', null, null, null, null, null, null, null, null);
INSERT INTO person VALUES ('48', 'Eduardo Carvalho', null, null, null, '1', null, null, null, null, null, null, null, null);
INSERT INTO person VALUES ('49', 'Eduardo da Silva', null, null, null, '1', null, null, null, null, null, null, null, null);
INSERT INTO person VALUES ('50', 'Eduardo Facadio', null, null, null, '1', null, null, null, null, null, null, null, null);
INSERT INTO person VALUES ('51', 'Eduardo Grespan', null, null, null, '1', null, null, null, null, null, null, null, null);
INSERT INTO person VALUES ('52', 'Eduardo Longhini', null, null, null, '1', null, null, null, null, '05/05/2016', '05/05/2016', null, '');
INSERT INTO person VALUES ('53', 'Eduardo Rogério de Lima', null, null, null, '1', null, null, null, null, null, null, null, null);
INSERT INTO person VALUES ('54', 'Elton Gomes', null, null, null, '1', null, null, null, null, '19/05/2016', '19/05/2016', null, '');
INSERT INTO person VALUES ('55', 'Enzo Ribeiro', null, null, null, '1', null, null, null, null, '17/08/2016', null, null, '');
INSERT INTO person VALUES ('56', 'Eric Gomes Conrado', null, null, null, '1', null, null, null, null, null, null, null, null);
INSERT INTO person VALUES ('57', 'Erick Gonçalves de Lima', null, null, null, '1', null, null, null, null, '05/05/2016', '05/05/2016', null, '');
INSERT INTO person VALUES ('58', 'Erick Silva', null, null, null, '1', null, null, null, null, null, null, null, null);
INSERT INTO person VALUES ('59', 'Ernesto Resende', null, null, null, '1', null, null, null, null, null, null, null, null);
INSERT INTO person VALUES ('60', 'Fabiano Carvalho de Oliveira', null, null, null, '1', null, null, null, null, null, null, null, null);
INSERT INTO person VALUES ('61', 'Fabiano Dias', null, null, null, '1', null, null, null, null, null, null, null, null);
INSERT INTO person VALUES ('62', 'Fábio de Mello', null, null, null, '1', null, null, null, null, null, null, null, null);
INSERT INTO person VALUES ('63', 'Fábio Nahoto Saito', null, null, null, '1', null, null, null, null, null, null, null, null);
INSERT INTO person VALUES ('64', 'Fábio Oliveira', null, null, null, '1', null, null, null, null, '05/05/2016', '10/05/2016', null, '');
INSERT INTO person VALUES ('65', 'Fabrício Amaral Nunes da Silva', null, null, null, '1', null, null, null, null, '03/10/2016', '03/10/2016', null, '');
INSERT INTO person VALUES ('66', 'Felipe Alexandre', null, null, null, '1', null, null, null, null, null, null, null, null);
INSERT INTO person VALUES ('67', 'Felipe Alexandre Lima de Abreu', null, null, null, '1', null, null, null, null, null, null, null, null);
INSERT INTO person VALUES ('68', 'Felipe Bastos', null, null, null, '1', null, null, null, null, null, null, null, null);
INSERT INTO person VALUES ('69', 'Felipe Marino', null, null, null, '1', null, null, null, null, null, null, null, null);
INSERT INTO person VALUES ('70', 'Felipe Neder', null, null, null, '1', null, null, null, null, '05/05/2016', '05/05/2016', null, '');
INSERT INTO person VALUES ('71', 'Felipe Toyama', null, null, null, '1', null, null, null, null, null, null, null, null);
INSERT INTO person VALUES ('72', 'Felipe Villar', null, null, null, '1', null, null, null, null, null, null, null, null);
INSERT INTO person VALUES ('73', 'Flávio Marchi', null, null, null, '1', null, null, null, null, null, null, null, null);
INSERT INTO person VALUES ('74', 'Francisco Aveiro', null, null, null, '1', null, null, null, null, '05/05/2016', '05/05/2016', null, '');
INSERT INTO person VALUES ('75', 'Francisco Guilherme', null, null, null, '1', null, null, null, null, null, null, null, null);
INSERT INTO person VALUES ('76', 'Franklin Diniz', null, null, null, '1', null, null, null, null, '17/08/2016', null, null, '');
INSERT INTO person VALUES ('77', 'Gabriel (ITA)', null, null, null, '1', null, null, null, null, null, null, null, null);
INSERT INTO person VALUES ('78', 'Gabriel Azevedo', null, null, null, '1', null, null, null, null, null, null, null, null);
INSERT INTO person VALUES ('79', 'Gabriel Faria', null, null, null, '1', null, null, null, null, null, null, null, null);
INSERT INTO person VALUES ('80', 'Gabriel Gomes', null, null, null, '1', null, null, null, null, null, null, null, null);
INSERT INTO person VALUES ('81', 'Gabriel Kenji', null, null, null, '1', null, null, null, null, null, null, null, null);
INSERT INTO person VALUES ('82', 'Gabriel Lorenzi', null, null, null, '1', null, null, null, null, '05/05/2016', '05/05/2016', null, '');
INSERT INTO person VALUES ('83', 'Gabriel Luiz dos Santos', null, null, null, '1', null, null, null, null, null, null, null, null);
INSERT INTO person VALUES ('84', 'Gabriel MC', null, null, null, '1', null, null, null, null, null, null, null, null);
INSERT INTO person VALUES ('85', 'Gabriel Nogueira', null, null, null, '1', null, null, null, null, null, null, null, null);
INSERT INTO person VALUES ('86', 'Giorgio Ernesto Testoni', null, null, null, '1', null, null, null, null, null, null, null, null);
INSERT INTO person VALUES ('87', 'Giovanni Oteri', null, null, null, '1', null, null, null, null, null, null, null, null);
INSERT INTO person VALUES ('88', 'Giusepe Matheus Magalhães', null, null, null, '1', null, null, null, null, null, null, null, null);
INSERT INTO person VALUES ('89', 'Guilherme Akio', null, null, null, '1', null, null, null, null, null, null, null, null);
INSERT INTO person VALUES ('90', 'Guilherme Aveiro', null, null, null, '1', null, null, null, null, '10/09/2016', '10/09/2016', null, '');
INSERT INTO person VALUES ('91', 'Guilherme Carvalho', null, null, null, '1', null, null, null, null, null, null, null, null);
INSERT INTO person VALUES ('92', 'Guilherme Castellanos', null, null, null, '1', null, null, null, null, null, null, null, null);
INSERT INTO person VALUES ('93', 'Guilherme Costa Guimarães Fernandes', null, null, null, '1', null, null, null, null, '17/08/2016', '17/08/2016', null, null);
INSERT INTO person VALUES ('94', 'Guilherme Grespan', null, null, null, '1', null, null, null, null, null, null, null, null);
INSERT INTO person VALUES ('95', 'Guilherme Lorenzi', null, null, null, '1', null, null, null, null, null, null, null, null);
INSERT INTO person VALUES ('96', 'Guilherme Mendes da Silva', null, null, null, '1', null, null, null, null, null, null, null, null);
INSERT INTO person VALUES ('97', 'Guilherme Nakamura', null, null, null, '1', null, null, null, null, null, null, null, null);
INSERT INTO person VALUES ('98', 'Guilherme Prudente', null, null, null, '1', null, null, null, null, '19/05/2016', '19/05/2016', null, '');
INSERT INTO person VALUES ('99', 'Guilherme Ribeiro', null, null, null, '1', null, null, null, null, null, null, null, null);
INSERT INTO person VALUES ('100', 'Guilherme Villa', null, null, null, '1', null, null, null, null, null, null, null, null);
INSERT INTO person VALUES ('101', 'Guilherme Vinicius Gomes', null, null, null, '1', null, null, null, null, null, null, null, null);
INSERT INTO person VALUES ('102', 'Guilherme Zebral dos Santos', null, null, null, '1', null, null, null, null, '27/06/2016', '27/06/2016', null, '');
INSERT INTO person VALUES ('103', 'Guillherme Silveira', null, null, null, '1', null, null, null, null, null, null, null, null);
INSERT INTO person VALUES ('104', 'Gustavo Guerra', null, null, null, '1', null, null, null, null, null, null, null, null);
INSERT INTO person VALUES ('105', 'Gustavo Oki', null, null, null, '1', null, null, null, null, null, null, null, null);
INSERT INTO person VALUES ('106', 'Gustavo Rigueira Silva', null, null, null, '1', null, null, null, null, '17/08/2016', '17/08/2016', null, '');
INSERT INTO person VALUES ('107', 'Halef Karim', null, null, null, '1', null, null, null, null, null, null, null, null);
INSERT INTO person VALUES ('108', 'Helder Henrique Ferreira', null, null, null, '1', null, null, null, null, null, null, null, null);
INSERT INTO person VALUES ('109', 'Henrique Gasparini', null, null, null, '1', null, null, null, null, null, null, null, null);
INSERT INTO person VALUES ('110', 'Henrique Pacheco', null, null, null, '1', null, null, null, null, null, null, null, null);
INSERT INTO person VALUES ('111', 'Henrique Proglhöf', null, null, null, '1', null, null, null, null, null, null, null, null);
INSERT INTO person VALUES ('112', 'Hericson Rodrigo Medeiro de Almeida', null, null, null, '1', null, null, null, null, '05/05/2016', '05/05/2016', null, '');
INSERT INTO person VALUES ('113', 'Homero Barrocas', null, null, null, '1', null, null, null, null, null, null, null, null);
INSERT INTO person VALUES ('114', 'Igor Franzoni', null, null, null, '1', null, null, null, null, '18/12/2016', '18/12/2016', null, null);
INSERT INTO person VALUES ('115', 'Ivan Guilhon', null, null, null, '1', null, null, null, null, '10/05/2016', '10/05/2016', null, '');
INSERT INTO person VALUES ('116', 'Jaderson', null, null, null, '1', null, null, null, null, null, null, null, null);
INSERT INTO person VALUES ('117', 'Jardiel', null, null, null, '1', null, null, null, null, null, null, null, null);
INSERT INTO person VALUES ('118', 'Jasson', null, null, null, '1', null, null, null, null, null, null, null, null);
INSERT INTO person VALUES ('119', 'Jefferson Arimatéia', null, null, null, '1', null, null, null, null, null, null, null, null);
INSERT INTO person VALUES ('120', 'João Bezerra', null, null, null, '1', null, null, null, null, null, null, null, null);
INSERT INTO person VALUES ('121', 'João Carlos Pimentel da Silva', null, null, null, '1', null, null, null, null, null, null, null, null);
INSERT INTO person VALUES ('122', 'João Gabriel Máximo', null, null, null, '1', null, null, null, null, '17/08/2016', null, null, '');
INSERT INTO person VALUES ('123', 'João Marcos Miranda', null, null, null, '1', null, null, null, null, '19/05/2016', '19/05/2016', null, '');
INSERT INTO person VALUES ('124', 'João Marcos Viana da Costa', null, null, null, '1', null, null, null, null, null, null, null, null);
INSERT INTO person VALUES ('125', 'João Paulo', null, null, null, '1', null, null, null, null, null, null, null, null);
INSERT INTO person VALUES ('126', 'João Paulo (Lucas B.)', null, null, null, '1', null, null, null, null, null, null, null, null);
INSERT INTO person VALUES ('127', 'João Paulo Gonçalves', null, null, null, '1', null, null, null, null, null, null, null, null);
INSERT INTO person VALUES ('128', 'João Paulo Tavares', null, null, null, '1', null, null, null, null, null, null, null, null);
INSERT INTO person VALUES ('129', 'João Paulo Uchôa', null, null, null, '1', null, null, null, null, null, null, null, null);
INSERT INTO person VALUES ('130', 'João Pedro (Portela)', null, null, null, '1', null, null, null, null, null, null, null, null);
INSERT INTO person VALUES ('131', 'Jonas Bittencourt', null, null, null, '1', null, null, null, null, '05/05/2016', '05/05/2016', null, '');
INSERT INTO person VALUES ('132', 'Jonas Faria', null, null, null, '1', null, null, null, null, '05/05/2016', '06/05/2016', null, '');
INSERT INTO person VALUES ('133', 'José Carlos Costa', null, null, null, '1', null, null, null, null, null, null, null, null);
INSERT INTO person VALUES ('134', 'José de Oliveira', null, null, null, '1', null, null, null, null, null, null, null, null);
INSERT INTO person VALUES ('135', 'José Lucas de Alencar Saraiva', null, null, null, '1', null, null, null, null, '05/05/2016', '05/05/2016', null, '');
INSERT INTO person VALUES ('136', 'José Luís Moreira Arruda', null, null, null, '1', null, null, null, null, '17/08/2016', '17/08/2016', null, '');
INSERT INTO person VALUES ('137', 'José Maurício Cunha', null, null, null, '1', null, null, null, null, '17/08/2016', '17/08/2016', null, '');
INSERT INTO person VALUES ('138', 'José Negrin', null, null, null, '1', null, null, null, null, '19/05/2016', '19/05/2016', null, '');
INSERT INTO person VALUES ('139', 'Juliano', null, null, null, '1', null, null, null, null, null, null, null, null);
INSERT INTO person VALUES ('140', 'Júlio César Toledo Diniz', null, null, null, '1', null, null, null, null, null, null, null, null);
INSERT INTO person VALUES ('141', 'Júlio Kravszenko', null, null, null, '1', null, null, null, null, '17/08/2016', '18/08/2016', null, '');
INSERT INTO person VALUES ('142', 'Junior Nascimento', null, null, null, '1', null, null, null, null, '19/05/2016', '20/05/2016', null, '');
INSERT INTO person VALUES ('143', 'Kalil Gebrim Rodrigues', null, null, null, '1', null, null, null, null, '17/08/2016', '17/08/2016', null, '');
INSERT INTO person VALUES ('144', 'Kallel Goulart', null, null, null, '1', null, null, null, null, null, null, null, null);
INSERT INTO person VALUES ('145', 'Kayo França', null, null, null, '1', null, null, null, null, null, null, null, null);
INSERT INTO person VALUES ('146', 'Kevin Tanaka', null, null, null, '1', null, null, null, null, null, null, null, null);
INSERT INTO person VALUES ('147', 'Leonardo Cardoso', null, null, null, '1', null, null, null, null, '17/08/2016', null, null, '');
INSERT INTO person VALUES ('148', 'Leonardo de Aquino Valentim', null, null, null, '1', null, null, null, null, null, null, null, null);
INSERT INTO person VALUES ('149', 'Leonardo Nogueira', null, null, null, '1', null, null, null, null, null, null, null, null);
INSERT INTO person VALUES ('150', 'Lucas Antonio Maciel', null, null, null, '1', null, null, null, null, null, null, null, null);
INSERT INTO person VALUES ('151', 'Lucas Benedito Nunes', null, null, null, '1', null, null, null, null, '19/05/2016', '19/05/2016', null, '');
INSERT INTO person VALUES ('152', 'Lucas Farias', null, null, null, '1', null, null, null, null, null, null, null, null);
INSERT INTO person VALUES ('153', 'Lucas França', null, null, null, '1', null, null, null, null, null, null, null, null);
INSERT INTO person VALUES ('154', 'Lucas G. Cunha', null, null, null, '1', null, null, null, null, null, null, null, null);
INSERT INTO person VALUES ('155', 'Lucas Gonçalves de Campos', null, null, null, '1', null, null, null, null, null, null, null, null);
INSERT INTO person VALUES ('156', 'Lucas Inácio da Luz', null, null, null, '1', null, null, null, null, null, null, null, null);
INSERT INTO person VALUES ('157', 'Lucas Moura Santana', null, null, null, '1', null, null, null, null, '17/08/2016', '17/08/2016', null, '');
INSERT INTO person VALUES ('158', 'Lucas Nascimento Silva', null, null, null, '1', null, null, null, null, '05/05/2016', '14/05/2016', null, '');
INSERT INTO person VALUES ('159', 'Lucas Oliveira', null, null, null, '1', null, null, null, null, null, null, null, null);
INSERT INTO person VALUES ('160', 'Lucas Robatto', null, null, null, '1', null, null, null, null, null, null, null, null);
INSERT INTO person VALUES ('161', 'Lucas Rodrigues', null, null, null, '1', null, null, null, null, null, null, null, null);
INSERT INTO person VALUES ('162', 'Lucas Sousa ', null, null, null, '1', null, null, null, null, null, null, null, null);
INSERT INTO person VALUES ('163', 'Lucas Valentim', null, null, null, '1', null, null, null, null, '05/05/2016', '05/05/2016', null, '');
INSERT INTO person VALUES ('164', 'Lucca', null, null, null, '1', null, null, null, null, null, null, null, null);
INSERT INTO person VALUES ('165', 'Luís Guilherme Medeiros', null, null, null, '1', null, null, null, null, null, null, null, null);
INSERT INTO person VALUES ('166', 'Luis Meazzini', null, null, null, '1', null, null, null, null, null, null, null, null);
INSERT INTO person VALUES ('167', 'Luis Fernando Ramos', null, null, null, '1', null, null, null, null, null, null, null, null);
INSERT INTO person VALUES ('168', 'Luiz Belderrain', null, null, null, '1', null, null, null, null, null, null, null, null);
INSERT INTO person VALUES ('169', 'Luiz Pizano Fonseca', null, null, null, '1', null, null, null, null, '17/08/2016', '17/08/2016', null, '');
INSERT INTO person VALUES ('170', 'Luiz Soranço', null, null, null, '1', null, null, null, null, null, null, null, null);
INSERT INTO person VALUES ('171', 'Marcelo Cavazzoni', null, null, null, '1', null, null, null, null, '17/08/2016', '17/08/2016', null, '');
INSERT INTO person VALUES ('172', 'Marcelo Florêncio', null, null, null, '1', null, null, null, null, null, null, null, null);
INSERT INTO person VALUES ('173', 'Marcelo Sobral', null, null, null, '1', null, null, null, null, null, null, null, null);
INSERT INTO person VALUES ('174', 'Márcio Fernando', null, null, null, '1', null, null, null, null, null, null, null, null);
INSERT INTO person VALUES ('175', 'Márcio Fernando (ITA)', null, null, null, '1', null, null, null, null, null, null, null, null);
INSERT INTO person VALUES ('176', 'Marcos Aurélio Zamith', null, null, null, '1', null, null, null, null, '03/10/2016', '03/10/2016', null, '');
INSERT INTO person VALUES ('177', 'Marcus Silva', null, null, null, '1', null, null, null, null, null, null, null, null);
INSERT INTO person VALUES ('178', 'Marcus Vinício', null, null, null, '1', null, null, null, null, null, null, null, null);
INSERT INTO person VALUES ('179', 'Mário André Peixoto', null, null, null, '1', null, null, null, null, '17/08/2016', '17/08/2016', null, '');
INSERT INTO person VALUES ('180', 'Mário Lúcio Magela ', null, null, null, '1', null, null, null, null, null, null, null, null);
INSERT INTO person VALUES ('181', 'Mateus Aguiar', null, null, null, '1', null, null, null, null, null, null, null, null);
INSERT INTO person VALUES ('182', 'Mateus Menezes Coelho', null, null, null, '1', null, null, null, null, null, null, null, null);
INSERT INTO person VALUES ('183', 'Mateus Romani', null, null, null, '1', null, null, null, null, '05/05/2016', '05/05/2016', null, '');
INSERT INTO person VALUES ('184', 'Matheus Alexandre ', null, null, null, '1', null, null, null, null, null, null, null, null);
INSERT INTO person VALUES ('185', 'Matheus Chaves', null, null, null, '1', null, null, null, null, null, null, null, null);
INSERT INTO person VALUES ('186', 'Matheus H. Gomes Monteiro', null, null, null, '1', null, null, null, null, '05/05/2016', '05/05/2016', null, '');
INSERT INTO person VALUES ('187', 'Matheus Henrique Gomes', null, null, null, '1', null, null, null, null, null, null, null, null);
INSERT INTO person VALUES ('188', 'Matheus Hideki', null, null, null, '1', null, null, null, null, '05/05/2016', '05/05/2016', null, '');
INSERT INTO person VALUES ('189', 'Matheus Padilha Faria Miranda', null, null, null, '1', null, null, null, null, null, null, null, null);
INSERT INTO person VALUES ('190', 'Matheus Stefano', null, null, null, '1', null, null, null, null, null, null, null, null);
INSERT INTO person VALUES ('191', 'Maurício Avelino', null, null, null, '1', null, null, null, null, '05/05/2016', '05/05/2016', null, '');
INSERT INTO person VALUES ('192', 'Michel Reis', null, null, null, '1', null, null, null, null, null, null, null, null);
INSERT INTO person VALUES ('193', 'Murilo Pacheco', null, null, null, '1', null, null, null, null, null, null, null, null);
INSERT INTO person VALUES ('194', 'Neimar Juliano Albano', null, null, null, '1', null, null, null, null, null, null, null, null);
INSERT INTO person VALUES ('195', 'Nicolas Fernandes', null, null, null, '1', null, null, null, null, null, null, null, null);
INSERT INTO person VALUES ('196', 'Nicolas Frota', null, null, null, '1', null, null, null, null, null, null, null, null);
INSERT INTO person VALUES ('197', 'Oseias', null, null, null, '1', null, null, null, null, null, null, null, null);
INSERT INTO person VALUES ('198', 'Patrick Korny', null, null, null, '1', null, null, null, null, null, null, null, null);
INSERT INTO person VALUES ('199', 'Paulo Bassani ', null, null, null, '1', null, null, null, null, '17/08/2016', null, null, '');
INSERT INTO person VALUES ('200', 'Paulo Emílio', null, null, null, '1', null, null, null, null, null, null, null, null);
INSERT INTO person VALUES ('201', 'Paulo Sérgio Junior', null, null, null, '1', null, null, null, null, null, null, null, null);
INSERT INTO person VALUES ('202', 'Paulo Tiago', null, null, null, '1', null, null, null, null, null, null, null, null);
INSERT INTO person VALUES ('203', 'Pedro (Portela)', null, null, null, '1', null, null, null, null, null, null, null, null);
INSERT INTO person VALUES ('204', 'Pedro Augusto Arantes', null, null, null, '1', null, null, null, null, null, null, null, null);
INSERT INTO person VALUES ('205', 'Pedro Augusto Moreira', null, null, null, '1', null, null, null, null, null, null, null, null);
INSERT INTO person VALUES ('206', 'Pedro Bittencourt', null, null, null, '1', null, null, null, null, null, null, null, null);
INSERT INTO person VALUES ('207', 'Pedro Camarotti', null, null, null, '1', null, null, null, null, null, null, null, null);
INSERT INTO person VALUES ('208', 'Pedro Henrique Alves', null, null, null, '1', null, null, null, null, null, null, null, null);
INSERT INTO person VALUES ('209', 'Pedro Jun', null, null, null, '1', null, null, null, null, null, null, null, null);
INSERT INTO person VALUES ('210', 'Pedro Justo', null, null, null, '1', null, null, null, null, null, null, null, null);
INSERT INTO person VALUES ('211', 'Pedro Lucas Rocha', null, null, null, '1', null, null, null, null, '05/05/2016', '05/05/2016', null, '');
INSERT INTO person VALUES ('212', 'Pedro Henrique Máximo', null, null, null, '1', null, null, null, null, '17/08/2016', null, null, '');
INSERT INTO person VALUES ('213', 'Pedro Vilhena', null, null, null, '1', null, null, null, null, null, null, null, null);
INSERT INTO person VALUES ('214', 'Pedro Yuri Paiva', null, null, null, '1', null, null, null, null, '05/08/2016', '05/08/2016', null, '');
INSERT INTO person VALUES ('215', 'Rafael Aquino', null, null, null, '1', null, null, null, null, null, null, null, null);
INSERT INTO person VALUES ('216', 'Rafael Carvalho', null, null, null, '1', null, null, null, null, '24/10/2016', '24/10/2016', null, null);
INSERT INTO person VALUES ('217', 'Raphael Faquineti André', null, null, null, '1', null, null, null, null, '19/05/2016', '19/05/2016', null, '');
INSERT INTO person VALUES ('218', 'Rafael Froner', null, null, null, '1', null, null, null, null, null, null, null, null);
INSERT INTO person VALUES ('219', 'Rafael Lopes', null, null, null, '1', null, null, null, null, null, null, null, null);
INSERT INTO person VALUES ('220', 'Rafael Luiz dos Santos', null, null, null, '1', null, null, null, null, null, null, null, null);
INSERT INTO person VALUES ('221', 'Rafael Rabelo', null, null, null, '1', null, null, null, null, null, null, null, null);
INSERT INTO person VALUES ('222', 'Rafael Ribeiro', null, null, null, '1', null, null, null, null, null, null, null, null);
INSERT INTO person VALUES ('223', 'Rafael Villa', null, null, null, '1', null, null, null, null, null, null, null, null);
INSERT INTO person VALUES ('224', 'Raphael Bueno Guedes', null, null, null, '1', null, null, null, null, '05/05/2016', '05/05/2016', null, '');
INSERT INTO person VALUES ('225', 'Raphael Vieira dos Santos', null, null, null, '1', null, null, null, null, null, null, null, null);
INSERT INTO person VALUES ('226', 'Raul Felix', null, null, null, '1', null, null, null, null, '17/08/2016', null, null, '');
INSERT INTO person VALUES ('227', 'Raul Lemos', null, null, null, '1', null, null, null, null, '19/05/2016', '25/12/2016', null, 'não aceitou o convite');
INSERT INTO person VALUES ('228', 'Renan Souza Toledo', null, null, null, '1', null, null, null, null, '05/05/2016', '05/05/2016', null, '');
INSERT INTO person VALUES ('229', 'Renê Ribeiro', null, null, null, '1', null, null, null, null, '05/05/2016', '05/05/2016', null, '');
INSERT INTO person VALUES ('230', 'Roberto Chaves Cavalcante', null, null, null, '1', null, null, null, null, null, null, null, null);
INSERT INTO person VALUES ('231', 'Rodrigo Cartaxo', null, null, null, '1', null, null, null, null, '05/05/2016', '05/05/2016', null, '');
INSERT INTO person VALUES ('232', 'Rodrigo Floriano', null, null, null, '1', null, null, null, null, null, null, null, null);
INSERT INTO person VALUES ('233', 'Rodrigo Iwashita', null, null, null, '1', null, null, null, null, null, null, null, null);
INSERT INTO person VALUES ('234', 'Rodrigo Marques', null, null, null, '1', null, null, null, null, '17/08/2016', '17/08/2016', null, '');
INSERT INTO person VALUES ('235', 'Rodrigo Primiceri', null, null, null, '1', null, null, null, null, null, null, null, null);
INSERT INTO person VALUES ('236', 'Rondinei Pereira', null, null, null, '1', null, null, null, null, null, null, null, null);
INSERT INTO person VALUES ('237', 'Samuel Cerqueira Pinto', null, null, null, '1', null, null, null, null, '17/08/2016', '17/08/2016', null, '');
INSERT INTO person VALUES ('238', 'Samuel Strazzer', null, null, null, '1', null, null, null, null, null, null, null, null);
INSERT INTO person VALUES ('239', 'Sérgio Dener Simões Donizete', null, null, null, '1', null, null, null, null, null, null, null, null);
INSERT INTO person VALUES ('240', 'Suny Watanabe', null, null, null, '1', null, null, null, null, null, null, null, null);
INSERT INTO person VALUES ('241', 'Tales (Guilherme Vinicius)', null, null, null, '1', null, null, null, null, null, null, null, null);
INSERT INTO person VALUES ('242', 'Tariq', null, null, null, '1', null, null, null, null, null, null, null, null);
INSERT INTO person VALUES ('243', 'Técio', null, null, null, '1', null, null, null, null, null, null, null, null);
INSERT INTO person VALUES ('244', 'Téssio Perotti', null, null, null, '1', null, null, null, null, null, null, null, null);
INSERT INTO person VALUES ('245', 'Thales Augusto Pereira', null, null, null, '1', null, null, null, null, null, null, null, null);
INSERT INTO person VALUES ('246', 'Thiago Baumgratz', null, null, null, '1', null, null, null, null, null, null, null, null);
INSERT INTO person VALUES ('247', 'Thiago Pereira Diniz Silva', null, null, null, '1', null, null, null, null, '19/05/2016', '23/05/2016', null, '');
INSERT INTO person VALUES ('248', 'Thiago Portela', null, null, null, '1', null, null, null, null, null, null, null, null);
INSERT INTO person VALUES ('249', 'Thiago Vilhena', null, null, null, '1', null, null, null, null, null, null, null, null);
INSERT INTO person VALUES ('250', 'Thomas Fisch', null, null, null, '1', null, null, null, null, null, null, null, null);
INSERT INTO person VALUES ('251', 'Thomas Teixeira', null, null, null, '1', null, null, null, null, '19/05/2016', '09/11/2016', null, null);
INSERT INTO person VALUES ('252', 'Tiago (Flavinho)', null, null, null, '1', null, null, null, null, null, null, null, null);
INSERT INTO person VALUES ('253', 'Tiago Soares', null, null, null, '1', null, null, null, null, null, null, null, null);
INSERT INTO person VALUES ('254', 'Victor Araújo', null, null, null, '1', null, null, null, null, null, null, null, null);
INSERT INTO person VALUES ('255', 'Victor de Souza Bonfim', null, null, null, '1', null, null, null, null, '05/05/2016', '06/05/2016', null, '');
INSERT INTO person VALUES ('256', 'Victor Jucá', null, null, null, '1', null, null, null, null, '17/08/2016', '18/08/2016', null, '');
INSERT INTO person VALUES ('257', 'Victor Montalvão', null, null, null, '1', null, null, null, null, null, null, null, null);
INSERT INTO person VALUES ('258', 'Vinicius ', null, null, null, '1', null, null, null, null, null, null, null, null);
INSERT INTO person VALUES ('259', 'Vinicius Duarte', null, null, null, '1', null, null, null, null, '17/08/2016', '17/08/2016', null, '');
INSERT INTO person VALUES ('260', 'Vinicius Gonçalves', null, null, null, '1', null, null, null, null, null, null, null, null);
INSERT INTO person VALUES ('261', 'Vinícius Pereira', null, null, null, '1', null, null, null, null, null, null, null, null);
INSERT INTO person VALUES ('262', 'Vitor (Lucas B.)', null, null, null, '1', null, null, null, null, null, null, null, null);
INSERT INTO person VALUES ('263', 'Vitor Montalvão', null, null, null, '1', null, null, null, null, null, null, null, null);
INSERT INTO person VALUES ('264', 'Vitor Yuti', null, null, null, '1', null, null, null, null, null, null, null, null);
INSERT INTO person VALUES ('265', 'Wesley', null, null, null, '1', null, null, null, null, null, null, null, null);
INSERT INTO person VALUES ('266', 'William Pinho', null, null, null, '1', null, null, null, null, null, null, null, null);
INSERT INTO person VALUES ('267', 'Yagner', null, null, null, '1', null, null, null, null, null, null, null, null);
INSERT INTO person VALUES ('268', 'Yitzhak', null, null, null, '1', null, null, null, null, null, null, null, null);
INSERT INTO person VALUES ('269', 'Daniel Pestana', null, null, null, '1', null, null, null, null, null, null, null, null);
INSERT INTO person VALUES ('270', 'João Paulo Murta Alves', null, null, null, '1', null, null, null, null, null, null, null, null);
INSERT INTO person VALUES ('271', 'João Vitor Parente', null, null, null, '1', null, null, null, null, '22/05/2016', '22/05/2016', null, null);
INSERT INTO person VALUES ('272', 'Murilo Zebral dos Santos', null, null, null, '1', null, null, null, null, null, null, null, null);
INSERT INTO person VALUES ('273', 'Fabrício Santos Flauzino', null, null, null, '1', null, null, null, null, '01/06/2016', '03/06/2016', null, '');
INSERT INTO person VALUES ('274', 'José Lucas', null, null, null, '1', null, null, null, null, null, null, null, null);
INSERT INTO person VALUES ('275', 'Pedro Bernardes', null, null, null, '1', null, null, null, null, null, null, null, null);
INSERT INTO person VALUES ('276', 'Alex Henrique Gusmão Freitas', null, null, null, '1', null, null, null, null, null, null, null, null);
INSERT INTO person VALUES ('277', 'André Gracioso', null, null, null, '1', null, null, null, null, null, null, null, null);
INSERT INTO person VALUES ('278', 'Armando de Sousa R. Modenes', null, null, null, '1', null, null, null, null, null, null, null, null);
INSERT INTO person VALUES ('279', 'Arthur Barbosa Silva', null, null, null, '1', null, null, null, null, null, null, null, null);
INSERT INTO person VALUES ('280', 'João Marcelo Aguiar Pereira', null, null, null, '1', null, null, null, null, '05/05/2016', '05/05/2016', null, '');
INSERT INTO person VALUES ('281', 'Luciano Leal', null, null, null, '1', null, null, null, null, null, null, null, null);
INSERT INTO person VALUES ('282', 'Wesley Vinicius', null, null, null, '1', null, null, null, null, null, null, null, null);
INSERT INTO person VALUES ('283', 'Willian Bittencourt Ribeiro', null, null, null, '1', null, null, null, null, '05/05/2016', '05/05/2016', null, '');
INSERT INTO person VALUES ('284', 'Danilo Gustavo da Silva', null, null, null, '1', null, null, null, null, null, null, null, null);
INSERT INTO person VALUES ('285', 'Eduardo Marques', null, null, null, '1', null, null, null, null, null, null, null, null);
INSERT INTO person VALUES ('286', 'Heitor Campos', null, null, null, '1', null, null, null, null, null, null, null, null);
INSERT INTO person VALUES ('287', 'Rafael Oliveira Andrade', null, null, null, '1', null, null, null, null, null, null, null, null);
INSERT INTO person VALUES ('288', 'Sydney Santos', null, null, null, '1', null, null, null, null, null, null, null, null);
INSERT INTO person VALUES ('289', 'Igor César de Lima', null, null, null, '1', null, null, null, null, null, null, null, null);
INSERT INTO person VALUES ('290', 'Nathan Galvão', null, null, null, '1', null, null, null, null, null, null, null, null);
INSERT INTO person VALUES ('291', 'Tibor', null, null, null, '1', null, null, null, null, null, null, null, null);
INSERT INTO person VALUES ('292', 'João Guilherme Bidóia de Lima', null, null, null, '1', null, null, null, null, null, null, null, null);
INSERT INTO person VALUES ('293', 'Abel França Malinverno', null, null, null, '1', null, null, null, null, null, null, null, null);
INSERT INTO person VALUES ('295', 'Leonardo Mendes', null, null, null, '1', null, null, null, null, null, null, null, null);
INSERT INTO person VALUES ('296', 'Rian', null, null, null, '1', null, null, null, null, null, null, null, null);
INSERT INTO person VALUES ('297', 'Joel Pereira das Neves', null, null, null, '1', null, null, null, null, null, null, null, null);
INSERT INTO person VALUES ('298', 'André Eugênio', null, null, null, '1', null, null, null, null, null, null, null, null);
INSERT INTO person VALUES ('299', 'Artur Covatti', null, null, null, '1', null, null, null, null, null, null, null, null);
INSERT INTO person VALUES ('300', 'Danilo Nossa', null, null, null, '1', null, null, null, null, '19/05/2016', '19/05/2016', null, '');
INSERT INTO person VALUES ('301', 'Diogo Modesto', null, null, null, '1', null, null, null, null, null, null, null, null);
INSERT INTO person VALUES ('302', 'Gabriel José Ferreira Lopes', null, null, null, '1', null, null, null, null, '28/05/2016', '28/05/2016', null, '');
INSERT INTO person VALUES ('303', 'Gabriel Lemes Justino', null, null, null, '1', null, null, null, null, '21/05/2016', '21/05/2016', null, '');
INSERT INTO person VALUES ('304', 'Giovani Machado', null, null, null, '1', null, null, null, null, null, null, null, null);
INSERT INTO person VALUES ('306', 'Jonas Rodrigues', null, null, null, '1', null, null, null, null, '24/05/2016', '24/05/2016', null, '');
INSERT INTO person VALUES ('307', 'Lucas Aguiar Pereira', null, null, null, '1', null, null, null, null, null, null, null, null);
INSERT INTO person VALUES ('308', 'Marcos Diniz', null, null, null, '1', null, null, null, null, null, null, null, null);
INSERT INTO person VALUES ('309', 'Maurício Resende', null, null, null, '1', null, null, null, null, null, null, null, null);
INSERT INTO person VALUES ('310', 'Thomas Guedes', null, null, null, '1', null, null, null, null, '21/09/2016', '21/09/2016', null, '');
INSERT INTO person VALUES ('311', 'Pedro Santiago', null, null, null, '1', null, null, null, null, null, null, null, null);
INSERT INTO person VALUES ('312', 'Eduardo Dias', null, null, null, '1', null, null, null, null, '03/06/2016', '03/06/2016', null, '');
INSERT INTO person VALUES ('313', 'Caio Negreiros', null, null, null, '1', null, null, null, null, '17/08/2016', '17/08/2016', null, '');
INSERT INTO person VALUES ('314', 'Brendo Yugi Katagi', null, null, null, '1', null, null, null, null, '17/08/2016', '17/08/2016', null, '');
INSERT INTO person VALUES ('315', 'Vinicius Lazaroti da Silva', null, null, null, '1', null, null, null, null, '03/06/2016', '03/06/2016', null, '');
INSERT INTO person VALUES ('316', 'André Luiz da Silva', null, null, null, '1', null, null, null, null, null, null, null, null);
INSERT INTO person VALUES ('317', 'Gustavo Loureiro dos Reis', null, null, null, '1', null, null, null, null, null, null, null, null);
INSERT INTO person VALUES ('318', 'Hilton', null, null, null, '1', null, null, null, null, null, null, null, null);
INSERT INTO person VALUES ('319', 'Natanel Davi', null, null, null, '1', null, null, null, null, null, null, null, null);
INSERT INTO person VALUES ('320', 'Lucas Campos', null, null, null, '1', null, null, null, null, '29/08/2016', '29/08/2016', null, '');
INSERT INTO person VALUES ('321', 'Thiago Acessor', null, null, null, '1', null, null, null, null, '06/06/2016', '06/06/2016', null, '');
INSERT INTO person VALUES ('322', 'Lucca Grandinetti', null, null, null, '1', null, null, null, null, '13/08/2016', '15/08/2016', null, '');
INSERT INTO person VALUES ('323', 'Caio Gomes de Figueredo', null, null, null, '1', null, null, null, null, '22/10/2016', '22/10/2016', null, '');
INSERT INTO person VALUES ('324', 'Glauber de Farias Martins', null, null, null, '1', null, null, null, null, '05/09/2016', '05/09/2016', null, '');
INSERT INTO person VALUES ('326', 'Jefferson Colaço', null, null, null, '1', null, null, null, null, null, null, null, null);
INSERT INTO person VALUES ('327', 'José Faria Neto', null, null, null, '1', null, null, null, null, null, null, null, null);
INSERT INTO person VALUES ('328', 'Mateus Leite', null, null, null, '1', null, null, null, null, null, null, null, null);
INSERT INTO person VALUES ('329', 'Yves Alvim', null, null, null, '1', null, null, null, null, '02/12/2016', '02/12/2016', null, null);
INSERT INTO person VALUES ('330', 'Guilherme H. Vilela Santos', null, null, null, '1', null, null, null, null, null, null, null, null);
INSERT INTO person VALUES ('331', 'Marcos Vinicius', null, null, null, '1', null, null, null, null, null, null, null, null);
INSERT INTO person VALUES ('332', 'Luan Barros de Oliveira', null, null, null, '1', null, null, null, null, null, null, null, null);
INSERT INTO person VALUES ('333', 'Lucas de Paiva Ribeiro', null, null, null, '1', null, null, null, null, null, null, null, null);
INSERT INTO person VALUES ('334', 'Pedro Gabriel', null, null, null, '1', null, null, null, null, null, null, null, null);
INSERT INTO person VALUES ('335', 'Rodrigo Carvalho', null, null, null, '1', null, null, null, null, null, null, null, null);
INSERT INTO person VALUES ('336', 'Alexandre Liiberal', null, null, null, '1', null, null, null, null, null, null, null, null);
INSERT INTO person VALUES ('337', 'Francisco Assis', null, null, null, '1', null, null, null, null, null, null, null, null);
INSERT INTO person VALUES ('338', 'Diego B. Lima', null, null, null, '1', null, null, null, null, null, null, null, null);
INSERT INTO person VALUES ('339', 'Julio Cesar Ferreira', null, null, null, '1', null, null, null, null, null, null, null, null);
INSERT INTO person VALUES ('340', 'Breno Torres', null, null, null, '1', null, null, null, null, null, null, null, null);
INSERT INTO person VALUES ('341', 'Diego Alves Leite', null, null, null, '1', null, null, null, null, null, null, null, null);
INSERT INTO person VALUES ('342', 'Carlos Alonso', null, null, null, '1', null, null, null, null, null, '05/05/2016', null, 'adicionado sem convite');
INSERT INTO person VALUES ('343', 'Eliseu Boer', null, null, null, '1', null, null, null, null, null, '05/05/2016', null, 'adicionado sem convite');
INSERT INTO person VALUES ('344', 'Evandro Sinisgalli', null, null, null, '1', null, null, null, null, null, '05/05/2016', null, 'adicionado sem convite');
INSERT INTO person VALUES ('345', 'Fernando Masanori', null, null, null, '1', null, null, null, null, null, '05/05/2016', null, 'adicionado sem convite');
INSERT INTO person VALUES ('346', 'Ivan Balducii', null, null, null, '1', null, null, null, null, null, '05/05/2016', null, 'adicionado sem convite');
INSERT INTO person VALUES ('347', 'Marcelo Saba', null, null, null, '1', null, null, null, null, null, '05/05/2016', null, 'adicionado sem convite');
INSERT INTO person VALUES ('348', 'Matheus Mascarenhas', null, null, null, '1', null, null, null, null, null, '05/05/2016', null, 'adicionado sem convite');
INSERT INTO person VALUES ('349', 'Pe. Cesário Motta', null, null, null, '1', null, null, null, null, null, '05/05/2016', null, 'adicionado sem convite');
INSERT INTO person VALUES ('350', 'Pe. Guilherme Ximenes', null, null, null, '1', null, null, null, null, null, '05/05/2016', null, 'adicionado sem convite');
INSERT INTO person VALUES ('351', 'Jonas Lemos', null, null, null, '1', null, null, null, null, null, '10/05/2016', null, 'adicionado sem convite');
INSERT INTO person VALUES ('352', 'Ronaldo Pelá', null, null, null, '1', null, null, null, null, null, '11/05/2016', null, 'adicionado sem convite');
INSERT INTO person VALUES ('353', 'Tânia Maria Carvalho de Paula', null, null, null, '1', null, null, null, null, '05/05/2016', '05/05/2016', null, null);
INSERT INTO person VALUES ('354', 'Felipe Marmiti', null, null, null, '1', null, null, null, null, '04/11/2016', '05/11/2016', null, null);
INSERT INTO person VALUES ('355', 'Guilherme de Paula Santos', null, null, null, '1', null, null, null, null, null, null, null, null);
INSERT INTO person VALUES ('356', 'Vinicius Peluso', null, null, null, '1', null, null, null, null, '31/10/2016', '31/10/2016', null, null);
INSERT INTO person VALUES ('357', 'Alexandre Toshio', null, null, null, '1', null, null, null, null, '30/11/2016', '30/11/2016', null, null);
INSERT INTO person VALUES ('358', 'Igor Cesar Ribeiro', null, null, null, '1', null, null, null, null, '06/12/2016', '07/12/2016', null, null);
INSERT INTO person VALUES ('359', 'José Adalberto de Paula', null, null, null, '1', null, null, null, null, '20/12/2016', '20/12/2016', null, null);

-- ----------------------------
-- Table structure for `share`
-- ----------------------------
DROP TABLE IF EXISTS `share`;
CREATE TABLE `share` (
  `id` bigint(20) NOT NULL,
  `user_id` bigint(20) NOT NULL,
  `activity_id` bigint(20) NOT NULL,
  `type` char(255) NOT NULL,
  PRIMARY KEY (`id`),
  KEY `fk_share_user1_idx` (`user_id`),
  KEY `fk_share_activity1_idx` (`activity_id`),
  CONSTRAINT `fk_share_activity1` FOREIGN KEY (`activity_id`) REFERENCES `activity` (`id`) ON DELETE NO ACTION ON UPDATE NO ACTION,
  CONSTRAINT `fk_share_user1` FOREIGN KEY (`user_id`) REFERENCES `user` (`id`) ON DELETE NO ACTION ON UPDATE NO ACTION
) ENGINE=InnoDB DEFAULT CHARSET=latin1;

-- ----------------------------
-- Records of share
-- ----------------------------
INSERT INTO share VALUES ('1', '1', '1', 'O');
INSERT INTO share VALUES ('2', '1', '2', 'O');
INSERT INTO share VALUES ('3', '1', '3', 'O');
INSERT INTO share VALUES ('4', '1', '4', 'O');
INSERT INTO share VALUES ('5', '1', '5', 'O');
INSERT INTO share VALUES ('6', '1', '6', 'O');
INSERT INTO share VALUES ('7', '1', '7', 'O');
INSERT INTO share VALUES ('8', '1', '8', 'O');

-- ----------------------------
-- Table structure for `user`
-- ----------------------------
DROP TABLE IF EXISTS `user`;
CREATE TABLE `user` (
  `id` bigint(20) NOT NULL,
  `username` varchar(255) NOT NULL,
  `name` varchar(255) NOT NULL,
  `mail` varchar(255) NOT NULL,
  PRIMARY KEY (`id`)
) ENGINE=InnoDB DEFAULT CHARSET=latin1;

-- ----------------------------
-- Records of user
-- ----------------------------
INSERT INTO user VALUES ('1', 'adrinaocarv', 'Adriano Carvalho de Paula', 'adrianocarv@gmail.com');

-- ----------------------------
-- View structure for `vw_1_4_meses`
-- ----------------------------
DROP VIEW IF EXISTS `vw_1_4_meses`;
CREATE ALGORITHM=UNDEFINED DEFINER=`root`@`localhost` SQL SECURITY DEFINER VIEW `vw_1_4_meses` AS select `p`.`id` AS `id`,`p`.`name` AS `name`,`p`.`mail` AS `mail`,`p`.`phone` AS `phone`,`p`.`birthday` AS `birthday`,`p`.`wa_guest` AS `wa_guest`,`p`.`wa_entered` AS `wa_entered`,`p`.`tag1` AS `tag1`,`p`.`tag2` AS `tag2`,`p`.`tag3` AS `tag3`,`p`.`tag4` AS `tag4`,`p`.`entity_id` AS `entity_id`,(select count(0) AS `count(*)` from `attendance` `a` where ((`a`.`activity_id` = 1) and ((to_days(curdate()) - to_days(`a`.`date`)) < 120) and (`a`.`person_id` = `p`.`id`))) AS `4 desp`,(select count(0) AS `count(*)` from `attendance` `a` where ((`a`.`activity_id` = 2) and ((to_days(curdate()) - to_days(`a`.`date`)) < 120) and (`a`.`person_id` = `p`.`id`))) AS `4 medit`,(select count(0) AS `count(*)` from `attendance` `a` where ((`a`.`activity_id` = 3) and ((to_days(curdate()) - to_days(`a`.`date`)) < 120) and (`a`.`person_id` = `p`.`id`))) AS `4 reco`,(select count(0) AS `count(*)` from `attendance` `a` where ((`a`.`activity_id` = 4) and ((to_days(curdate()) - to_days(`a`.`date`)) < 120) and (`a`.`person_id` = `p`.`id`))) AS `4 cbd`,(select count(0) AS `count(*)` from `attendance` `a` where ((`a`.`activity_id` = 5) and ((to_days(curdate()) - to_days(`a`.`date`)) < 120) and (`a`.`person_id` = `p`.`id`))) AS `4 cateq`,(select count(0) AS `count(*)` from `attendance` `a` where ((`a`.`activity_id` = 6) and ((to_days(curdate()) - to_days(`a`.`date`)) < 120) and (`a`.`person_id` = `p`.`id`))) AS `4 círculo`,(select count(0) AS `count(*)` from `attendance` `a` where ((`a`.`activity_id` = 9) and ((to_days(curdate()) - to_days(`a`.`date`)) < 120) and (`a`.`person_id` = `p`.`id`))) AS `4 vpv`,(select max(`a`.`date`) AS `max(date)` from `attendance` `a` where ((`a`.`activity_id` = 7) and (`a`.`person_id` = `p`.`id`))) AS `Último crt`,(select max(`a`.`date`) AS `max(date)` from `attendance` `a` where ((`a`.`activity_id` = 8) and (`a`.`person_id` = `p`.`id`))) AS `Último cv` from `person` `p` where (`p`.`entity_id` = 1);

-- ----------------------------
-- View structure for `vw_1_attendance`
-- ----------------------------
DROP VIEW IF EXISTS `vw_1_attendance`;
CREATE ALGORITHM=UNDEFINED DEFINER=`root`@`localhost` SQL SECURITY DEFINER VIEW `vw_1_attendance` AS select `a`.`person_id` AS `person_id`,`p`.`name` AS `name`,`a`.`activity_id` AS `activity_id`,`v`.`name` AS `activity`,`a`.`date` AS `date`,`a`.`id` AS `id` from ((`attendance` `a` join `person` `p`) join `activity` `v`) where ((`a`.`person_id` = `p`.`id`) and (`a`.`activity_id` = `v`.`id`));
